outlet,medium,home_system,languages,ownership_or_affiliation,audience_evidence,social_reach_evidence,evidence_period,evidence_source,evidence_url,confidence,tier,tier_rationale,notes
Fox News,tv+online,us,en,Fox Corporation (Murdoch); right-leaning,"DNR US 2025: 32% weekly offline (#1), 22% online (#2). DNR notes Fox gained audience as Trump returned to power","FB 37M; IG 12.2M; YT 15.5M; TikTok 11.7M; X 29.4M. Aggregate ~106M (2026-09-05; per-account URLs in social-counts-raw/)",2025-2026,DNR 2025 full report p.119; social lookups (grok CLI),https://reutersinstitute.politics.ox.ac.uk/sites/default/files/2025-06/Digital_News-Report_2025.pdf,high,mass,Axis A strong (32%/22%) + axis B strong (~106M) = 2 strong,Dominant right-leaning outlet in a bifurcated market; DNR trust: 43% trust / 40% distrust - most polarized profile
CNN,tv+online,us,en,Warner Bros. Discovery,"DNR US 2025: 28% weekly offline, 23% online (#1 online). DNR notes CNN did not benefit as progressives pulled back","FB 43.7M; IG 23.5M; YT 19.8M; TikTok 15.9M; X 61.8M. Aggregate ~165M - largest measured (2026-09-05)",2025-2026,DNR 2025 full report p.119; social lookups (grok CLI),https://reutersinstitute.politics.ox.ac.uk/sites/default/files/2025-06/Digital_News-Report_2025.pdf,high,mass,Axis A strong (28%/23%) + axis B strong (~165M) = 2 strong,Old corpus already used CNN transcripts - transcript route carries to step 2. Sister accounts (CNNEE/CNNBRK) excluded
ABC News,tv+online,us,en,Disney,"DNR US 2025: 19% weekly offline, 10% online","FB 22.6M; IG 5.8M; YT 19.8M; TikTok 16M; X 18.6M (@ABC - 'only official ABC News account'). Aggregate ~83M (2026-09-05)",2025-2026,DNR 2025 full report p.119; social lookups (grok CLI),https://reutersinstitute.politics.ox.ac.uk/sites/default/files/2025-06/Digital_News-Report_2025.pdf,high,mass,Axis A strong (19%) + axis B strong (~83M) = 2 strong,Disambiguation: NOT Australian ABC (which is in the old corpus separately)
CBS News,tv+online,us,en,Paramount,"DNR US 2025: 19% weekly offline, 10% online. DNR trust: among most-trusted legacy networks","FB 12.9M; IG 3.2M; YT 7.1M; TikTok 12.9M; X 9.8M. Aggregate ~46M (2026-09-05)",2025-2026,DNR 2025 full report p.119; social lookups (grok CLI),https://reutersinstitute.politics.ox.ac.uk/sites/default/files/2025-06/Digital_News-Report_2025.pdf,high,mass,Axis A strong (19%) + axis B strong (~46M) = 2 strong,60 Minutes (Dec 2024 pager-attack interview) is a CBS property - event-milestone relevance
NBC News,tv+online,us,en,Comcast/NBCUniversal,"DNR US 2025: 16% weekly offline / 10% online - measured jointly as 'NBC/MSNBC News' (attribution note)","FB 16.3M; IG 4.6M; YT 12.1M; TikTok 12.3M; X 9.3M. Aggregate ~55M (2026-09-05)",2025-2026,DNR 2025 full report p.119; social lookups (grok CLI),https://reutersinstitute.politics.ox.ac.uk/sites/default/files/2025-06/Digital_News-Report_2025.pdf,high,mass,Axis A strong (16% joint measure - NBC is the larger partner) + axis B strong (~55M) = 2 strong,DNR measures NBC and MSNBC as one brand item; joint-measure caveat documented here and on the MS NOW row
MS NOW (formerly MSNBC),tv+online,us,en,"Versant (spun off from Comcast); rebranded MS NOW Nov 2025; left-leaning","DNR US 2025 measures it only inside the joint 'NBC/MSNBC News' 16%/10% item - not brand-attributable","FB 4.8M; IG 2.7M; YT 10M; TikTok 7.8M; X 5M. Aggregate ~30M (2026-09-05)",2025-2026,DNR 2025 full report p.119; social lookups (grok CLI),https://reutersinstitute.politics.ox.ac.uk/sites/default/files/2025-06/Digital_News-Report_2025.pdf,medium,substantial,Axis B strong (~30M) = 1 strong; axis A not brand-attributable (joint measure) - candidate mass FLAG FOR REVIEW,Post-spinoff separate company from NBC News; collection must use ms.now domain (msnbc.com redirects)
New York Times,print+online,us,en,NYT Company,"DNR US 2025: 16% online / 13% offline weekly","FB 22M; IG 20.4M; YT ~5.25M; TikTok ~3.8M; X 53.9M. Aggregate ~105M (2026-09-05)",2025-2026,DNR 2025 full report p.119; social lookups (copilot CLI),https://reutersinstitute.politics.ox.ac.uk/sites/default/files/2025-06/Digital_News-Report_2025.pdf,high,mass,Axis A strong (16%) + axis B strong (~105M) = 2 strong,Central to the event's investigative record (BAC Consulting/Mossad reporting cited worldwide incl. Hungary). Paywalled - step-2 route needed
Washington Post,print+online,us,en,Jeff Bezos (Nash Holdings),"DNR US 2025: 10% online / 8% offline weekly","FB 7.9M; IG 7.6M; YT ~2.85M; TikTok ~2M; X 19.3M. Aggregate ~40M (2026-09-05)",2025-2026,DNR 2025 full report p.119; social lookups (copilot CLI),https://reutersinstitute.politics.ox.ac.uk/sites/default/files/2025-06/Digital_News-Report_2025.pdf,high,mass,Axis A strong (10% online) + axis B strong (~40M) = 2 strong,Event-record relevance: WaPo among top upstream sources in old corpus. Paywalled
Yahoo News,online,us,en,Yahoo Inc. (Apollo Global),"DNR US 2025: 18% online weekly (#3 online brand). Editorial newsroom exists (unlike MSN)","Brand social presence minimal/unverified: X 958K; FB/IG/TikTok/YT counts not found - portal distribution pattern (2026-09-05)",2025-2026,DNR 2025 full report p.119; social lookups (codex CLI),https://reutersinstitute.politics.ox.ac.uk/sites/default/files/2025-06/Digital_News-Report_2025.pdf,medium,mass,Portal exception: axis B structurally unrepresentative for portal distribution; axis A >= 15% in two vintages (DNR 2024: 16%; 2025: 18%) - single-source flag retired by review-1,Third portal-exception case after t-online (granted) and web.de (denied); heavy aggregation with some original reporting - provenance labeling essential in collection
USA Today,print+online,us,en,Gannett,"DNR US 2025: 12% offline / 12% online weekly; DNR 2024: 12% offline / 13% online","FB 10.5M; IG ~4M; TikTok 5.4M; YT 7.55M (@USATODAY, LIVE-VERIFIED 2026-09-05 from page metadata); X not verifiable. Aggregate ~27.5M verified (2026-09-05)",2024-2026,DNR 2025 full report p.119; DNR 2024 p.115; social lookups (copilot CLI); live YT fetch,https://reutersinstitute.politics.ox.ac.uk/sites/default/files/2025-06/Digital_News-Report_2025.pdf; https://www.youtube.com/@USATODAY/about,high,mass,Axis A strong (12% both vintages) + axis B strong (~27.5M verified after live YT fetch) = 2 strong (promoted from substantial per review-1 route),Gannett network also anchors the local-newspaper layer (see category row)
Wall Street Journal,print+online,us,en,News Corp (Murdoch),"DNR US 2025: 10% online / 8% offline weekly (offline corrected by review-1)","FB 8.1M; IG ~6M; TikTok 1.1M (@wallstreetjournal - @wsj TikTok is squatted); YT 6.68M per SocialBlade US-news list (review-1) - verify live; X not verifiable (~20M historically). Aggregate ~21.7M partial (2026-09-05)",2025-2026,DNR 2025 full report p.119; social lookups (copilot CLI),https://reutersinstitute.politics.ox.ac.uk/sites/default/files/2025-06/Digital_News-Report_2025.pdf,medium,substantial,Axis A strong (10%) + axis B weak (partial ~15M; X/YT unverified) = 1 strong; candidate mass if X count verifies >=  the strong bar - FLAG,Hard paywall - step-2 route needed
BBC News,tv+online,international,en,UK public broadcaster,"DNR US 2025: 16% offline / 13% online weekly IN THE US - highest international-brand reach; among most-trusted brands in US trust table","Global accounts region-wide - not a US axis-B signal",2025-2026,DNR 2025 full report p.119,https://reutersinstitute.politics.ox.ac.uk/sites/default/files/2025-06/Digital_News-Report_2025.pdf,high,substantial,Axis A strong (16% US-measured) = 1 strong; mass blocked only by absence of US-specific axis B,Unlike Lebanon (unresolved) and Germany (below chart floor) - the US BBC reach is survey-measured
NPR,radio+online,us,en,Public nonprofit,"DNR US 2025: 7% offline weekly (incl. local NPR stations)","FB 7.8M; IG 8.3M; YT 872K; TikTok 1.8M; X 7.7M. Aggregate ~26.5M (2026-09-05)",2025-2026,DNR 2025 full report p.119; social lookups (grok CLI),https://reutersinstitute.politics.ox.ac.uk/sites/default/files/2025-06/Digital_News-Report_2025.pdf,high,substantial,Axis B strong (~26.5M) + axis A weak (7%) = 1 strong,Transcript source in old corpus; public-radio baseline
New York Post,print+online,us,en,News Corp (Murdoch); tabloid,"DNR US 2025: 8% offline / 7% online weekly (v1 transcription corrected by review-1); DNR 2024: 8% offline / 8% online","FB 8.6M; IG 2.6M; YT 2.56M; X 3.9M; TikTok not found. Aggregate ~17.7M (2026-09-05)",2025-2026,DNR 2025 full report p.119; social lookups (codex CLI),https://reutersinstitute.politics.ox.ac.uk/sites/default/files/2025-06/Digital_News-Report_2025.pdf,high,substantial,Axis A weak (9%/8%) + axis B weak (~17.7M) = 2 weak,Tabloid framing pole (Bild-analog)
Joe Rogan Experience,podcast+video,us,en,Independent (Spotify licensing),"DNR US 2025 special measure: 22% of US sample encountered his news/commentary in the survey week; #1 US Spotify podcast. Caveat: 'came across' is encounter not deliberate use","YT count not verified this pass (PowerfulJRE); Spotify follower count not public",2025-2026,DNR 2025 (executive summary + p.13); Spotify charts,https://reutersinstitute.politics.ox.ac.uk/digital-news-report/2025/dnr-executive-summary; https://podcastcharts.byspotify.com/us/top-podcasts,medium,substantial,"Axis A-class strong signal (22% weekly encounter, purpose-built survey) = 1 strong; candidate mass - encounter-vs-use caveat keeps it at 1 signal FLAG FOR REVIEW",Creator layer entry; over-indexes young men and low-trust-in-media audiences per DNR
The Daily Wire / Ben Shapiro,online+podcast,us,en,Daily Wire (Shapiro/Boreing); right,"DNR 2025 p.13 encounter graph: Shapiro 12% weekly (review-1 extracted the printed value v1 missed). Ben Shapiro Show #9 US podcast (Podtrac Nov 2025)","Brand: YT 3.23M, IG 2.65M. Shapiro personal: YT 6.98M, IG 4.5M, X 8.7M (Jul 2026 snapshot). Combined ~26M mixing brand+personal accounts (2026-09-05)",2025-2026,DNR 2025; Podtrac; social lookups (codex CLI),https://analytics.podtrac.com/podcast-rankings,medium,substantial,"Axis B strong (~26M combined, but brand/personal mixing discounts confidence) = 1 strong",Brand-vs-personality accounting must be settled before collection weighting
Tucker Carlson Network,online+podcast,us,en,Tucker Carlson (independent since Fox exit),"DNR US 2025 special measure: 14% encountered his news/commentary in survey week; Tucker Carlson Show #7 US Spotify podcast","TCN: YT 2.02M; X 924K. Aggregate ~2.9M brand-side (2026-09-05)",2025-2026,DNR 2025; Podscan; social lookups (codex CLI),https://podscan.fm/charts/us,medium,substantial,Axis A-class strong (14% weekly encounter) = 1 strong; encounter caveat as with Rogan,-
Megyn Kelly,podcast+video,us,en,Independent (Devil May Care Media); right,"DNR 2025 p.13 encounter graph: 14% weekly encounter - same measure and value as Tucker Carlson (row added by review-1 consistency finding)","Not gathered this pass (round 2)",2025,DNR 2025 p.13 (review-1 extraction),https://reutersinstitute.politics.ox.ac.uk/sites/default/files/2025-06/Digital_News-Report_2025.pdf,medium,substantial,Axis A-class strong (14% weekly encounter) = 1 strong; same encounter caveat as Rogan/Carlson,Creator-layer consistency: identical evidence must yield identical tiers
Candace Owens,podcast+video,us,en,Independent; right,"DNR 2025 p.13 encounter graph: 13% weekly encounter (row added by review-1 consistency finding)","Not gathered this pass (round 2)",2025,DNR 2025 p.13 (review-1 extraction),https://reutersinstitute.politics.ox.ac.uk/sites/default/files/2025-06/Digital_News-Report_2025.pdf,medium,substantial,Axis A-class strong (13% weekly encounter) = 1 strong; encounter caveat applies,Event-relevant: her commentary reached Middle East-adjacent framings; verify handles in round 2
MeidasTouch,online+podcast,us,en,Meiselas brothers; left,"MeidasTouch Podcast reached #1 on YouTube weekly podcast chart Jul 2025","YT 6.44M subscribers (HypeAuditor); TikTok/other counts not found (2026-09-05)",2025-2026,social lookups (codex CLI); HypeAuditor,https://hypeauditor.com/youtube/UC9r9HYFxEQOBXSopFS61ZWg/,medium,substantial,Axis B weak (6.4M partial) + axis D weak (documented #1 YouTube podcast chart) = 2 weak,Left creator-layer counterpart to Daily Wire; fastest-growing in set
Newsmax,tv+online,us,en,Newsmax Inc. (Ruddy); right,"DNR 2024 US chart (event-period vintage): 8% offline / 8% online weekly - review-1 correction: v1's 'not in DNR chart' was true of 2025 only. Pew Mar 2025: 8% of US adults regularly get news from Newsmax","FB 6.2M; X 3.7M (live ~3.67M corroborated); IG 2.2M; YT 2.59M (SocialBlade corroborated); TikTok 188K. Aggregate ~15M mainstream platforms (IR's 25M headline includes Truth Social/Gettr - not credited). (2026-09-05)",2024-2026,DNR 2024 US p.115 (review-1); Pew political typology; social lookups; Newsmax IR,https://www.pewresearch.org/politics/2026/06/10/how-voting-political-participation-and-news-sources-differ-across-political-typology-groups/; https://ir.newsmax.com/news/news-details/2026/Newsmax-Surpasses-25-Million-Social-Media-Followers/default.aspx,medium,substantial,Axis A weak (8%/8% in event-period DNR 2024; Pew 8% corroborates) + axis B weak (~15M) = 2 weak -> substantial (re-tiered from niche on review-1's vintage finding),Dropped below the DNR chart floor by 2025 - event-period tier differs from current; both documented
One America News,tv+online,us,en,Herring Networks; right,"Not in DNR brand chart; lost major carriage 2022","YT 1.43M; FB 4.45M (tracker); X suspended 2022, no current account found. Aggregate ~5.9M (2026-09-05)",2026,social lookups (codex CLI),https://socialblade.com/youtube/handle/oann,low,niche,Axis B weak (~5.9M) = 1 weak,-
Breaking Points,podcast+video,us,en,Independent (Ball/Enjeti); anti-establishment,"#72 US Spotify podcast (Mar 2026)","YT 2.09M; other platforms not verified (2026-09-05)",2026,social lookups (codex CLI),https://socialblade.com/youtube/handle/breakingpoints,medium,niche,Axis B below weak band (~2.1M) = measured small,-
PBS NewsHour / PBS News,tv+online,us,en,Public broadcaster,"Not individually in DNR brand chart (below NPR's 7%)","FB 3.1M; IG 1.2M; YT 5.4M; TikTok 3.2M; X 1.2M. Aggregate ~14.1M (2026-09-05)",2025-2026,social lookups (grok CLI),https://linktr.ee/pbsnews,high,niche,Axis B weak (~14.1M) + no charted axis A = 1 weak,Transcript value for collection regardless of tier (old-corpus precedent)
Los Angeles Times,print+online,us,en,Patrick Soon-Shiong,"Not in DNR brand chart","FB 3M; IG ~1M; YT 701K; TikTok 751K; X 3.8M. Aggregate ~9.3M (2026-09-05)",2026,social lookups (copilot CLI),https://www.latimes.com,medium,niche,Axis B weak (~9.3M) = 1 weak,Was in old-approach reach config as substantial - reach-derived tier here is niche
Axios,online,us,en,Cox Enterprises,"Not in DNR brand chart","FB 603K (@axiosnews - site's own schema links a dead FB page); IG 335K; YT 114K; TikTok 10.4K (@axios.com); X 855K. Aggregate ~1.9M (2026-09-05)",2026,social lookups (copilot CLI),https://www.axios.com,medium,niche,Axis B below weak band (~1.9M) = measured small,In old corpus (terror-headline finding); analytical value independent of tier
Al Jazeera English,tv+online,pan-arab,en,Qatari state-funded,"DNR US 2025: 7% weekly offline reach IN THE US - but 2025-only: absent from the DNR 2024 (event-period) chart (review-1). Survey-measured unlike in Lebanon/Germany censuses","Global accounts region-wide - not a US axis-B signal",2025,DNR 2025 full report p.119,https://reutersinstitute.politics.ox.ac.uk/sites/default/files/2025-06/Digital_News-Report_2025.pdf,medium,niche,Axis A weak (7% offline) = 1 weak,Cross-census note: AJ is measured 7% in the US while its Lebanon reach (candidate mass) remains unresolved - the US census cannot resolve the Lebanon row
N+ Univision (Noticias Univision),tv+online,us,es,"TelevisaUnivision; rebranded from Noticias Univision to N+ Univision Jan 2026","Nielsen 2024: Noticiero Univision averaged 1.2M total viewers - #1 evening news among US Hispanics for the 32nd consecutive year, outpacing English networks' combined Hispanic viewership. Pew Mar 2024: Univision/Telemundo are the key news providers for the 24% of US Latinos who prefer news in Spanish (41% of foreign-born get news mostly in Spanish). Not in DNR brand chart (English-language survey frame)","FB 16.3M likes; IG ~3M; YT ~10.4M; TikTok 8.1M; X not obtainable. Aggregate ~37.8M - but heavily Latin-America-wide (Spanish-language accounts; N+ co-brand with Televisa Mexico), so cross-border discount applies (2026-09-05)",2024-2026,TelevisaUnivision/Nielsen releases; Pew 'How Hispanic Americans Get Their News' Mar 2024; social lookups (copilot CLI),https://corporate.televisaunivision.com/press/2024/07/03/univision-2q2024-ratings/; https://www.pewresearch.org/journalism/2024/03/19/how-hispanic-americans-get-their-news/; https://www.facebook.com/nmasunivision,medium,substantial,Axis A weak (national weekly reach ~2-3% from 1.2M daily viewers; subpopulation-dominant) + axis B nominally strong but cross-border-discounted to weak = substantial; documented subpopulation dominance note,#1 news provider within the ~65M US Hispanic population - national tier understates its importance for diaspora framing of a Middle East event. STEP-2 NOTE: Jan 2026 rebrand means event-era URLs/handles are legacy - archive routes must target the 2024 'Noticias Univision' branding
Noticias Telemundo,tv+online,us,es,NBCUniversal/Comcast,"Nielsen 2024: 957K average total viewers (+8% vs 2023, only 6:30pm broadcast evening news with audience growth); first-ever weekly #1 among Spanish-language evening news in 18-49 (Jan 2025). Pew Mar 2024: co-leading Spanish-language news provider. Not in DNR brand chart (English-language survey frame)","FB 16.6M likes; IG ~5M; TikTok 17.7M; YT unverified (@NoticiasdeTelemundo); X not obtainable. Aggregate ~39.3M - Latin-America-wide audiences, cross-border discount applies (2026-09-05)",2024-2026,NBCU/Nielsen releases; Pew Mar 2024; social lookups (copilot CLI),https://nbcuniversalnewsgroup.com/telemundo/2025/01/24/noticias-telemundo-anchored-by-julio-vaqueiro-delivers-first-ever-weekly-win-as-1-spanish-language-evening-newscast-among-adults-18-49/; https://www.pewresearch.org/journalism/2024/03/19/how-hispanic-americans-get-their-news/; https://www.facebook.com/NoticiasTelemundo,medium,substantial,Axis A weak (national ~2% from 957K daily; subpopulation-dominant) + axis B nominally strong but cross-border-discounted = substantial,X handle @TelemundoNews (entertainment mothership @Telemundo excluded); TikTok 17.7M is the largest single-platform count of any US news brand measured except CNN/ABC
Associated Press,wire+online,us,en,Nonprofit cooperative,"DNR trust table entry; primary upstream wire in old corpus (23+ credits)","FB 2.15M; IG ~2M; X @AP verified via apnews.com meta but count not found (2026-09-05)",2025-2026,social lookups (copilot CLI),https://apnews.com,medium,context,Role-based: wire baseline (dpa-analog); apnews.com also consumer-facing - collection includes it as both,White House pool removal (2025) is itself framing-relevant context
Reuters,wire+online,us,en,Thomson Reuters,"Primary upstream wire in old corpus (23 credits - the most)","FB 11.2M; IG ~6M; X/YT/TikTok not verified (2026-09-05)",2026,social lookups (copilot CLI),https://www.reuters.com,medium,context,Role-based: wire baseline,-
Local TV news (category),tv,us,en,"Station groups (Nexstar, Sinclair, TEGNA, Gray...)","DNR US 2025: 27% weekly offline / 14% online as a category - mass-level","Not gathered (category)",2025,DNR 2025 full report p.119,https://reutersinstitute.politics.ox.ac.uk/sites/default/files/2025-06/Digital_News-Report_2025.pdf,medium,context,Category documented; NO representative row (project rationale: foreign/international news on US local TV is network- or wire-syndicated - covered via network and AP rows),Decision mirrors Germany's regional-OeR fold; revisit only if analysis needs local-angle framing (e.g. diaspora-community stations)
Local radio news (category),radio,us,en,"iHeart, Audacy, Cumulus + syndicated talk (Hannity, Levin)","DNR US 2025: 10% weekly offline as a category (12% in 2024). Talkers claims (Hannity 14.5M/wk) are non-scientific - not credited as axis A","Not gathered (category)",2024-2025,DNR 2025 full report p.119 (value corrected by review-1),https://reutersinstitute.politics.ox.ac.uk/sites/default/files/2025-06/Digital_News-Report_2025.pdf,medium,context,Category documented (row added by review-1); no representative row - syndicated conservative talk is show-level Fox-adjacent content; revisit only if talk-radio framing becomes analytically relevant,Mirrors local-TV fold logic
Regional/local newspapers (category),print+online,us,en,"Gannett, McClatchy, Hearst, Alden...","DNR US 2025: 12% offline / 10% online (sites) as a category","Not gathered (category)",2025,DNR 2025 full report p.119,https://reutersinstitute.politics.ox.ac.uk/sites/default/files/2025-06/Digital_News-Report_2025.pdf,medium,context,Category documented; foreign coverage in US local papers is predominantly AP wire - covered via AP row; USA Today row carries the Gannett network,Same fold logic as local TV
