document_id,outlet,raw_path,ratio,classification,evidence
il_abuali_75837,abuali,raw/abuali/r2-4fc1597d9ec8adb6.html.gz,0.667,stored_wrong,רכב שהתפוצץ בו מכשיר קשר.
il_abuali_75819,abuali,raw/abuali/r2-f34453e3172f4ad2.html.gz,0.725,stored_wrong,דוגמא לאחד ממכשירי הקשר שהתפוצצו.
il_abuali_75655,abuali,raw/abuali/live-a0bedcf293cca3cc.html,0.762,stored_wrong,דוגמא למכשירי הזימונית שהתפוצצו בביירות.
il_abuali_75806,abuali,raw/abuali/r2-bba881e198176a6e.html.gz,0.775,stored_wrong,אחד המכשירים שהתפוצצו לפני זמן קצר בביירות.
il_abuali_75843,abuali,raw/abuali/r2-cc392f217b9927be.html.gz,0.797,stored_wrong,לבנון: רכב עולה באש לאחר שהתפוצץ מכשיר קשר בתוכו.
il_abuali_75963,abuali,raw/abuali/r2-6da2eef31fa23800.html.gz,0.797,stored_wrong,"ביירות: פעילי חזבאללה שלקחו חלק במבצע ""זימוניות""."
il_abuali_75804,abuali,raw/abuali/r2-a02caf64c343dec5.html.gz,0.800,stored_wrong,"ע""פ דיווחים לא רשמיים גם מכשירי קשר (PTT) התפוצצו."
il_abuali_75846,abuali,raw/abuali/r2-eca0d54224ec0477.html.gz,0.806,stored_wrong,לבנון: הנזק שנגרם לרכב נוסף שהתפוצץ בתוכו מכשיר קשר.
il_abuali_75830,abuali,raw/abuali/r2-08e5d15c9b7484c1.html.gz,0.812,stored_wrong,עוד דליקות בתוך מבנים בעקבות פיצוץ מכשירי הקשר בלבנון.
il_abuali_75827,abuali,raw/abuali/r2-0d7c94d80af252ad.html.gz,0.823,stored_wrong,זה מה שנותר מאופנוע שהיה בו מכשיר קשר שהתפוצץ היום בלבנון.
il_abuali_75656,abuali,raw/abuali/live-a0bedcf293cca3cc.html,0.837,stored_wrong,אלג'זירה מפי מקורותיה: מכשירי הזימונית פוצצו בטכנולוגיה אלחוטית.
il_abuali_75681,abuali,raw/abuali/r2-f947adace30b26d4.html.gz,0.839,stored_wrong,גם שומרי ראשו של השגריר נפצעו. כולם אוהבים זימוניות של חזבאללה...
il_abuali_75716,abuali,raw/abuali/r2-7439006250bfe543.html.gz,0.839,stored_wrong,רויטרס מפי בכיר בחזבאללה: נסראללה לא נפגע בפיצוץ מכשירי הזימונית.
il_abuali_75823,abuali,raw/abuali/r2-fcb18da00ee27cf5.html.gz,0.843,stored_wrong,מכשירים התפוצצו הערב גם במהלך טקסי ההלוויה של הרוגי חזבאללה מאתמול.
il_abuali_75683,abuali,raw/abuali/r2-814cde3f06852aac.html.gz,0.857,stored_wrong,תוצאה של פיצוץ מכשיר זימונית של פעיל חזבאללה בחדר שינה. הלכה שידת האיפור...
il_abuali_75689,abuali,raw/abuali/r2-a86a4bd0cdb46f36.html.gz,0.865,stored_wrong,"דמשק, סוריה : ארבעה פצועים קשה ברכב באזור כפר סוסה-כתוצאה מפיצוץ מכשירי זימונית."
il_abuali_75824,abuali,raw/abuali/r2-7e5c98a91e102be1.html.gz,0.866,stored_wrong,"זה אחד מסוגי המכשירים שהתפוצצו , ע""פ מקורות לבנוניים - מכשיר מאוד פופולרי בלבנון."
il_abuali_75680,abuali,raw/abuali/r2-bc887781fa234132.html.gz,0.868,stored_wrong,"יכול להיות שלשגריר איראן בלבנון, מג'תבא אמאני, היה מכשיר זימונית של חזבאללה??? 🤔 🤔"
il_abuali_76081,abuali,raw/abuali/r2-6d492e69f59e10e7.html.gz,0.868,stored_wrong,"דוברת מזכ""ל האו""ם: פיצוצי המכשירים בלבנון גרמו להלם ופאניקה גדולים בחברה הלבנונית."
il_abuali_75902,abuali,raw/abuali/r2-377663d1116022ad.html.gz,0.869,stored_wrong,מנהלת התעופה בלבנון מעדכנת נהלים: איסור על העלאת מכשירי זימונית ומכשירי קשר לטיסות.
il_abuali_75814,abuali,raw/abuali/r2-cd72de63abdd57eb.html.gz,0.870,stored_wrong,דיווחים על דליקות בעקבות פיצוץ מכשירי הקשר. חזבאללה באמת צריכים לעבור לדואר יונים...
il_abuali_76268,abuali,raw/abuali/r2-341beb385ab59df9.html.gz,0.872,stored_wrong,"ראש ממשלת לבנון, מיקאתי: 1600 מבין פצועי פיצוצי הזימוניות עדיין מאושפזים בבתי החולים."
il_abuali_75682,abuali,raw/abuali/r2-b7ca5d6665174f54.html.gz,0.877,stored_wrong,"מקור בטחוני לבנוני מאשר ל""רויטרס"": יותר מאלף נפגעים בלבנון כתוצאה מפיצוץ מכשירי הזימונית."
il_abuali_75704,abuali,raw/abuali/r2-9b719e2e1f602b8b.html.gz,0.877,stored_wrong,"חבר הפרלמנט הלבנוני מטעם חזבאללה, עלי עמאר: בני מחמד מהדי נהרג בפיצוץ מכשיר הזימונית שלו."
il_abuali_75803,abuali,raw/abuali/r2-37729b0dbff3d4a0.html.gz,0.877,stored_wrong,מקורות לבנוניים מדווחים על פיצוצים של מכשירי זימונית באזור מסגד אלקאא'ם בדאחיה של ביירות.
il_abuali_75871,abuali,raw/abuali/r2-7fd5fecc2a7dfe74.html.gz,0.877,stored_wrong,שר הבריאות הלבנוני: המכשירים שהתפוצצו היום היו גדולים יותר - מספר הנפגעים צפוי עוד לעלות.
il_abuali_75828,abuali,raw/abuali/r2-8d93b0dda3e4237e.html.gz,0.882,stored_wrong,האתר האמריקאי Axios טוען שישראל פוצצה היום אלפי מכשירי קשר בלבנון במסגרת השלב השני של המתקפה.
il_abuali_75922,abuali,raw/abuali/r2-956240d0ed1acd06.html.gz,0.882,stored_wrong,אבו ח'צ'ר מדיר אלבלח לועג לפעילי חזבאללה בעקבות פיצוץ מכשירי הקשר: הלו? איפה אבא?... אבא כאן?
il_abuali_75801,abuali,raw/abuali/r2-163b6d8fa0f18d3b.html.gz,0.883,stored_wrong,כלי תקשורת לבנוניים לא רשמיים מדווחים על פיצוץ מכשירי זימונית נוספים כעת באזור הדאחיה בביירות.
il_abuali_75687,abuali,raw/abuali/r2-b281f99e579f2c2e.html.gz,0.884,stored_wrong,מקורות לבנוניים מדווחים שהזימוניות שהתפוצצו היו מהדגם החדש אליו שידרגו פעילי חזבאללה לאחרונה...
il_abuali_76103,abuali,raw/abuali/r2-3de09d5ec39d62cf.html.gz,0.884,stored_wrong,"שר הבריאות הלבנוני: מספר ההרוגים הכולל בפיצוצי הזימוניות, מכשירי הקשר והתקיפה בדאחיה הגיע ל 70."
il_abuali_75832,abuali,raw/abuali/r2-a43e17dce4703557.html.gz,0.885,stored_wrong,אתמול זימוניות. היום מכשירי קשר. מה יבוא מחר??? יכולת התקשורת של פעילי חזבאללה משותקת (גם מפחד).
il_abuali_75912,abuali,raw/abuali/r2-96e15f5fcc3240b2.html.gz,0.886,stored_wrong,"צבא לבנון מפוצץ באופן מבוקר באזורים שונים בלבנון, מכשירי קשר וזימוניות מחשש שהם מכילים חומרי נפץ."
il_abuali_75918,abuali,raw/abuali/r2-92674c9fc18b9cc1.html.gz,0.889,stored_wrong,רשת אלמנאר הלבנונית מפי שר הבריאות הלבנוני: בפיצוץ מכשירי הקשר אתמול בלבנון נהרגו 25 איש ונפצעו 608.
il_abuali_75990,abuali,raw/abuali/r2-8a439bec3ae28c4d.html.gz,0.889,stored_wrong,דיווחים ראשוניים ממקורות לא רשמיים על התפוצצות מכשירי קשר מסוג baofeng באזורים שונים בלבנון בשעה זו.
il_abuali_75876,abuali,raw/abuali/r2-6e615ab8ff5ce883.html.gz,0.891,stored_wrong,משרד הבריאות הלבנוני: מספר ההרוגים בפיצוצי מכשירי הקשר היום עלה ל 20. מספר הפצועים עומד על יותר מ 450.
il_abuali_75821,abuali,raw/abuali/r2-c17e7b51ca5d2c1f.html.gz,0.893,stored_wrong,"דיווח ראשוני על תקיפת רכב באזור זבקין בדרום לבנון בידי כטב""מ ישראלי. לא הייתי פוסל שהתפוצץ לו מכשיר קשר."
il_abuali_75764,abuali,raw/abuali/r2-0d88a53797b53a25.html.gz,0.895,stored_wrong,החברה הטייואנית Gold Apollo : מכשירי הזימונית שהתפוצצו בידי פעילי חזבאללה היו מתוצרת השותפה ההונגרית שלנו.
il_abuali_75732,abuali,raw/abuali/r2-55fac5d551d9f776.html.gz,0.898,stored_wrong,מקורות המזוהים עם הציר השיעי: לפחות עשרה הרוגים לחזבאללה היום (כתוצאה מהתקיפות בדרום לבנון ופיצוצי הזימוניות).
il_kikar_cc202167d1,kikar,raw/kikar/cc202167d19aa8b4.html,0.017,stored_wrong,לבנון מוכה בשנית: בדקות האחרונות החלו להתפוצץ בזה אחר זה מחבלי חיזבאללה שלא נפגעו אתמול מפיצוץ הביפרים. בלבנון מדווחים היום (רביעי) כי פעילי חיזבאללה
il_kikar_e0cc9bc44d,kikar,raw/kikar/r2-e0cc9bc44d129ae0.html.gz,0.020,stored_wrong,"בלבנון מעדכנים כי מספר הנפגעים במתקפת הביפרים המיוחסת לישראל היום (שלישי) ל-4,000 פצועים, מתוכם 400 מוגדרים אנוש. בישראל מעריכים כי ארגון הטרור חיזבאל"
il_kikar_c9c67fb992,kikar,raw/kikar/c9c67fb992d168fd.html,0.022,stored_wrong,"בסוכנות הידיעות רויטרס מדווחים היום (שני) בידיעה בלעדית על הבהלה הגדולה שנוצרה בקרב משמרות המהפכה לאחר מתקפת הביפרים המיוחסת לישראל. לפי הדיווח, זמן מ"
il_kikar_d7845b3b06,kikar,raw/kikar/r2-d7845b3b06f78ace.html.gz,0.024,stored_wrong,"צה""ל חושף הערב (שלישי) תיעודים וקולות הקשר של לוחמי חטיבת הנח""ל הפועלים בשבועות האחרונים במרחב רפיח בדרום רצועת עזה, שם הם נתקלים במחבלים חמושים ובלוח"
il_kikar_a870a3c508,kikar,raw/kikar/a870a3c508c08973.html,0.029,stored_wrong,"הזמר מענדי ג'רופי, פרסם היום (חמישי) פוסט ברשת החברתית תחת הכותרת: ""הכרת הטוב לביפר"". הפוסט המלא אגב פיצוץ הביפרים, כמובן, לאחר ברכת ""להודות ולהלל לשמ"
il_kikar_3e79e36d73,kikar,raw/kikar/r2-3e79e36d73e6ee98.html.gz,0.041,stored_wrong,"פיצוץ הביפרים בלבנון עשוי להוביל למלחמה כוללת בצפון. בצה""ל נערכים לאפשרות של התרחבות הזירה הצפונית ולשם כך הוחלט להעלות את לוחמי אוגדה 98 הפועלים ברצו"
il_kikar_786735c51c,kikar,raw/kikar/r2-786735c51ce7b41b.html.gz,0.064,stored_wrong,"פיצוצי הביפרים ומכשירי הקשר בלבנון שהביאו לפציעתם של אלפים, הגיעו גם לאזני הממשל בטהרן, הנשיא האיראני מסעוד פזשכיאן הגיב לאירוע והאשים את ישראל שטרם ל"
il_kikar_5cdcb9b74d,kikar,raw/kikar/5cdcb9b74d891fa6.html,0.176,stored_wrong,"בלבנון, ובעולם כולו, סוערים מהאירוע שנראה כאילו נלקח מהסרטים הבדיוניים ביותר – מתקפה מרחוק (בדרכים שעדיין אינן ברורות) שהובילה לפיצוץ כ-5,000 מכשירי """
il_kikar_99fcbbf3a4,kikar,raw/kikar/r2-99fcbbf3a458c7c8.html.gz,0.194,stored_wrong,"לאחר חיסול ראש אגף המבצעים של חיזבאללה וצמרת 'כוח רדואן', המלחמה בצפון עולה שלב ומאז הלילה (בין מוצאי שבת לראשון) שוגרו מטחים כבדים לעבר עמק יזראל והק"
il_kikar_0e0bc3ddb6,kikar,raw/kikar/0e0bc3ddb60b4f32.html,0.236,stored_wrong,"0:00/0:19 מחבל מתפוצץ במתקפת הביפרים בלבנון (צילום: רשתות חברתיות - שימוש ע""פ סעיף 27א לזכויות יוצרים)"
il_kikar_13671679b8,kikar,raw/kikar/13671679b8337ef8.html,0.237,stored_wrong,"הסוללות. הן היו סוד ההצלחה של מתקפת הביפרים, ודרך התחבולה בה נקט המוסד לפי פרסומים זרים כדי להוציא מכלל פעולה אלפי לוחמי חיזבאללה במכה אחת. הביפרים שנ"
il_kikar_a3c1ac80e7,kikar,raw/kikar/r2-a3c1ac80e7de49e2.html.gz,0.240,stored_wrong,"ארגון הטרור הלבנוני חיזבאללה סופג מכות אנושות. אחרי הפיצוצים המסתוריים אתמול ברחבי המדינה, שהובילו לאלפי מחבלים פצועים ולהרוגים, גם היום (רביעי) התפוצ"
il_kikar_13b0dde8ca,kikar,raw/kikar/13b0dde8caae9247.html,0.260,stored_wrong,"מתקפת הביפרים בלבנון, שהתקיימה השבוע בשתי פעימות בימים שלישי ורביעי, ובה נפצעואלפי מחבלי חיזבאללה - תוכננה כ-15 שנה לפחות. גורמי בכירים אמריקניים אמרו"
il_kikar_c94cfa701e,kikar,raw/kikar/c94cfa701e133a9d.html,0.270,stored_wrong,"מבצע הביפרים שבוצע היום (שלישי) כנגד בכירי חיזבאללה ומיוחס לישראל לפי דיווחים זרים, הצליח לתפוס את הכותרות הראשיות ברוב העיתונים המובילים. בעיתון ה'ני"
il_kikar_494070c4cd,kikar,raw/kikar/494070c4cd33386f.html,0.322,stored_wrong,"פיצוץ הביפרים: דיווחים המגיעים מסוריה מלמדים על כך שפעילי ארגון הטרור חיזבאללה, ששהו מחוץ לתחומי לבנון, לא ניצלו מהמתקפה חסרת התקדים המיוחסת לישראל, ו"
il_kikar_aabf81ec32,kikar,raw/kikar/r2-aabf81ec32e39a2f.html.gz,0.333,stored_wrong,"ישראל שינתה את מאזן הכוחות בצפון הארץ, ובימים האחרונים יצאה למתקפות נרחבות ברחבי לבנון, כולל חיסולי בכירים בחיזבאללה - וכמובן יש את מתקפת הביפרים שעד"
il_kikar_eb9350c551,kikar,raw/kikar/r2-eb9350c55141b1ff.html.gz,0.361,stored_wrong,"ברקע הדריכות בגבול הצפוני והשקט שהופר לפני זמן קצר היום (רביעי) עם השיגורים ליישובים רבים בגליל העליון והגליל המערבי, בצה""ל מעדכנים כי כוחות צה״ל בפיק"
il_kikar_aaea8f40fb,kikar,raw/kikar/aaea8f40fbdd03a8.html,0.382,stored_wrong,"""החיסול של ישראל היה מהלך מבריק"", אמר אמש (שבת) גורם ""המכיר את החשיבה הישראלית"" בפני כתבי סוכנות הידיעות 'רויטרס'. האתגר הגדול ביותר של חיזבאללה כעת י"
il_kikar_14dc0a19c0,kikar,raw/kikar/r2-14dc0a19c0e58960.html.gz,0.397,stored_wrong,"חשיפת 'זופניק': שורת אנשי תקשורת ובכירים חרדים המשתמשים באייפון ירחם השם, נתקלו בשבוע האחרון בתקלות חמורות באפליקציית הוואטסאפ - עד שכל ההיסטוריה נמחק"
il_kikar_1a02f16d3d,kikar,raw/kikar/1a02f16d3d1a0e2c.html,0.397,stored_wrong,"ישראל לא תכננה לפוצץ את אלפי הביפרים אתמול אך הוחלט לצאת למבצע לאחר שפעילי ארגון הטרור חיזבאללה החלו לחשוד במכשירים, כך דיווח היום (רביעי) אתר החדשות"
il_kikar_4e84dd272c,kikar,raw/kikar/4e84dd272cad9c41.html,0.411,stored_wrong,"אחמד ארדסטני, חבר וועדת החוץ והביטחון של הפרלמנט האיראני, טען בריאיון שהעניק לכלי תקשורת באיראן, שהנשיא לשעבר ראיסי החזיק בביפר, מסוג הביפרים שהתפוצץ"
il_kikar_9c9a5a5651,kikar,raw/kikar/9c9a5a5651d9c9ef.html,0.430,stored_wrong,"מבצע פיצוץ הביפרים - פרטים חדשים: ישראל שתלה חומרי נפץ במכשירי הקשר שהתפוצצו בלבנון ובסוריה, כך דווח הלילה (רביעי) ב""ניו יורק טיימס"". חיזבאללה הודיע ב"
il_kikar_1ac017e03f,kikar,raw/kikar/r2-1ac017e03f343d80.html.gz,0.431,stored_wrong,"מי ברעש טרגדיה בצפון: תלמיד ישיבה נהרג בתאונת דרכים עצמית בכביש 77, לאחר שהנהג נבעת למשמע האזעקות במרחב הגליל התחתון וכתוצאה מכך התנגש בגדר הבטיחות. י"
il_kikar_5d1e3e6c64,kikar,raw/kikar/r2-5d1e3e6c64499f17.html.gz,0.434,stored_wrong,"בעוד ישראל וחיזבאללה מחליפים מהלומות זה כבר כמעט שנה, מאז השמונה באוקטובר, בשבוע שעבר התרחש שינוי מאזן לטובתה של ישראל. בעיתון ה'ניו יורק טיימס' ניסו"
il_kikar_a5de7caca9,kikar,raw/kikar/a5de7caca9b68a95.html,0.455,stored_wrong,"מקור בכיר בחיזבאללה אמר היום (רביעי) לסוכנות הידיעות 'רויטרס' כי הארגון איבד 1,500 לוחמים במתקפת הביפרים המיוחסת לישראל. לפי הדיווח, מתוך אותם לוחמים,"
il_kikar_361888163b,kikar,raw/kikar/361888163b29a73b.html,0.464,stored_wrong,"וכי ידיו של משה עושות מלחמה? 150 טילים בליסטיים, כל אחד מהם עם חצי טון חומר נפץ, שיגר אלינו הערב בורא עולם, היישר מזרועותיו אל ארץ הקודש, ערב אחד לפני"
il_kikar_6d7b5f3531,kikar,raw/kikar/r2-6d7b5f3531b4f3e1.html.gz,0.488,stored_wrong,"דובר צה""ל מעדכן הלילה (ראשון) כי מטוסי קרב של חיל האוויר, בהכוונת אמ""ן ופיקוד הצפון, תקפו כ-290 מטרות, בהם משגרים ואלפי קנים, לצד תשתיות צבאיות נוספות"
il_kikar_d3a1e9eecb,kikar,raw/kikar/d3a1e9eecb86bc71.html,0.495,stored_wrong,"שעה קלה לאחר השיגורים הבוקר (ראשון) לעבר חיפה והקריות, ארגון הטרור חיזבאללה לוקח אחריות על הירי. בהודעת ארגון הטרור נאמר כי הארגון שיגר עשרות רקטות מס"
il_kikar_ce967787da,kikar,raw/kikar/r2-ce967787dabea25e.html.gz,0.519,stored_wrong,"ארגון הטרור חיזבאללה הודיע לפני זמן קצר הערב (שלישי), כי הוא רואה ב""אויב הישראלי"" את האחראי הישיר לאירוע פיצוץ הביפרים - מכשירי הקשר שהתפוצצו מוקדם יו"
il_kikar_6a30f10d58,kikar,raw/kikar/r2-6a30f10d5850b0ef.html.gz,0.521,stored_wrong,"מטוסי חיל האוויר תקפו הערב (חמישי) בגל תקיפות חריג וחסר תקדים, עשרות רבות של מטרות חיזבאללה בדרום לבנון. לפי דיווחים, מדובר באחת המתקפות הנרחבות ביותר"
il_kikar_961c096c9b,kikar,raw/kikar/r2-961c096c9b843ebb.html.gz,0.533,stored_wrong,"מסעוד פזשכיאן, נשיא איראן בחודשים האחרונים, שהתפרסם באמירותיו הפרגמטיות, הפתיע השבוע גורמים אמריקנים, כשאמר כי איראן מוכנה להניח את נשקה - אם גם ישראל"
il_kikar_aeeede0432,kikar,raw/kikar/r2-aeeede0432d0f2b7.html.gz,0.544,stored_wrong,"מזכ""ל חיזבאללה חסן נסראללה נאם היום באופן מיוחד בעקבות אירועי הפיצוצים ומתקפת הביפרים על לוחמי ארגון הטרור. בתחילת דבריו הדגיש נסראללה כי נאומו לא היה"
il_kikar_29e9069f80,kikar,raw/kikar/r2-29e9069f8063d652.html.gz,0.560,stored_wrong,"ארגון הטרור חיזבאללה מגביר היום (חמישי) את קצב השיגורים לעבר הצפון. שעות לאחר האירוע הקשה הבוקר בגליל העליון, בו נפצעו ישראלים רבים כתוצאה מפגיעה ישיר"
il_kikar_bcb1abbf76,kikar,raw/kikar/bcb1abbf76ec9799.html,0.572,stored_wrong,"פיצוץ הביפרים בלבנון ובסוריה מוסיף להמם את העולם. ברשת סקיי ניוז בערבית, דיווחו הערב (שלישי) כי מי שאחראי לפעולה המתוחכמת הוא לא אחר מאשר המוסד הישראל"
il_kikar_6badddcef3,kikar,raw/kikar/r2-6badddcef31ea1d7.html.gz,0.578,stored_wrong,"אחרי רצף הפיצוצים בלבנון, עליו ישראל לא נטלה אחריות באופן רשמי, במערכת הביטחון נערכים לחילופי מהלומות כבדים בצפון מול חיזבאללה. הערב (חמישי) צוטטו באת"
il_kikar_a0bb73b7f0,kikar,raw/kikar/r2-a0bb73b7f0fca9ae.html.gz,0.586,stored_wrong,"לפי דיווחים זרים, ישראל עומדת מאחורי המתקפות הטכנולוגיות החכמות על אדמת לבנון וסוריה השבוע, שגבו את חייהם של עשרות מחבלים מארגון חיזבאללה, ואלפים מהם"
il_kikar_49f3092a6e,kikar,raw/kikar/49f3092a6e85dd3f.html,0.644,stored_wrong,"אתר החדשות ""טלקס"" דיווח כי מי שסיפקה בפועל את הביפרים המתפוצצים לארגון הטרור חיזבאללה, הייתה חברה בשם ""נורטה גלובל בע""מ"" שמקום מושבה כפי שמופיע באתר ה"
il_kikar_6e4e7135a2,kikar,raw/kikar/r2-6e4e7135a2ae9f96.html.gz,0.651,stored_wrong,"בעוד בצה""ל נערכים לקראת מלחמה כוללת עם ארגון הטרור חיזבאללה בלבנון על רקע פיצוצי הביפרים ומכשירי הקשר של חיזבאללה, שר החוץ של לבנון, עבדאללה בו חביב,"
il_kikar_6db24871ed,kikar,raw/kikar/r2-6db24871edad2e62.html.gz,0.660,stored_wrong,"דיווח בשבועון הבריטי ""אקונומיסט"" מעלה כי עיקר המערכה בגבול הצפון עוד לפנינו וכי הן מצד החיזבאללה והן מצד ישראל - המילה האחרונה טרם נאמרה. לפי הדיווח,"
il_kikar_d6e00f2704,kikar,raw/kikar/r2-d6e00f2704164de5.html.gz,0.664,stored_wrong,"דובר צה""ל עדכן הערב (חמישי), כי מטוסי קרב של חיל האוויר תקפו בהכוונת אמ""ן ופיקוד הצפון, מאות קני שיגור שהיו מוכנים לשיגור מיידי לשטח מדינת ישראל. ""החל"
il_kikar_b067effbfb,kikar,raw/kikar/b067effbfb0b4aef.html,0.670,stored_wrong,"משטרת הביטחון של נורבגיה פתחה בחקירה לאחר שהתברר כי חברה נורבגית הייתה קשורה לאספקת מכשירי הביפרים לחיזבאללה, כך אמר מקור במשטרה לסוכנות הידיעות 'רויט"
il_kikar_879a67a526,kikar,raw/kikar/r2-879a67a5264b0d96.html.gz,0.674,stored_wrong,אירוע חמור בצפון: חמישה ישראלים נפגעו הבוקר (חמישי) מירי טילים לעבר הגליל העליון. ההסלמה הביטחונית מתרחשת אחרי פיצוצי הביפרים ומכשירי הקשר של חיזבאללה
il_kikar_6dcf890b8d,kikar,raw/kikar/r2-6dcf890b8d5513f1.html.gz,0.675,stored_wrong,"אחרי מתקפות הביפרים והשבוע הפוליטי והביטחוני העמוס שחשף יוזמה חיובית של ממשלת נתניהו, הליכוד ממשיך להוביל על פני המחנה הממלכתי עם 24 מנדטים לעומת 21."
il_kikar_7fd29c5ea9,kikar,raw/kikar/7fd29c5ea9de34d8.html,0.692,stored_wrong,"ארגון הטרור חיזבאללה מתייחס לפני זמן קצר באופן רשמי לאירוע ""פיצוץ הביפרים"" מוקדם יותר היום (שלישי) בלבנון ואישר כי ישנם נפגעים רבים באירוע. בהודעה רשמ"
il_kikar_799595ea13,kikar,raw/kikar/r2-799595ea136938fd.html.gz,0.781,stored_wrong,"ראש הממשלה בנימין נתניהו צפוי להמתין עם תוכניתו לפטר את שר הביטחון יואב גלנט, זאת בשל האירועים המתפתחים בלבנון והמערכה הצפויה לישראל בתקופה הקרובה מול"
il_kikar_0c6a9524ba,kikar,raw/kikar/r2-0c6a9524baec335a.html.gz,0.811,stored_wrong,"אשרף דבור, שגריר ""פלסטין"" בלבנון, מסר כי בהנחיית יו""ר הרשות הפלסטינית מחמוד עבאס (אבו מאזן), נערכו במצב חירום כל המרפאות הפלסטיניות במחנות הפליטים בלב"
il_kikar_b9d894e05c,kikar,raw/kikar/b9d894e05c20f619.html,0.835,stored_wrong,"כחצי יממה לאחר פיצוץ הביפרים בלבנון ופציעתם של אלפי אנשי חיזבאללה, הלילה (רביעי) לאחר השעה 04:30 נשמעו אזעקות בצפון הארץ - כולל בעיר טבריה, בשל חשש לח"
il_kikar_244fafc3e5,kikar,raw/kikar/244fafc3e50eb23d.html,0.861,stored_wrong,"אנדריי מוקובוזצ'יץ, איש תעמולה בלארוסי שעונה למנהיג העליון ולדימיר פוטין, התבטא בעיתונו ""בלארוס היום"" באופן אנטישמי כשהוא משווה את מתקפת הביפרים לשואה"
il_n12_33d664e870,n12,raw/n12/r2-33d664e870ee7d3e.html.gz,0.134,stored_wrong,"שעות לאחר שבתקיפת צה""ל בדאחיה בביירות חוסל איבראהים עקיל, ראש מערך המבצעים של חיזבאללה ומפקד כוח רדואן בפועל, היום (שבת) כבר דווח בלבנון מי מונה להחלי"
il_n12_b34caca309,n12,raw/n12/r2-b34caca309940934.html.gz,0.184,stored_wrong,"שנה שלמה של הסלמה הדרגתית בגבול הצפון, שבמהלכה חיזבאללה העלה את כמות וטווח התקיפות שלו מדי חודש, הגיעה לנקודת רתיחה. בשבוע האחרון צה""ל ביצע בלבנון את"
il_n12_2e94a0a351,n12,raw/n12/r2-2e94a0a351e4f792.html.gz,0.193,stored_wrong,"לאחר שני גלי הפיצוצים של מכשירי הקשר בלבנון, חיזבאללה הודיע ביממה האחרונים על 25 מחבלים משורותיו שחוסלו. ברקע נמשך הכאוס בלבנון שנותרה בהלם מהמתקפה. ב"
il_n12_76744d2a92,n12,raw/n12/r2-76744d2a92359d5e.html.gz,0.266,stored_wrong,"לאחר המכות הכואבות והמשמעותיות שספג בשבוע האחרון, חיזבאללה היה מחויב לתגובה. זו הגיעה בדמות הרחבת טווחי הירי ותקיפת מטרות במרחב חיפה ועמק יזרעאל. הארג"
il_n12_fb580dd849,n12,raw/n12/fb580dd84951fc08.html,0.683,stored_wrong,"כמו בכל אירוע גדול במלחמה הזאת, מיד לאחר שהוא קורה הרשת מגיבה בהתאם עם אינספור בדיחות בנושא. ליקטנו לכם כמה מהממים הכי טובים אבל תסמכו על הצייצנים שעד"
il_n12_76f727ead4,n12,raw/n12/r2-76f727ead4584dcd.html.gz,0.753,stored_wrong,"חברת בית הנבחרים מהמפלגה הדמוקרטית, אלכסנדריה אוקסיו-קורטז, האשימה את ישראל שלשום (רביעי) בפיצוץ הביפרים של פעילי ארגון הטרור חיזבאללה - וטענה: ""מדובר"
il_n12_c5b7aedb1f,n12,raw/n12/r2-c5b7aedb1fde8fcb.html.gz,0.775,stored_wrong,"בכלי תקשורת בלבנון דיווחו היום (רביעי) על פיצוצים ברובע הדאחיה בביירות, ובמוקדים נוספים בדרום לבנון – עם פצועים רבים. לפי חלק מהדיווחים, הסיבה היא פיצ"
il_n12_dc77d87074,n12,raw/n12/r2-dc77d87074a61b49.html.gz,0.824,stored_wrong,"""ערב הביפרים"" הוא ללא ספק הצלחה מודיעינית ומבצעית יוצאת מן הכלל של מי שעומד מאחורי הפעולה. החיבור של איתורית לפעילי חיזבאללה מסוימים, ורק לאותם פעילים"
il_n12_ffc3325683,n12,raw/n12/ffc3325683b29735.html,0.831,stored_wrong,"מנהיג חיזבאללה חסן נסראללה נאם היום (חמישי) בתגובה על מתקפת הביפרים ומכשירי הקשר שבוצעה השבוע בלבנון. ""אין ספק שספגנו מכה קשה - ביטחונית ואנושית"", אמר"
il_n12_0f576e9b1d,n12,raw/n12/0f576e9b1deddfe1.html,0.835,stored_wrong,"כמה אלפי מכשירי קשר צבאיים של מחבלי חיזבאללה התפוצצו היום (רביעי) ברובע הדאחיה בביירות ובאזורים נוספים בדרום לבנון, כך דיווחו כלי התקשורת במדינה. גורם"
il_n12_4ba6ea59c3,n12,raw/n12/r2-4ba6ea59c3d63b7a.html.gz,0.864,stored_wrong,"באחד האירועים הביטחוניים הגדולים שנראו בשנים האחרונות במזרח התיכון היום בצוהריים (שלישי), אלפי מכשירי קשר מסוג ביפרים שהתפוצצו בו-זמנית ברחבי לבנון. ה"
il_n12_4c0d7d27fa,n12,raw/n12/r2-4c0d7d27fa9c2cd5.html.gz,0.865,stored_wrong,"אחרי יומיים רצופים שבהם מכשירי קשר של מחבלי חיזבאללה פוצצו באופן מסתורי, בערוץ אל-חדת' הסעודי דיווחו היום (חמישי) כי חיזבאללה החל בגל מעצרים ועצר כמה"
il_n12_0a5b2f99f1,n12,raw/n12/r2-0a5b2f99f153e407.html.gz,0.866,stored_wrong,"סדרת הפיצוצים של מכשירי הקשר של חיזבאללה הדהימה היום (שלישי) את לבנון. לפחות 9 נהרגו וכ-2,750 נפצעו, כך לפי משרד הבריאות הלבנוני. בכלי התקשורת בעולם מ"
