outlet,medium,home_system,languages,ownership_or_affiliation,audience_evidence,evidence_period,evidence_source,evidence_url,confidence,tier_candidate,notes
LBCI,tv,lebanon,ar,"Daher-Saad family ~50.6%, founded by Lebanese Forces (MOM 2024)","ELKA 2024 via MOM: one of top-4 TV companies jointly holding ~78-80% of TV audience; one MOM rendering cites 25.8% (market leader), another 13% - conflict unresolved. Ipsos/ArabAd 2021: LBCI news bulletin ranked #1 for first time",2024; 2021,Media Ownership Monitor Lebanon 2024 (ELKA); ArabAd/Ipsos,https://lebanon.mom-gmr.org/en/findings/findings/; https://arabadonline.com/en/details/news-in-brief/What-are-the-most-watched-programs-in-Lebanon-Here-is-the-Top-15,medium,mass,Per-outlet 2024 share conflicting between MOM page renderings; needs resolution against MOM PDF or ELKA directly
MTV Lebanon,tv,lebanon,ar,"Gabriel Murr family; pro-March 14 alignment (MOM 2024)","Ipsos Q1-Q2 2018 via MOM outlet page: 32.5% audience share. ELKA 2024 via MOM findings: named among top-4 companies holding ~78-80%",2018; 2024,MOM Lebanon outlet page (Ipsos 2018); MOM 2024 findings (ELKA),https://lebanon.mom-gmr.org/en/media/detail/outlet/mtv/; https://lebanon.mom-gmr.org/en/findings/findings/,medium,mass,2024 individual share not published on fetched pages
Al-Jadeed,tv,lebanon,ar,"Tahseen Khayat family ~58%; critical of March 14 (MOM 2024)","Ipsos Q1-Q2 2018 via MOM outlet page: 35.6% audience share (highest measured). ELKA 2024: named among top-4 companies ~78-80%. Ipsos/ArabAd 2021: Al Jadeed News most-watched news bulletin",2018; 2021; 2024,MOM Lebanon outlet page (Ipsos 2018); MOM 2024 findings (ELKA); ArabAd/Ipsos,https://lebanon.mom-gmr.org/en/media/detail/outlet/al-jadeed/; https://lebanon.mom-gmr.org/en/findings/findings/,medium,mass,2024 individual share not published on fetched pages
Al-Manar,tv,lebanon,ar,"100% Hezbollah-owned via Lebanese Communication Group SAL (MOM 2024)","ELKA 2024 via MOM findings: 11% of TV audience. Ipsos Q1-Q2 2018 via MOM outlet page: 6.4%. Ahrefs Aug 2026: almanar.com.lb #8 news site in Lebanon by organic search visits",2018; 2024; 2026,MOM Lebanon 2024 findings (ELKA); MOM outlet page (Ipsos 2018); AhrefsTop,https://lebanon.mom-gmr.org/en/findings/findings/; https://lebanon.mom-gmr.org/en/media/detail/outlet/al-manar/; https://ahrefstop.com/websites/lebanon/news,high,mass,Only mass-tier outlet aligned with Hezbollah; essential for spectrum via reach not judgment
OTV,tv,lebanon,ar,"Aoun family 50% voting rights; Free Patriotic Movement (MOM 2024)","Ipsos Q1-Q2 2018 via MOM outlet page: 16.4% audience share. ELKA 2024: listed among top-4 in one MOM rendering",2018; 2024,MOM Lebanon outlet page (Ipsos 2018); MOM 2024 findings,https://lebanon.mom-gmr.org/en/media/detail/outlet/otv/; https://lebanon.mom-gmr.org/en/findings/findings/,medium,substantial,Top-4 membership in 2024 conflicts between renderings (OTV vs Al-Manar)
NBN,tv,lebanon,ar,"Amal Movement-aligned (MOM 2024)",No individual audience share found on fetched MOM pages; outside top-4 in ELKA 2024,2024,MOM Lebanon 2024,https://lebanon.mom-gmr.org/en/media/tv/,low,unresolved,Berri/Amal perspective; small audience but distinct alignment
Tele Liban,tv,lebanon,ar,State-owned broadcaster,No individual audience share found; outside top-4 in ELKA 2024,2024,MOM Lebanon 2024,https://lebanon.mom-gmr.org/en/media/tv/,low,niche,State baseline; audience historically marginal
Al Jazeera,tv+online,pan-arab,ar en,Qatari state-funded,"Ahrefs Aug 2026: aljazeera.net #1 news website in Lebanon by organic search visits (97.9K/mo). No Lebanon-specific TV viewership share found yet (NU-Q 2017 interactive inaccessible)",2026,AhrefsTop Lebanon news,https://ahrefstop.com/websites/lebanon/news,medium,mass,Top digital news destination measured; TV share in Lebanon still undocumented. Robots policy restricts scraping - access route must be resolved in step 2
Al Mayadeen,tv+online,pan-arab,ar,"Beirut-based pan-Arab; pro-Hezbollah/resistance-axis alignment (widely documented)","Ahrefs Aug 2026: almayadeen.net #2 news website in Lebanon by organic search visits (69.3K/mo)",2026,AhrefsTop Lebanon news,https://ahrefstop.com/websites/lebanon/news,medium,substantial,TV viewership share in Lebanon undocumented; digital signal strong
BBC (Arabic/English),tv+online,international,ar en,UK public broadcaster,"Ahrefs Aug 2026: bbc.com #6 news website in Lebanon by organic search visits (46.4K/mo); also #8 across all Lebanese websites in mid-2025 Ahrefs data",2025-2026,AhrefsTop Lebanon,https://ahrefstop.com/websites/lebanon/news,medium,substantial,International layer consumed in-country
Al Arabiya / Al Hadath,tv+online,pan-arab,ar,Saudi-owned,No Lebanon-specific audience evidence found in this pass,-,-,-,none,unresolved,Include in evidence hunt round 2; absent from Ahrefs Lebanon top-12
Annahar,print+online,lebanon,ar,"Tueni family heritage; liberal (MOM 2024)","ELKA 2024 via MOM findings: among top-4 newspapers jointly holding 89% of print readership; 72% of survey respondents read no print newspaper",2024,MOM Lebanon 2024 findings (ELKA),https://lebanon.mom-gmr.org/en/findings/findings/,medium,substantial,Print reach small in absolute terms (28% read any print)
Al-Akhbar,print+online,lebanon,ar,"Hezbollah-sympathetic editorial line (MOM 2024 lists ownership)","ELKA 2024 via MOM findings: among top-4 newspapers jointly holding 89% of print readership. Wayback CDX test Sep 17-25 2024: ~2158 unique URLs captured incl. /Issues/ edition pages",2024,MOM Lebanon 2024 findings (ELKA); Wayback CDX test (this project),https://lebanon.mom-gmr.org/en/findings/findings/,medium,substantial,Key print counterweight; full print PDFs preserve page placement
Addiyar,print,lebanon,ar,Pro-Syrian alignment historically,"ELKA 2024 via MOM findings: among top-4 newspapers jointly holding 89% of print readership",2024,MOM Lebanon 2024 findings (ELKA),https://lebanon.mom-gmr.org/en/findings/findings/,medium,niche,Verify current publication status
L'Orient-Le Jour / L'Orient Today,print+online,lebanon,fr en,Independent; francophone,"ELKA 2024 via MOM findings: among top-4 newspapers jointly holding 89% of print readership",2024,MOM Lebanon 2024 findings (ELKA),https://lebanon.mom-gmr.org/en/findings/findings/,medium,substantial,Francophone/anglophone elite audience; soft paywall - route via Wayback or subscription
Al Joumhouria,print+online,lebanon,ar,Listed in MOM print database,No individual readership share found,2024,MOM Lebanon 2024 print database,https://lebanon.mom-gmr.org/en/media/print/,low,unresolved,-
Nidaa Al Watan,print+online,lebanon,ar,Listed in MOM print database; anti-Hezbollah editorial line,No individual readership share found,2024,MOM Lebanon 2024 print database,https://lebanon.mom-gmr.org/en/media/print/,low,unresolved,-
Elnashra,online,lebanon,ar,Listed in MOM online database,"Ahrefs Aug 2026: elnashra.com #9 news website in Lebanon by organic search visits (34.1K/mo). ELKA 2024 did not measure online outlets",2026,AhrefsTop Lebanon news; MOM online database,https://ahrefstop.com/websites/lebanon/news; https://lebanon.mom-gmr.org/en/media/online/,medium,substantial,Best-measured domestic digital-native so far
Lebanon24,online,lebanon,ar,Listed in MOM online database,"No audience measurement found (ELKA did not measure online); present in old-approach corpus with high output",2024,MOM online database,https://lebanon.mom-gmr.org/en/media/online/,low,unresolved,High-volume digital native; needs traffic evidence
961Today,online,lebanon,en,Digital native,"Ahrefs Aug 2026: 961today.com #3 news website in Lebanon by organic search visits (52.2K/mo)",2026,AhrefsTop Lebanon news,https://ahrefstop.com/websites/lebanon/news,medium,unresolved,English-language diaspora-leaning digital native
Naharnet,online,lebanon,en ar,An-Nahar affiliated digital,No audience measurement found in this pass,-,-,-,none,unresolved,GDELT test confirmed indexed coverage of pager event through Dec 2024
Megaphone,online,lebanon,ar en,Independent leftist digital collective,No audience measurement found; documented in MOM online database,2024,MOM online database,https://lebanon.mom-gmr.org/en/media/online/,low,niche,Independent/alternative perspective; niche by design
National News Agency (NNA),wire,lebanon,ar fr en,State news agency,Not audience-measured; institutional baseline rather than consumer outlet,-,-,-,none,context,Official state framing baseline; keep as context not reach gate
Radio Al-Nour,radio,lebanon,ar,Hezbollah-owned,"ELKA 2024 via MOM findings: 5% of radio audience; only 35% of respondents listen to radio at all",2024,MOM Lebanon 2024 findings (ELKA),https://lebanon.mom-gmr.org/en/findings/findings/,medium,niche,Radio is minor medium; document but likely no collection
Radio Liban Libre,radio,lebanon,ar,Lebanese Forces-aligned,"ELKA 2024 via MOM findings: 7% of radio audience (largest measured)",2024,MOM Lebanon 2024 findings (ELKA),https://lebanon.mom-gmr.org/en/findings/findings/,medium,niche,Radio is minor medium; document but likely no collection
