date,mtv_total_output,mtv_pager_records,pager_share_pct
2024-09-14,206,0,0.0
2024-09-15,170,0,0.0
2024-09-16,193,0,0.0
2024-09-17,423,13,3.07
2024-09-18,437,38,8.7
2024-09-19,419,19,4.53
2024-09-20,392,12,3.06
2024-09-21,252,5,1.98
2024-09-22,317,4,1.26
2024-09-23,760,2,0.26
2024-09-24,775,0,0.0
2024-09-25,631,2,0.32
2024-09-26,646,3,0.46
2024-09-27,592,0,0.0
2024-09-28,879,0,0.0
2024-09-29,529,0,0.0
2024-09-30,617,0,0.0
2024-10-01,1029,1,0.1
2024-10-02,674,0,0.0
2024-10-03,667,0,0.0
2024-10-04,546,0,0.0
2024-10-05,433,0,0.0
2024-10-06,590,0,0.0
2024-10-07,601,0,0.0
2024-10-08,562,0,0.0
2024-10-09,509,0,0.0
2024-10-10,591,0,0.0
2024-10-11,525,0,0.0
2024-10-12,427,0,0.0
2024-10-13,369,0,0.0
2024-10-14,493,0,0.0
2024-10-15,620,0,0.0
2024-10-16,567,0,0.0
2024-10-17,556,0,0.0
