outlet,medium,home_system,languages,ownership_or_affiliation,audience_evidence,social_reach_evidence,evidence_period,evidence_source,evidence_url,confidence,tier,tier_rationale,notes
Ynet,online,israel,he,Yedioth Group,IDI survey early 2024: primary online news source for 40% of Israelis (#1); primary-or-secondary 61%. Ahrefs Jul 2025: #1 Israeli site by organic search (9.3M/mo). Israeli Internet Association 2024: #1 local site,FB 1.51M; TikTok 1.70M; IG 462K; YT 504K; Telegram 114K. Aggregate ~4.3M (2026-09-06; per-account URLs in social-counts-raw/),2024-2026,IDI survey; Ahrefs; social lookups (copilot CLI),https://en.idi.org.il/articles/54235; https://ahrefs.com/websites/israel,high,mass,Axis A strong (40% primary source - purpose-built survey) + axis B strong (~4.3M aggregate) = 2 strong,Hebrew flagship; Ynetnews (EN) is a separate export-facing brand (own row)
Channel 12 News / N12,tv+online,israel,he,Keshet,"TV: main evening news 15.9% average rating 2024 (#1, IARB via Walla annual review; 20.0% on Iran-attack special). Digital: N12 primary source for 24% (IDI early 2024; primary-or-secondary 43%; Mako 14% same ecosystem)",N12: FB 1.16M; TikTok 1.37M; IG 583K; YT 107K. Aggregate ~3.2M (2026-09-06),2024-2026,IARB ratings via Walla; IDI survey; social lookups,https://b.walla.co.il/item/3712422; https://en.idi.org.il/articles/54235,high,mass,Axis A strong (15.9% TV rating + 24% digital primary) + axis B strong (~3.2M) = 2 strong,One newsroom across TV and N12 digital (mako.co.il/news redirects to n12.co.il) - single row
Channel 14 / Now 14,tv+online,israel,he,"Now 14 Ltd; right-wing, pro-government","Main evening news 7.4% average rating 2024, up from 6.2% in 2023 - the wartime surge captured in-vintage (IARB via Walla). Digital comparable figure not located",TikTok 1.16M (@c14news); YT 485K; IG 180K; FB blocked; Telegram 11K. Aggregate ~1.8M (2026-09-06),2023-2026,IARB via Walla annual review; social lookups,https://b.walla.co.il/item/3712422,high,substantial,Axis A strong under the ratings-conversion rule (7.4% average-minute rating) + axis B weak (~1.8M) = 1 strong -> substantial,The right-wing pole of Israeli TV news; overtook Channel 13 during the war. now14.co.il redirects to c14.co.il (identity note for step 3)
Channel 13 News,tv+online,israel,he,Reshet,Main evening news 6.5% average rating 2024 (IARB via Walla),Network-shared accounts only (no news-exclusive social): TikTok 457K; IG 360K (@reshettv); YT 272K. Aggregate ~1.1M network-level (2026-09-06),2024-2026,IARB via Walla; social lookups,https://b.walla.co.il/item/3712422,medium,substantial,"Axis A strong under the ratings-conversion rule (6.5% average-minute rating implies weekly news reach well above 10%; conversion documented in notes v1.1) = 1 strong; network-shared social recorded as contaminated raw, excluded from B (review-1 option 2)",News shares corporate accounts with entertainment - raw network counts kept for record but not credited
Kan 11 / Kan News (incl. Reshet Bet),tv+radio+online,israel,he,Public broadcaster,TV: 4.5% evening news rating 2024. Radio: Reshet Bet 21.0% average weekday listening (TGI 2024) - radio is Kan's strongest arm. Digital: 14% primary-or-secondary (IDI),Kan News: YT 800K; IG 285K; Telegram @kann_news (double-n; @kan_news on X is unrelated dormant). Aggregate ~1.1M (2026-09-06),2024-2026,IARB via Walla; TGI 2024 tables; IDI; social lookups,https://telegal.co.il/TGI/WWW/press/TGI_Israel_data_tables_Jan_Dec24.pdf; https://b.walla.co.il/item/3712422,high,substantial,Axis A strong (Reshet Bet radio 21% daily) + axis B weak = 1 strong -> substantial,Public-service baseline; radio-first reach profile unlike any other census country's public broadcaster
Walla News,online,israel,he,Jerusalem Post Group (post-2020s sale),IDI early 2024: primary-or-secondary online source 21%; Ahrefs #3 local site (4.9M organic/mo),FB 885K; TikTok 602K; IG 117K; YT 6.7K. Aggregate ~1.6M (2026-09-06),2024-2026,IDI survey; Ahrefs; social lookups,https://en.idi.org.il/articles/54235,high,substantial,Axis A strong (21% p-or-s) + axis B weak (~1.6M) = 1 strong -> substantial,-
Israel Hayom,print+online,israel,he,Adelson family; right-leaning free daily,"TGI 2024: 25.4% average weekday print exposure (#1 print), 26.6% weekend. Ahrefs: 2.1M organic/mo",FB 745K; IG 225K; YT none; TikTok unclaimed. Aggregate ~1.0M (2026-09-06),2024-2026,Kantar TGI Jan-Dec 2024; Ahrefs; social lookups,https://telegal.co.il/TGI/WWW/press/TGI_Israel_data_tables_Jan_Dec24.pdf,high,substantial,Axis A strong (25.4% population exposure) + axis B weak (~1.0M) = 1 strong -> substantial,Free-distribution model = high exposure; right-leaning pole of Israeli print
Yedioth Ahronoth (print),print,israel,he,Yedioth Group (Mozes family),TGI 2024: 17.9% weekday / 22.2% weekend print exposure (#2 print),Own brand accounts modest (IG 306K; YT 38K); digital reach lives in the Ynet row,2024-2026,Kantar TGI Jan-Dec 2024; social lookups,https://telegal.co.il/TGI/WWW/press/TGI_Israel_data_tables_Jan_Dec24.pdf,high,substantial,Axis A strong (17.9% exposure) = 1 strong -> substantial,Separate row from Ynet (print brand vs digital brand; one owner) - collection may treat as one group with two surfaces
Haaretz (Hebrew),print+online,israel,he,Schocken family; left-liberal broadsheet,TGI 2024: 6.1% weekday print exposure; Ahrefs 1.1M organic/mo; Israeli Internet Association 2024: rose to #4 local site,FB 349K; IG 125K; YT 36K (shared bilingual); TikTok 18K. Aggregate ~0.53M (2026-09-06),2024-2026,Kantar TGI 2024; Ahrefs; social lookups,https://telegal.co.il/TGI/WWW/press/TGI_Israel_data_tables_Jan_Dec24.pdf,medium,substantial,Axis A weak (6.1% print) + axis B weak (0.53M) = 2 weak -> substantial,Left-liberal pole; hard paywall (step-3 flag). English edition = separate export row
Maariv,print+online,israel,he,Jerusalem Post Group,TGI 2024: 2.8% print exposure (Maariv HaBoker); Ahrefs 3.4M organic/mo (#5 local),FB 435K; IG 98K; TikTok 45K; YT 5.8K. Aggregate ~0.58M (2026-09-06),2024-2026,Kantar TGI 2024; Ahrefs; social lookups,https://telegal.co.il/TGI/WWW/press/TGI_Israel_data_tables_Jan_Dec24.pdf,medium,substantial,Axis B weak (0.58M) + axis C weak (Ahrefs #5) = 2 weak -> substantial,Digital outweighs its residual print
Galei Tzahal (Army Radio / GLZ),radio+online,israel,he,IDF-operated public radio,TGI 2024: 20.2% average weekday listening; combined w/ Galgalatz 33.9%,X 140K; YT/FB counts not obtained. Social small,2024-2026,Kantar TGI Jan-Dec 2024; social lookups,https://telegal.co.il/TGI/WWW/press/TGI_Israel_data_tables_Jan_Dec24.pdf,high,substantial,Axis A strong (20.2% daily listening) = 1 strong -> substantial,Military-operated - unique institutional position for THIS event (attacker-side armed-forces broadcaster); transcripts/text route = step-3 question
Globes,print+online,israel,he,Business daily,TGI 2024: 2.8% print exposure,FB 219K; IG 56K; Telegram 10.7K. Aggregate ~0.29M (2026-09-06),2024-2026,Kantar TGI 2024; social lookups,https://telegal.co.il/TGI/WWW/press/TGI_Israel_data_tables_Jan_Dec24.pdf,medium,niche,Axis B below band; axis A below weak threshold,Business angle (supply-chain/Gold Apollo coverage value independent of tier)
Ynetnews (English),online,israel-export,en,Yedioth Group,Export-facing English edition; no domestic reach measurement (audience predominantly abroad),TikTok 3.9K; FB/IG blocked-not-found; no YT. Tiny vs Hebrew Ynet (2026-09-06),2026,social lookups,https://www.ynetnews.com,medium,niche,Domestic axis signals absent; export audience,AUDIENCE-MARKET: international. Matters for how the world saw Israeli framing - candidate for the world-facing panel not the domestic one
Jerusalem Post,online+print,israel-export,en,Jerusalem Post Group,Publisher statement Dec 2024: 60% of readers in the US - export-facing. TGI domestic print exposure not in top table,FB 1.63M; IG 305K; TikTok 9.6K. Aggregate ~1.95M but predominantly international (2026-09-06),2024-2026,JPost publisher statement; social lookups,https://www.jpost.com/israel-news/article-833268,medium,niche,Region/world-oriented audience - aggregate not credited as domestic axis B (pan-Arab precedent); domestic signals below bar,AUDIENCE-MARKET: international. Old-corpus outlet; world-facing Israeli framing role
Times of Israel,online,israel-export,en fr,Independent (Seth Klarman-backed),Export-facing; no domestic reach measurement located,FB 1.39M; IG 233K; YT 58K. Aggregate ~1.69M predominantly international (2026-09-06),2026,social lookups,https://www.timesofisrael.com,medium,niche,Same export treatment as JPost,AUDIENCE-MARKET: international; live-blog format was central to world-facing event coverage (old corpus)
i24NEWS,tv+online,israel-mixed,en fr ar he,Altice (Drahi),Hebrew channel: 2.0% rating for flagship 2024 (Walla). English/French/Arabic services export-facing,EN: FB 1.03M; YT 671K; IG 130K. Aggregate ~1.84M predominantly international (2026-09-06),2024-2026,Walla annual review; social lookups,https://b.walla.co.il/item/3712422,medium,niche,Domestic axis A weak-below (2.0%); export aggregate not credited domestically,AUDIENCE-MARKET: mixed; Arabic service relevant to pan-Arab framing comparison
Channel 9 / 9tv (Russian),tv+online,israel,ru,Israel Plus,NEWSru survey Jan 2024: watched by 38% of Russian-speaking Israelis (~1.2M subpopulation); 77% of Russian speakers use Russian-language Israeli news sites,FB 172K; YT 465K; IG 27K; Telegram 144K. Aggregate ~0.81M (2026-09-06),2024-2026,NEWSru Russian-speaker survey; social lookups,https://www.newsru.co.il/israel/23jan2024/smi_opros_itog_2024.html,medium,niche,National axes below bar; subpopulation-dominant (38% of ~13% of population),SUBPOPULATION NOTE (Univision precedent): dominant news provider for Russian-speaking Israelis; PANEL DECISION pending - include as language-pole representative?
Abu Ali Express,telegram-native,israel,he,Independent analyst (Telegram-native); military/Arab-affairs focus,Telegram 583K subscribers (~6% of Israeli population; platform denominators make this proportionally large); documented wartime prominence,Telegram 583K (primary); X 26K; other platforms negligible (2026-09-06; impersonator risk noted by lookup),2026,social lookups (copilot CLI); Hebrew Wikipedia verification,https://t.me/abualiexpress,medium,substantial,"Role-based representative of the Telegram-native news layer (IDI: 44% of Israelis get news from Telegram - a mass-level category the axis rule cannot see; review-1 recommended collection-required by role, not by inflated reach). Numeric derivation alone would be niche (1 weak)",Telegram-layer representative per review-1 (project decision pattern = RND). Subscribers are not unique domestic users - never converted to population reach
Makan 33 / Arabic-language Israeli media,tv+online,israel,ar,Public broadcaster Arabic service,"Round-2: Arab-sector TV panel ratings exist - Makan 33 news bulletin 10.6%, programs 5.5-11% (Israel Hayom/ICE reports 2025-26). Within-subpopulation measured",Not gathered,2025-2026 (Arab-sector panel reports),Bar-Ilan survey via JPost; codex backbone research,https://www.israelhayom.co.il/culture/tv/article/19552995,medium,substantial,Role-based representative of the Arabic-language layer (Arab citizens ~20% of population; panel-measured within-sector news reach) - subpopulation-representative precedent,Partially resolves the Arabic gap; full outlet-level landscape still thin - residual limitation documented in notes
Arutz Sheva / B'Sheva,print+online,israel,he,Religious-Zionist network,TGI 2024: B'Sheva weekly 7% exposure (review-1 extraction); Arutz Sheva/INN is the associated digital network - digital reach ungathered,Not gathered (round 2),2024,Kantar TGI 2024 (via review-1); codex review,https://telegal.co.il/TGI/WWW/press/TGI_Israel_data_tables_Jan_Dec24.pdf,low,niche,Axis A weak (7% weekly print) + axis B measured small (IG 33K; Telegram channel defaced) = 1 weak -> niche (round-2 resolution),Religious-Zionist pole; perspective-panel candidate independent of tier
103FM,radio+online,israel,he,Commercial talk radio,TGI 2024: 9.2% average weekday listening (review-1 extraction) - nearly Channel 13's TV rating,Not gathered (round 2),2024,Kantar TGI 2024 (via review-1),https://telegal.co.il/TGI/WWW/press/TGI_Israel_data_tables_Jan_Dec24.pdf,low,niche,Axis A weak (9.2% listening) + axis B measured small (IG 26K) = 1 weak -> niche (round-2 resolution),Added by review-1
Calcalist,print+online,israel,he,Yedioth Group business daily,"TGI 2024: 8.8% exposure (standalone + Yedioth supplement, overlap removed)",Not gathered (round 2),2024,Kantar TGI 2024,https://telegal.co.il/TGI/WWW/press/TGI_Israel_data_tables_Jan_Dec24.pdf,low,niche,Axis A weak (8.8%) + axis B measured small (aggregate ~175K) = 1 weak -> niche (round-2 resolution),Business pole (supply-chain coverage relevance); added by review-1
Kikar HaShabbat,online,israel,he,Haredi news site,"SimilarWeb (archived snapshot May 2026): ~4.4M visits/mo, global rank ~14.7K - leading haredi news site by a wide margin; haredim ~13% of population",IG 29K; FB handle confirmed (count login-walled); no Telegram found (2026-09-06),2026 (snapshot); haredi-share context 2023-2024,iyun.org.il citing SimilarWeb (via review-1),https://web.archive.org/web/20260609020514/https://www.similarweb.com/website/kikar.co.il/,medium,substantial,Role-based representative of the haredi media layer (subpopulation-dominant; ~4.4M visits/mo documented) - Univision/RND precedent; numeric axes alone would be weak,Round-2 resolved; haredi layer represented by this row
Behadrei Haredim,online,israel,he,Haredi news site,"~1.74M monthly visits (SimilarWeb via iyun.org.il, dated)",Not gathered (round 2),2023-2024,iyun.org.il citing SimilarWeb (via review-1),https://iyun.org.il/en/article/charedi-internet-a-contradition-in-terms/internet-not-a-charedi-spring/,low,niche,"Round-2: social near-absent (IG 296), traffic unobtainable - measured-thin; haredi layer carried by Kikar row",SimilarWeb blocked; revisit only if haredi-layer analysis needs a second title
Haaretz (English),online,israel-export,en,Schocken family,Export-facing English edition; no domestic measurement,FB 537K; IG 141K; YT 36K shared (2026-09-06),2026,social lookups (copilot CLI),https://www.haaretz.com,medium,niche,Export treatment: no domestic evidence found (not proven-foreign - review-1 wording),AUDIENCE-MARKET: international; world-facing left-liberal Israeli framing
Kul al-Arab,print+online,israel,ar,Arab-Israeli weekly + kul-alarab.com portal,Round-2: FB 1.38M likes (largest measured Arab-Israeli outlet social); follower base may include non-Israeli Arabic speakers - cross-border discount applies,FB 1.38M; IG 173K (2026-09-06),2026,round-2 copilot research,https://www.facebook.com/kulalarabcom,medium,niche,"Axis B weak (1.55M aggregate, cross-border-discounted) = 1 weak -> niche; Arabic layer representative is the Makan row","Added by round-2; Panet traffic contradictory across estimators (unresolved-thin, no row); Hala TV: no data found"
