capture_ts,capture_url
20240915110642,https://web.archive.org/web/20240915110642/https://t.me/s/abualiexpress
20240915113249,https://web.archive.org/web/20240915113249/https://t.me/s/abualiexpress
20240915170954,https://web.archive.org/web/20240915170954/https://t.me/s/abualiexpress
20240916014652,https://web.archive.org/web/20240916014652/https://t.me/s/abualiexpress
20240916054101,https://web.archive.org/web/20240916054101/https://t.me/s/abualiexpress
20240916211309,https://web.archive.org/web/20240916211309/https://t.me/s/abualiexpress
20240917140956,https://web.archive.org/web/20240917140956/https://t.me/s/abualiexpress
20240917232218,https://web.archive.org/web/20240917232218/https://t.me/s/abualiexpress
20240917233618,https://web.archive.org/web/20240917233618/https://t.me/s/abualiexpress
20240918004407,https://web.archive.org/web/20240918004407/https://t.me/s/abualiexpress
20240918014623,https://web.archive.org/web/20240918014623/https://t.me/s/abualiexpress
20240918024611,https://web.archive.org/web/20240918024611/https://t.me/s/abualiexpress
20240918163702,https://web.archive.org/web/20240918163702/https://t.me/s/abualiexpress
20240918201732,https://web.archive.org/web/20240918201732/https://t.me/s/abualiexpress
20240919083649,https://web.archive.org/web/20240919083649/https://t.me/s/abualiexpress
20240919145940,https://web.archive.org/web/20240919145940/https://t.me/s/abualiexpress
20240922133306,https://web.archive.org/web/20240922133306/https://t.me/s/abualiexpress
20240923002136,https://web.archive.org/web/20240923002136/https://t.me/s/abualiexpress
20240923012131,https://web.archive.org/web/20240923012131/https://t.me/s/abualiexpress
20240923081707,https://web.archive.org/web/20240923081707/https://t.me/s/abualiexpress
20240923091522,https://web.archive.org/web/20240923091522/https://t.me/s/abualiexpress
20240923094309,https://web.archive.org/web/20240923094309/https://t.me/s/abualiexpress
20240923103616,https://web.archive.org/web/20240923103616/https://t.me/s/abualiexpress
20240923193708,https://web.archive.org/web/20240923193708/https://t.me/s/abualiexpress
20240924183744,https://web.archive.org/web/20240924183744/https://t.me/s/abualiexpress
20240924192426,https://web.archive.org/web/20240924192426/https://t.me/s/abualiexpress
20240925002031,https://web.archive.org/web/20240925002031/https://t.me/s/abualiexpress
20240925102659,https://web.archive.org/web/20240925102659/https://t.me/s/abualiexpress
20240925105110,https://web.archive.org/web/20240925105110/https://t.me/s/abualiexpress
20240925194248,https://web.archive.org/web/20240925194248/https://t.me/s/abualiexpress
20240926142313,https://web.archive.org/web/20240926142313/https://t.me/s/abualiexpress
20240926170928,https://web.archive.org/web/20240926170928/https://t.me/s/abualiexpress
20240926211805,https://web.archive.org/web/20240926211805/https://t.me/s/abualiexpress
20240928174817,https://web.archive.org/web/20240928174817/https://t.me/s/abualiexpress
20240928174939,https://web.archive.org/web/20240928174939/https://t.me/s/abualiexpress
20240929005601,https://web.archive.org/web/20240929005601/https://t.me/s/abualiexpress
20240929094803,https://web.archive.org/web/20240929094803/https://t.me/s/abualiexpress
20240930060315,https://web.archive.org/web/20240930060315/https://t.me/s/abualiexpress
20240930064140,https://web.archive.org/web/20240930064140/https://t.me/s/abualiexpress
20240930085643,https://web.archive.org/web/20240930085643/https://t.me/s/abualiexpress
20240930104425,https://web.archive.org/web/20240930104425/https://t.me/s/abualiexpress
20240930121513,https://web.archive.org/web/20240930121513/https://t.me/s/abualiexpress
20241002051544,https://web.archive.org/web/20241002051544/https://t.me/s/abualiexpress
20241002053846,https://web.archive.org/web/20241002053846/https://t.me/s/abualiexpress
20241002185745,https://web.archive.org/web/20241002185745/https://t.me/s/abualiexpress
20241004161654,https://web.archive.org/web/20241004161654/https://t.me/s/abualiexpress
20241005021150,https://web.archive.org/web/20241005021150/https://t.me/s/abualiexpress
20241005021926,https://web.archive.org/web/20241005021926/https://t.me/s/abualiexpress
20241005083710,https://web.archive.org/web/20241005083710/https://t.me/s/abualiexpress
20241005142403,https://web.archive.org/web/20241005142403/https://t.me/s/abualiexpress
20241005150114,https://web.archive.org/web/20241005150114/https://t.me/s/abualiexpress
20241005154442,https://web.archive.org/web/20241005154442/https://t.me/s/abualiexpress
20241005162813,https://web.archive.org/web/20241005162813/https://t.me/s/abualiexpress
20241005205136,https://web.archive.org/web/20241005205136/https://t.me/s/abualiexpress
20241005213617,https://web.archive.org/web/20241005213617/https://t.me/s/abualiexpress
20241006045544,https://web.archive.org/web/20241006045544/https://t.me/s/abualiexpress
20241007031827,https://web.archive.org/web/20241007031827/https://t.me/s/abualiexpress
20241007084344,https://web.archive.org/web/20241007084344/https://t.me/s/abualiexpress
20241007124655,https://web.archive.org/web/20241007124655/https://t.me/s/abualiexpress
20241007132819,https://web.archive.org/web/20241007132819/https://t.me/s/abualiexpress
20241008085328,https://web.archive.org/web/20241008085328/https://t.me/s/abualiexpress
20241008085733,https://web.archive.org/web/20241008085733/https://t.me/s/abualiexpress
20241009115101,https://web.archive.org/web/20241009115101/https://t.me/s/abualiexpress
20241009115628,https://web.archive.org/web/20241009115628/https://t.me/s/abualiexpress
20241009121529,https://web.archive.org/web/20241009121529/https://t.me/s/abualiexpress
