url,first_capture,source,event_candidate
https://makan.org.il/content/news/makan-news/makannews/135670/,20240921123149,cdx,0
https://makan.org.il/content/news/makan-news/makannews/137922/,20240921123321,cdx,0
https://makan.org.il/content/news/makan-news/makannews/139369/,20240921123438,cdx,0
https://makan.org.il/content/news/makan-news/makannews/524727/,20240921123622,cdx,0
https://makan.org.il/content/news/makan-news/makannews/524988/,20240921123844,cdx,0
https://makan.org.il/content/news/makan-news/makannews/526959/,20240921124019,cdx,0
https://makan.org.il/content/news/makan-news/makannews/536945/,20240921124203,cdx,0
https://makan.org.il/content/news/makan-news/makannews/537026/,20240921124230,cdx,0
https://makan.org.il/content/news/makan-news/makannews/800582/,20240916201533,cdx,0
https://makan.org.il/content/news/makan-news/makannews/806409/,20241001012841,cdx,0
https://makan.org.il/content/news/makan-news/p-11083/802080/,20240919182745,cdx,0
https://makan.org.il/content/news/makan-news/p-11208/801698/,20240920063115,cdx,0
https://makan.org.il/content/news/makan-news/p-11254/800447/,20240916225448,cdx,0
https://makan.org.il/content/news/makan-news/p-11371/806411/,20241001003358,cdx,0
https://makan.org.il/content/news/makan-news/p-11371/806469/,20240930225143,cdx,0
https://makan.org.il/content/news/makan-news/p-11371/806496/,20240930225028,cdx,0
https://makan.org.il/content/news/makan-news/p-11371/807989/,20241004154808,cdx,0
https://makan.org.il/content/news/makan-news/p-11371/808036/,20241004154557,cdx,0
https://makan.org.il/content/news/makan-news/p-11693/800410/,20240915210814,cdx,0
https://makan.org.il/content/news/makan-news/p-11693/801952/,20240919184232,cdx,0
https://makan.org.il/content/news/makan-news/p-11693/802697/,20240922012454,cdx,0
https://makan.org.il/content/news/makan-news/p-11693/805476/,20240928174408,cdx,0
https://makan.org.il/content/news/makan-news/p-11693/805516/,20240928174515,cdx,0
https://makan.org.il/content/news/makan-news/p-11693/805556/,20240928173852,cdx,0
https://makan.org.il/content/news/makan-news/p-11693/806459/,20241001003322,cdx,0
https://makan.org.il/content/news/makan-news/p-11693/806527/,20240930224841,cdx,0
https://makan.org.il/content/news/makan-news/p-11693/806531/,20241001003253,cdx,0
https://makan.org.il/content/news/makan-news/p-11693/806710/,20241001183910,cdx,0
https://makan.org.il/content/news/makan-news/p-11693/806969/,20241001183546,cdx,0
https://makan.org.il/content/news/makan-news/p-11693/806978/,20241001182918,cdx,0
https://makan.org.il/content/news/makan-news/p-11693/807748/,20241003152605,cdx,0
https://makan.org.il/content/news/makan-news/p-11693/807774/,20241004062740,cdx,0
https://makan.org.il/content/news/makan-news/p-11693/807972/,20241004155016,cdx,0
https://makan.org.il/content/news/makan-news/p-11693/808064/,20241004154202,cdx,0
https://makan.org.il/content/news/makan-news/p-11693/808454/,20241006044945,cdx,0
https://makan.org.il/content/news/makan-news/p-11711/804197/,20240925151304,cdx,0
https://makan.org.il/content/news/makan-news/p-11711/804871/,20240926211443,cdx,0
https://makan.org.il/content/news/makan-news/p-11711/806481/,20240930225105,cdx,0
https://makan.org.il/content/news/makan-news/p-11711/809774/,20241007161739,cdx,0
https://makan.org.il/content/news/makan-news/p-11711/809825/,20241008133328,cdx,0
https://makan.org.il/content/news/makan-news/p-11749/800790/,20240916201438,cdx,0
https://makan.org.il/content/news/makan-news/p-11749/806451/,20241001003437,cdx,0
https://makan.org.il/content/news/makan-news/p-11749/807024/,20241001181903,cdx,0
https://makan.org.il/content/news/makan-news/p-11749/807723/,20241003153057,cdx,0
https://makan.org.il/content/news/makan-news/p-11765/805189/,20240927174207,cdx,0
https://makan.org.il/content/news/makan-news/p-11881/801752/,20240919202223,cdx,0
https://makan.org.il/content/news/makan-news/p-11881/806132/,20240930231255,cdx,0
https://makan.org.il/content/news/makan-news/p-11881/807545/,20241003164238,cdx,0
https://makan.org.il/content/news/makan-news/p-11881/807812/,20241004172104,cdx,0
https://makan.org.il/content/news/makan-news/p-11983/800441/,20240916202306,cdx,0
https://makan.org.il/content/news/makan-news/p-11983/801679/,20240920062921,cdx,0
https://makan.org.il/content/news/makan-news/p-408395/807919/,20241004155132,cdx,0
https://www.makan.org.il/content/news/makan-news/makannews/799445/,20240915192952,cdx,0
https://www.makan.org.il/content/news/makan-news/makannews/799766/,20240915192925,cdx,0
https://www.makan.org.il/content/news/makan-news/makannews/799932/,20240915192823,cdx,0
https://www.makan.org.il/content/news/makan-news/makannews/800355/,20240915183211,cdx,0
https://www.makan.org.il/content/news/makan-news/makannews/800830/,20240917214159,cdx,0
https://www.makan.org.il/content/news/makan-news/makannews/801389/,20240919051144,cdx,0
https://www.makan.org.il/content/news/makan-news/makannews/801892/,20240920043522,cdx,0
https://www.makan.org.il/content/news/makan-news/makannews/801965/,20240920023409,cdx,0
https://www.makan.org.il/content/news/makan-news/makannews/802108/,20240919182052,cdx,0
https://www.makan.org.il/content/news/makan-news/makannews/802296/,20240920201422,cdx,0
https://www.makan.org.il/content/news/makan-news/makannews/802308/,20240920201325,cdx,0
https://www.makan.org.il/content/news/makan-news/makannews/802362/,20240920151500,cdx,0
https://www.makan.org.il/content/news/makan-news/makannews/802560/,20240921233631,cdx,0
https://www.makan.org.il/content/news/makan-news/makannews/802593/,20240922004412,cdx,0
https://www.makan.org.il/content/news/makan-news/makannews/802891/,20240922215721,cdx,0
https://www.makan.org.il/content/news/makan-news/makannews/803855/,20240924221901,cdx,0
https://www.makan.org.il/content/news/makan-news/makannews/804640/,20240926194115,cdx,0
https://www.makan.org.il/content/news/makan-news/makannews/804710/,20240926201858,cdx,0
https://www.makan.org.il/content/news/makan-news/makannews/805220/,20240927235341,cdx,0
https://www.makan.org.il/content/news/makan-news/makannews/805457/,20240929004000,cdx,0
https://www.makan.org.il/content/news/makan-news/makannews/805859/,20240929184816,cdx,0
https://www.makan.org.il/content/news/makan-news/makannews/806056/,20240929184747,cdx,0
https://www.makan.org.il/content/news/makan-news/makannews/806837/,20241002033945,cdx,0
https://www.makan.org.il/content/news/makan-news/makannews/807299/,20241003022826,cdx,0
https://www.makan.org.il/content/news/makan-news/makannews/807789/,20241005075622,cdx,0
https://www.makan.org.il/content/news/makan-news/makannews/807975/,20241005075113,cdx,0
https://www.makan.org.il/content/news/makan-news/makannews/808302/,20241006023421,cdx,0
https://www.makan.org.il/content/news/makan-news/makannews/808331/,20241005154052,cdx,0
https://www.makan.org.il/content/news/makan-news/makannews/808952/,20241006214230,cdx,0
https://www.makan.org.il/content/news/makan-news/makannews/808978/,20241006214058,cdx,0
https://www.makan.org.il/content/news/makan-news/makannews/809752/,20241007155437,cdx,0
https://www.makan.org.il/content/news/makan-news/makannews/809790/,20241007154426,cdx,0
https://www.makan.org.il/content/news/makan-news/makannews/809802/,20241007155313,cdx,0
https://www.makan.org.il/content/news/makan-news/makannews/810026/,20241009070117,cdx,0
https://www.makan.org.il/content/news/makan-news/makannews/810271/,20241009230618,cdx,0
https://www.makan.org.il/content/news/makan-news/makannews/810277/,20241009230541,cdx,0
https://www.makan.org.il/content/news/makan-news/makannews/810455/,20241009215546,cdx,0
https://www.makan.org.il/content/news/makan-news/makannews/810461/,20241009230434,cdx,0
https://www.makan.org.il/content/news/makan-news/makannews/810470/,20241009215503,cdx,0
https://www.makan.org.il/content/news/makan-news/makannews/810480/,20241009230303,cdx,0
https://www.makan.org.il/content/news/makan-news/makannews/810538/,20241009215215,cdx,0
https://www.makan.org.il/content/news/makan-news/makannews/812200/,20241017061322,cdx,0
https://www.makan.org.il/content/news/makan-news/makannews/812725/,20241017061238,cdx,0
https://www.makan.org.il/content/news/makan-news/makannews/813176/,20241017051547,cdx,0
https://www.makan.org.il/content/news/makan-news/makannews/813187/,20241017061111,cdx,0
https://www.makan.org.il/content/news/makan-news/makannews/813209/,20241017051453,cdx,0
https://www.makan.org.il/content/news/makan-news/makannews/813213/,20241017051256,cdx,0
https://www.makan.org.il/content/news/makan-news/makannews/813235/,20241017052055,cdx,0
https://www.makan.org.il/content/news/makan-news/makannews/813260/,20241017061138,cdx,0
https://www.makan.org.il/content/news/makan-news/makannews/813352/,20241017221545,cdx,0
https://www.makan.org.il/content/news/makan-news/makannews/813370/,20241017220406,cdx,0
https://www.makan.org.il/content/news/makan-news/p-11031/812445/,20241017143151,cdx,0
https://www.makan.org.il/content/news/makan-news/p-11083/467799/,20240917133742,cdx,0
https://www.makan.org.il/content/news/makan-news/p-11083/527146/,20240917133844,cdx,0
https://www.makan.org.il/content/news/makan-news/p-11083/800783/,20240916141238,cdx,0
https://www.makan.org.il/content/news/makan-news/p-11083/803864/,20240924152051,cdx,0
https://www.makan.org.il/content/news/makan-news/p-11083/804663/,20240926193823,cdx,0
https://www.makan.org.il/content/news/makan-news/p-11083/807710/,20241004023313,cdx,0
https://www.makan.org.il/content/news/makan-news/p-11208/799163/,20240915210735,cdx,0
https://www.makan.org.il/content/news/makan-news/p-11208/804413/,20240926214913,cdx,0
https://www.makan.org.il/content/news/makan-news/p-11254/801241/,20240919092100,cdx,0
https://www.makan.org.il/content/news/makan-news/p-11254/809317/,20241009115114,cdx,0
https://www.makan.org.il/content/news/makan-news/p-11254/810298/,20241010005528,cdx,0
https://www.makan.org.il/content/news/makan-news/p-11254/812958/,20241017130852,cdx,0
https://www.makan.org.il/content/news/makan-news/p-11292/800635/,20240916184422,cdx,0
https://www.makan.org.il/content/news/makan-news/p-11292/802938/,20240922204810,cdx,0
https://www.makan.org.il/content/news/makan-news/p-11292/803762/,20240924212336,cdx,0
https://www.makan.org.il/content/news/makan-news/p-11292/808722/,20241006205638,cdx,0
https://www.makan.org.il/content/news/makan-news/p-11292/809728/,20241008102925,cdx,0
https://www.makan.org.il/content/news/makan-news/p-11292/813167/,20241017051955,cdx,0
https://www.makan.org.il/content/news/makan-news/p-11371/129252/,20240915115545,cdx,0
https://www.makan.org.il/content/news/makan-news/p-11371/129600/,20240915115719,cdx,0
https://www.makan.org.il/content/news/makan-news/p-11371/484205/,20240915113907,cdx,0
https://www.makan.org.il/content/news/makan-news/p-11371/541995/,20240915114010,cdx,0
https://www.makan.org.il/content/news/makan-news/p-11371/542050/,20240915114152,cdx,0
https://www.makan.org.il/content/news/makan-news/p-11371/662267/,20240915114347,cdx,0
https://www.makan.org.il/content/news/makan-news/p-11371/664562/,20240915114545,cdx,0
https://www.makan.org.il/content/news/makan-news/p-11371/664997/,20240915114835,cdx,0
https://www.makan.org.il/content/news/makan-news/p-11371/697048/,20240915115017,cdx,0
https://www.makan.org.il/content/news/makan-news/p-11371/709970/,20240915115209,cdx,0
https://www.makan.org.il/content/news/makan-news/p-11371/740441/,20240915115351,cdx,0
https://www.makan.org.il/content/news/makan-news/p-11371/800350/,20240915182604,cdx,0
https://www.makan.org.il/content/news/makan-news/p-11371/800587/,20240916185919,cdx,0
https://www.makan.org.il/content/news/makan-news/p-11371/801251/,20240919042214,cdx,0
https://www.makan.org.il/content/news/makan-news/p-11371/801469/,20240919042330,cdx,0
https://www.makan.org.il/content/news/makan-news/p-11371/801487/,20240919042004,cdx,0
https://www.makan.org.il/content/news/makan-news/p-11371/801506/,20240918151506,cdx,0
https://www.makan.org.il/content/news/makan-news/p-11371/802127/,20240920043251,cdx,0
https://www.makan.org.il/content/news/makan-news/p-11371/802310/,20240920192431,cdx,0
https://www.makan.org.il/content/news/makan-news/p-11371/803039/,20240922204637,cdx,0
https://www.makan.org.il/content/news/makan-news/p-11371/803106/,20240922150722,cdx,0
https://www.makan.org.il/content/news/makan-news/p-11371/803335/,20240923232719,cdx,0
https://www.makan.org.il/content/news/makan-news/p-11371/804076/,20240925203553,cdx,0
https://www.makan.org.il/content/news/makan-news/p-11371/804297/,20240925145740,cdx,0
https://www.makan.org.il/content/news/makan-news/p-11371/804331/,20240926201934,cdx,0
https://www.makan.org.il/content/news/makan-news/p-11371/805211/,20240927173807,cdx,0
https://www.makan.org.il/content/news/makan-news/p-11371/805214/,20240927173634,cdx,0
https://www.makan.org.il/content/news/makan-news/p-11371/805253/,20240927222037,cdx,0
https://www.makan.org.il/content/news/makan-news/p-11371/805446/,20240928232233,cdx,0
https://www.makan.org.il/content/news/makan-news/p-11371/805462/,20240928231737,cdx,0
https://www.makan.org.il/content/news/makan-news/p-11371/805520/,20240928231853,cdx,0
https://www.makan.org.il/content/news/makan-news/p-11371/805574/,20240928173756,cdx,0
https://www.makan.org.il/content/news/makan-news/p-11371/805730/,20240929182241,cdx,0
https://www.makan.org.il/content/news/makan-news/p-11371/805755/,20240929182140,cdx,0
https://www.makan.org.il/content/news/makan-news/p-11371/805953/,20240929153953,cdx,0
https://www.makan.org.il/content/news/makan-news/p-11371/806611/,20240930225150,cdx,0
https://www.makan.org.il/content/news/makan-news/p-11371/807659/,20241004024153,cdx,0
https://www.makan.org.il/content/news/makan-news/p-11371/807921/,20241005054117,cdx,0
https://www.makan.org.il/content/news/makan-news/p-11371/807968/,20241005053144,cdx,0
https://www.makan.org.il/content/news/makan-news/p-11371/808123/,20241006023531,cdx,0
https://www.makan.org.il/content/news/makan-news/p-11371/808432/,20241005153447,cdx,0
https://www.makan.org.il/content/news/makan-news/p-11371/808643/,20241006205801,cdx,0
https://www.makan.org.il/content/news/makan-news/p-11371/808750/,20241006205444,cdx,0
https://www.makan.org.il/content/news/makan-news/p-11371/810211/,20241008155230,cdx,0
https://www.makan.org.il/content/news/makan-news/p-11371/810454/,20241009215654,cdx,0
https://www.makan.org.il/content/news/makan-news/p-11371/813455/,20241017152427,cdx,0
https://www.makan.org.il/content/news/makan-news/p-11403/481577/,20240915104044,cdx,0
https://www.makan.org.il/content/news/makan-news/p-11403/524795/,20240915104114,cdx,0
https://www.makan.org.il/content/news/makan-news/p-11403/536938/,20240915104341,cdx,0
https://www.makan.org.il/content/news/makan-news/p-11403/537123/,20240915104452,cdx,0
https://www.makan.org.il/content/news/makan-news/p-11403/545362/,20240915104732,cdx,0
https://www.makan.org.il/content/news/makan-news/p-11403/545463/,20240915104953,cdx,0
https://www.makan.org.il/content/news/makan-news/p-11403/662282/,20240915105217,cdx,0
https://www.makan.org.il/content/news/makan-news/p-11403/750803/,20240915105453,cdx,0
https://www.makan.org.il/content/news/makan-news/p-11403/800233/,20240915182848,cdx,0
https://www.makan.org.il/content/news/makan-news/p-11403/801385/,20240919042411,cdx,0
https://www.makan.org.il/content/news/makan-news/p-11403/801937/,20240920023555,cdx,0
https://www.makan.org.il/content/news/makan-news/p-11403/802057/,20240919183308,cdx,0
https://www.makan.org.il/content/news/makan-news/p-11403/802323/,20240920192248,cdx,0
https://www.makan.org.il/content/news/makan-news/p-11403/803380/,20240923215311,cdx,0
https://www.makan.org.il/content/news/makan-news/p-11403/806655/,20240930225107,cdx,0
https://www.makan.org.il/content/news/makan-news/p-11403/807730/,20241004023132,cdx,0
https://www.makan.org.il/content/news/makan-news/p-11403/808297/,20241006012130,cdx,0
https://www.makan.org.il/content/news/makan-news/p-11403/810520/,20241009215317,cdx,0
https://www.makan.org.il/content/news/makan-news/p-11403/813204/,20241017051047,cdx,0
https://www.makan.org.il/content/news/makan-news/p-11626/804744/,20240926193636,cdx,0
https://www.makan.org.il/content/news/makan-news/p-11626/805733/,20240929182308,cdx,0
https://www.makan.org.il/content/news/makan-news/p-11626/807939/,20241005053711,cdx,0
https://www.makan.org.il/content/news/makan-news/p-11693/124621/,20240915110447,cdx,0
https://www.makan.org.il/content/news/makan-news/p-11693/128133/,20240915110725,cdx,0
https://www.makan.org.il/content/news/makan-news/p-11693/484413/,20240915110944,cdx,0
https://www.makan.org.il/content/news/makan-news/p-11693/492841/,20240915111118,cdx,0
https://www.makan.org.il/content/news/makan-news/p-11693/498569/,20240915111310,cdx,0
https://www.makan.org.il/content/news/makan-news/p-11693/559980/,20240915111444,cdx,0
https://www.makan.org.il/content/news/makan-news/p-11693/562425/,20240915111637,cdx,0
https://www.makan.org.il/content/news/makan-news/p-11693/580155/,20240915111849,cdx,0
https://www.makan.org.il/content/news/makan-news/p-11693/586705/,20240915112101,cdx,0
https://www.makan.org.il/content/news/makan-news/p-11693/586788/,20240915112155,cdx,0
https://www.makan.org.il/content/news/makan-news/p-11693/587504/,20240915112235,cdx,0
https://www.makan.org.il/content/news/makan-news/p-11693/587509/,20240915112313,cdx,0
https://www.makan.org.il/content/news/makan-news/p-11693/587520/,20240915112404,cdx,0
https://www.makan.org.il/content/news/makan-news/p-11693/587529/,20240915112452,cdx,0
https://www.makan.org.il/content/news/makan-news/p-11693/609249/,20240915112538,cdx,0
https://www.makan.org.il/content/news/makan-news/p-11693/633406/,20240915112708,cdx,0
https://www.makan.org.il/content/news/makan-news/p-11693/652936/,20240915112836,cdx,0
https://www.makan.org.il/content/news/makan-news/p-11693/660411/,20240915112913,cdx,0
https://www.makan.org.il/content/news/makan-news/p-11693/660445/,20240915112948,cdx,0
https://www.makan.org.il/content/news/makan-news/p-11693/663067/,20240915113032,cdx,0
https://www.makan.org.il/content/news/makan-news/p-11693/665275/,20240915113110,cdx,0
https://www.makan.org.il/content/news/makan-news/p-11693/669547/,20240915113201,cdx,0
https://www.makan.org.il/content/news/makan-news/p-11693/670071/,20240915113243,cdx,0
https://www.makan.org.il/content/news/makan-news/p-11693/670576/,20240915113346,cdx,0
https://www.makan.org.il/content/news/makan-news/p-11693/700323/,20240915113508,cdx,0
https://www.makan.org.il/content/news/makan-news/p-11693/724049/,20240915113559,cdx,0
https://www.makan.org.il/content/news/makan-news/p-11693/758920/,20240915113723,cdx,0
https://www.makan.org.il/content/news/makan-news/p-11693/794410/,20240920220334,cdx,0
https://www.makan.org.il/content/news/makan-news/p-11693/800179/,20240915183441,cdx,0
https://www.makan.org.il/content/news/makan-news/p-11693/800218/,20240915183344,cdx,0
https://www.makan.org.il/content/news/makan-news/p-11693/800261/,20240915183129,cdx,0
https://www.makan.org.il/content/news/makan-news/p-11693/800297/,20240915182737,cdx,0
https://www.makan.org.il/content/news/makan-news/p-11693/800318/,20240915143741,cdx,0
https://www.makan.org.il/content/news/makan-news/p-11693/800339/,20240915143942,cdx,0
https://www.makan.org.il/content/news/makan-news/p-11693/800629/,20240916185253,cdx,0
https://www.makan.org.il/content/news/makan-news/p-11693/800695/,20240916184751,cdx,0
https://www.makan.org.il/content/news/makan-news/p-11693/800991/,20240917203904,cdx,0
https://www.makan.org.il/content/news/makan-news/p-11693/801076/,20240917145528,cdx,0
https://www.makan.org.il/content/news/makan-news/p-11693/801395/,20240919042140,cdx,0
https://www.makan.org.il/content/news/makan-news/p-11693/801429/,20240919042255,cdx,0
https://www.makan.org.il/content/news/makan-news/p-11693/801434/,20240919042053,cdx,0
https://www.makan.org.il/content/news/makan-news/p-11693/801587/,20240918151146,cdx,0
https://www.makan.org.il/content/news/makan-news/p-11693/801592/,20240918151356,cdx,0
https://www.makan.org.il/content/news/makan-news/p-11693/801876/,20240922005409,cdx,0
https://www.makan.org.il/content/news/makan-news/p-11693/801880/,20240920025518,cdx,0
https://www.makan.org.il/content/news/makan-news/p-11693/801886/,20240920023734,cdx,0
https://www.makan.org.il/content/news/makan-news/p-11693/801913/,20240920025317,cdx,0
https://www.makan.org.il/content/news/makan-news/p-11693/801926/,20240920043419,cdx,0
https://www.makan.org.il/content/news/makan-news/p-11693/802043/,20240919183626,cdx,0
https://www.makan.org.il/content/news/makan-news/p-11693/802182/,20240920192528,cdx,0
https://www.makan.org.il/content/news/makan-news/p-11693/802245/,20240920192610,cdx,0
https://www.makan.org.il/content/news/makan-news/p-11693/802250/,20240920192647,cdx,0
https://www.makan.org.il/content/news/makan-news/p-11693/802320/,20240920192359,cdx,0
https://www.makan.org.il/content/news/makan-news/p-11693/802341/,20240920192217,cdx,0
https://www.makan.org.il/content/news/makan-news/p-11693/802388/,20240920151401,cdx,0
https://www.makan.org.il/content/news/makan-news/p-11693/802411/,20240920150844,cdx,0
https://www.makan.org.il/content/news/makan-news/p-11693/802435/,20240920201233,cdx,0
https://www.makan.org.il/content/news/makan-news/p-11693/802546/,20240921233411,cdx,0
https://www.makan.org.il/content/news/makan-news/p-11693/802548/,20240921233524,cdx,0
https://www.makan.org.il/content/news/makan-news/p-11693/802568/,20240921233300,cdx,0
https://www.makan.org.il/content/news/makan-news/p-11693/802570/,20240921232736,cdx,0
https://www.makan.org.il/content/news/makan-news/p-11693/802572/,20240921232614,cdx,0
https://www.makan.org.il/content/news/makan-news/p-11693/802598/,20240921152446,cdx,0
https://www.makan.org.il/content/news/makan-news/p-11693/802606/,20240921152343,cdx,0
https://www.makan.org.il/content/news/makan-news/p-11693/802621/,20240921232907,cdx,0
https://www.makan.org.il/content/news/makan-news/p-11693/802645/,20240921152223,cdx,0
https://www.makan.org.il/content/news/makan-news/p-11693/802674/,20240921151723,cdx,0
https://www.makan.org.il/content/news/makan-news/p-11693/802886/,20240922150912,cdx,0
https://www.makan.org.il/content/news/makan-news/p-11693/802927/,20240922204925,cdx,0
https://www.makan.org.il/content/news/makan-news/p-11693/802964/,20240922204724,cdx,0
https://www.makan.org.il/content/news/makan-news/p-11693/803016/,20240922204425,cdx,0
https://www.makan.org.il/content/news/makan-news/p-11693/803067/,20240922150818,cdx,0
https://www.makan.org.il/content/news/makan-news/p-11693/803165/,20240923220046,cdx,0
https://www.makan.org.il/content/news/makan-news/p-11693/803318/,20240923215611,cdx,0
https://www.makan.org.il/content/news/makan-news/p-11693/803325/,20240923215858,cdx,0
https://www.makan.org.il/content/news/makan-news/p-11693/803337/,20240923215459,cdx,0
https://www.makan.org.il/content/news/makan-news/p-11693/803354/,20240923145118,cdx,0
https://www.makan.org.il/content/news/makan-news/p-11693/803414/,20240923214918,cdx,0
https://www.makan.org.il/content/news/makan-news/p-11693/803456/,20240923144934,cdx,0
https://www.makan.org.il/content/news/makan-news/p-11693/803470/,20240923145030,cdx,0
https://www.makan.org.il/content/news/makan-news/p-11693/803508/,20240923144623,cdx,0
https://www.makan.org.il/content/news/makan-news/p-11693/803695/,20240924213019,cdx,0
https://www.makan.org.il/content/news/makan-news/p-11693/803751/,20240924212713,cdx,0
https://www.makan.org.il/content/news/makan-news/p-11693/803766/,20240924212809,cdx,0
https://www.makan.org.il/content/news/makan-news/p-11693/803783/,20240924212629,cdx,0
https://www.makan.org.il/content/news/makan-news/p-11693/803792/,20240924152158,cdx,0
https://www.makan.org.il/content/news/makan-news/p-11693/803804/,20240924151625,cdx,0
https://www.makan.org.il/content/news/makan-news/p-11693/803895/,20240924152014,cdx,0
https://www.makan.org.il/content/news/makan-news/p-11693/803902/,20240924221818,cdx,0
https://www.makan.org.il/content/news/makan-news/p-11693/804072/,20240925203507,cdx,0
https://www.makan.org.il/content/news/makan-news/p-11693/804081/,20240925203309,cdx,0
https://www.makan.org.il/content/news/makan-news/p-11693/804089/,20240925203414,cdx,0
https://www.makan.org.il/content/news/makan-news/p-11693/804108/,20240925203235,cdx,0
https://www.makan.org.il/content/news/makan-news/p-11693/804128/,20240925203047,cdx,0
https://www.makan.org.il/content/news/makan-news/p-11693/804217/,20240925145957,cdx,0
https://www.makan.org.il/content/news/makan-news/p-11693/804282/,20240925145851,cdx,0
https://www.makan.org.il/content/news/makan-news/p-11693/804356/,20240925145411,cdx,0
https://www.makan.org.il/content/news/makan-news/p-11693/804638/,20240926194033,cdx,0
https://www.makan.org.il/content/news/makan-news/p-11693/804646/,20240926194250,cdx,0
https://www.makan.org.il/content/news/makan-news/p-11693/804686/,20240926193740,cdx,0
https://www.makan.org.il/content/news/makan-news/p-11693/804819/,20240926145341,cdx,0
https://www.makan.org.il/content/news/makan-news/p-11693/804828/,20240926145454,cdx,0
https://www.makan.org.il/content/news/makan-news/p-11693/804849/,20240926145026,cdx,0
https://www.makan.org.il/content/news/makan-news/p-11693/805115/,20240927222657,cdx,0
https://www.makan.org.il/content/news/makan-news/p-11693/805164/,20240927222520,cdx,0
https://www.makan.org.il/content/news/makan-news/p-11693/805195/,20240927222232,cdx,0
https://www.makan.org.il/content/news/makan-news/p-11693/805246/,20240927173501,cdx,0
https://www.makan.org.il/content/news/makan-news/p-11693/805434/,20240928231630,cdx,0
https://www.makan.org.il/content/news/makan-news/p-11693/805452/,20240928231953,cdx,0
https://www.makan.org.il/content/news/makan-news/p-11693/805529/,20240928174102,cdx,0
https://www.makan.org.il/content/news/makan-news/p-11693/805592/,20240928173306,cdx,0
https://www.makan.org.il/content/news/makan-news/p-11693/805727/,20240929182352,cdx,0
https://www.makan.org.il/content/news/makan-news/p-11693/805887/,20240929154043,cdx,0
https://www.makan.org.il/content/news/makan-news/p-11693/805979/,20240929154023,cdx,0
https://www.makan.org.il/content/news/makan-news/p-11693/806037/,20240929153832,cdx,0
https://www.makan.org.il/content/news/makan-news/p-11693/806560/,20240930224915,cdx,0
https://www.makan.org.il/content/news/makan-news/p-11693/806733/,20241002013423,cdx,0
https://www.makan.org.il/content/news/makan-news/p-11693/806853/,20241002011812,cdx,0
https://www.makan.org.il/content/news/makan-news/p-11693/807085/,20241002033737,cdx,0
https://www.makan.org.il/content/news/makan-news/p-11693/807119/,20241002033600,cdx,0
https://www.makan.org.il/content/news/makan-news/p-11693/807184/,20241003010643,cdx,0
https://www.makan.org.il/content/news/makan-news/p-11693/807301/,20241003010534,cdx,0
https://www.makan.org.il/content/news/makan-news/p-11693/807317/,20241003010014,cdx,0
https://www.makan.org.il/content/news/makan-news/p-11693/807345/,20241003005855,cdx,0
https://www.makan.org.il/content/news/makan-news/p-11693/807388/,20241003010209,cdx,0
https://www.makan.org.il/content/news/makan-news/p-11693/807417/,20241002152754,cdx,0
https://www.makan.org.il/content/news/makan-news/p-11693/807470/,20241002152614,cdx,0
https://www.makan.org.il/content/news/makan-news/p-11693/807480/,20241002152441,cdx,0
https://www.makan.org.il/content/news/makan-news/p-11693/807488/,20241002152053,cdx,0
https://www.makan.org.il/content/news/makan-news/p-11693/807648/,20241004023952,cdx,0
https://www.makan.org.il/content/news/makan-news/p-11693/807674/,20241004023529,cdx,0
https://www.makan.org.il/content/news/makan-news/p-11693/807770/,20241003152401,cdx,0
https://www.makan.org.il/content/news/makan-news/p-11693/807868/,20241005054332,cdx,0
https://www.makan.org.il/content/news/makan-news/p-11693/807904/,20241005053606,cdx,0
https://www.makan.org.il/content/news/makan-news/p-11693/807960/,20241005052916,cdx,0
https://www.makan.org.il/content/news/makan-news/p-11693/808080/,20241004154028,cdx,0
https://www.makan.org.il/content/news/makan-news/p-11693/808294/,20241006012026,cdx,0
https://www.makan.org.il/content/news/makan-news/p-11693/808298/,20241006011859,cdx,0
https://www.makan.org.il/content/news/makan-news/p-11693/808305/,20241006011730,cdx,0
https://www.makan.org.il/content/news/makan-news/p-11693/808309/,20241006010938,cdx,0
https://www.makan.org.il/content/news/makan-news/p-11693/808313/,20241006011359,cdx,0
https://www.makan.org.il/content/news/makan-news/p-11693/808318/,20241005154003,cdx,0
https://www.makan.org.il/content/news/makan-news/p-11693/808408/,20241005153852,cdx,0
https://www.makan.org.il/content/news/makan-news/p-11693/808715/,20241006205609,cdx,0
https://www.makan.org.il/content/news/makan-news/p-11693/808803/,20241006205728,cdx,0
https://www.makan.org.il/content/news/makan-news/p-11693/808818/,20241006205414,cdx,0
https://www.makan.org.il/content/news/makan-news/p-11693/808997/,20241006205348,cdx,0
https://www.makan.org.il/content/news/makan-news/p-11693/809119/,20241006152534,cdx,0
https://www.makan.org.il/content/news/makan-news/p-11693/809145/,20241006151724,cdx,0
https://www.makan.org.il/content/news/makan-news/p-11693/809209/,20241006152353,cdx,0
https://www.makan.org.il/content/news/makan-news/p-11693/809231/,20241006152244,cdx,0
https://www.makan.org.il/content/news/makan-news/p-11693/809591/,20241008104518,cdx,0
https://www.makan.org.il/content/news/makan-news/p-11693/809625/,20241008104238,cdx,0
https://www.makan.org.il/content/news/makan-news/p-11693/809653/,20241008103538,cdx,0
https://www.makan.org.il/content/news/makan-news/p-11693/809671/,20241008103756,cdx,0
https://www.makan.org.il/content/news/makan-news/p-11693/809767/,20241007155626,cdx,0
https://www.makan.org.il/content/news/makan-news/p-11693/810031/,20241009065847,cdx,0
https://www.makan.org.il/content/news/makan-news/p-11693/810052/,20241009065613,cdx,0
https://www.makan.org.il/content/news/makan-news/p-11693/810091/,20241009065141,cdx,0
https://www.makan.org.il/content/news/makan-news/p-11693/810141/,20241009065256,cdx,0
https://www.makan.org.il/content/news/makan-news/p-11693/810224/,20241008155055,cdx,0
https://www.makan.org.il/content/news/makan-news/p-11693/810251/,20241008154534,cdx,0
https://www.makan.org.il/content/news/makan-news/p-11693/810356/,20241009215750,cdx,0
https://www.makan.org.il/content/news/makan-news/p-11693/810457/,20241009215614,cdx,0
https://www.makan.org.il/content/news/makan-news/p-11693/810572/,20241009144701,cdx,0
https://www.makan.org.il/content/news/makan-news/p-11693/810618/,20241009144618,cdx,0
https://www.makan.org.il/content/news/makan-news/p-11693/810632/,20241009144216,cdx,0
https://www.makan.org.il/content/news/makan-news/p-11693/813190/,20241017051714,cdx,0
https://www.makan.org.il/content/news/makan-news/p-11693/813237/,20241017013751,cdx,0
https://www.makan.org.il/content/news/makan-news/p-11693/813255/,20241017013705,cdx,0
https://www.makan.org.il/content/news/makan-news/p-11693/813274/,20241017013414,cdx,0
https://www.makan.org.il/content/news/makan-news/p-11693/813340/,20241017221840,cdx,0
https://www.makan.org.il/content/news/makan-news/p-11693/813395/,20241017220058,cdx,0
https://www.makan.org.il/content/news/makan-news/p-11693/813402/,20241017215803,cdx,0
https://www.makan.org.il/content/news/makan-news/p-11693/813459/,20241017152248,cdx,0
https://www.makan.org.il/content/news/makan-news/p-11693/813463/,20241017152048,cdx,0
https://www.makan.org.il/content/news/makan-news/p-11693/813469/,20241017151413,cdx,0
https://www.makan.org.il/content/news/makan-news/p-11711/124516/,20240916064314,cdx,0
https://www.makan.org.il/content/news/makan-news/p-11711/472208/,20240916064411,cdx,0
https://www.makan.org.il/content/news/makan-news/p-11711/478635/,20240916064433,cdx,0
https://www.makan.org.il/content/news/makan-news/p-11711/484396/,20240916064507,cdx,0
https://www.makan.org.il/content/news/makan-news/p-11711/484716/,20240916064453,cdx,0
https://www.makan.org.il/content/news/makan-news/p-11711/496376/,20240916064551,cdx,0
https://www.makan.org.il/content/news/makan-news/p-11711/498425/,20240916064648,cdx,0
https://www.makan.org.il/content/news/makan-news/p-11711/524807/,20240916064720,cdx,0
https://www.makan.org.il/content/news/makan-news/p-11711/565818/,20240916064813,cdx,0
https://www.makan.org.il/content/news/makan-news/p-11711/587378/,20240916064922,cdx,0
https://www.makan.org.il/content/news/makan-news/p-11711/602460/,20240916065025,cdx,0
https://www.makan.org.il/content/news/makan-news/p-11711/666090/,20240916065137,cdx,0
https://www.makan.org.il/content/news/makan-news/p-11711/670050/,20240916065225,cdx,0
https://www.makan.org.il/content/news/makan-news/p-11711/800389/,20240915143114,cdx,0
https://www.makan.org.il/content/news/makan-news/p-11711/800399/,20240915142730,cdx,0
https://www.makan.org.il/content/news/makan-news/p-11711/800764/,20240916141349,cdx,0
https://www.makan.org.il/content/news/makan-news/p-11711/800772/,20240916141415,cdx,0
https://www.makan.org.il/content/news/makan-news/p-11711/800860/,20240917204133,cdx,0
https://www.makan.org.il/content/news/makan-news/p-11711/800941/,20240917204056,cdx,0
https://www.makan.org.il/content/news/makan-news/p-11711/800988/,20240917203956,cdx,0
https://www.makan.org.il/content/news/makan-news/p-11711/801056/,20240917150246,cdx,0
https://www.makan.org.il/content/news/makan-news/p-11711/801615/,20240918150734,cdx,0
https://www.makan.org.il/content/news/makan-news/p-11711/802366/,20240920151622,cdx,0
https://www.makan.org.il/content/news/makan-news/p-11711/802586/,20240921233126,cdx,0
https://www.makan.org.il/content/news/makan-news/p-11711/803086/,20240922150425,cdx,0
https://www.makan.org.il/content/news/makan-news/p-11711/804171/,20240925203132,cdx,0
https://www.makan.org.il/content/news/makan-news/p-11711/804643/,20240926194001,cdx,0
https://www.makan.org.il/content/news/makan-news/p-11711/804730/,20240926145558,cdx,0
https://www.makan.org.il/content/news/makan-news/p-11711/805228/,20240927173104,cdx,0
https://www.makan.org.il/content/news/makan-news/p-11711/805761/,20240929182203,cdx,0
https://www.makan.org.il/content/news/makan-news/p-11711/807294/,20241003010317,cdx,0
https://www.makan.org.il/content/news/makan-news/p-11711/807692/,20241004023732,cdx,0
https://www.makan.org.il/content/news/makan-news/p-11711/808292/,20241006012352,cdx,0
https://www.makan.org.il/content/news/makan-news/p-11711/808345/,20241006011521,cdx,0
https://www.makan.org.il/content/news/makan-news/p-11711/809682/,20241008104027,cdx,0
https://www.makan.org.il/content/news/makan-news/p-11711/809782/,20241008103254,cdx,0
https://www.makan.org.il/content/news/makan-news/p-11711/810045/,20241009065714,cdx,0
https://www.makan.org.il/content/news/makan-news/p-11711/810120/,20241008155422,cdx,0
https://www.makan.org.il/content/news/makan-news/p-11711/810327/,20241009215836,cdx,0
https://www.makan.org.il/content/news/makan-news/p-11711/810660/,20241009144533,cdx,0
https://www.makan.org.il/content/news/makan-news/p-11711/813223/,20241017013839,cdx,0
https://www.makan.org.il/content/news/makan-news/p-11711/813405/,20241017215207,cdx,0
https://www.makan.org.il/content/news/makan-news/p-11749/124477/,20240915183707,cdx,0
https://www.makan.org.il/content/news/makan-news/p-11749/124573/,20240915183814,cdx,0
https://www.makan.org.il/content/news/makan-news/p-11749/128187/,20240915183856,cdx,0
https://www.makan.org.il/content/news/makan-news/p-11749/135618/,20240915184017,cdx,0
https://www.makan.org.il/content/news/makan-news/p-11749/136920/,20240915184104,cdx,0
https://www.makan.org.il/content/news/makan-news/p-11749/137015/,20240915184214,cdx,0
https://www.makan.org.il/content/news/makan-news/p-11749/138906/,20240915184331,cdx,0
https://www.makan.org.il/content/news/makan-news/p-11749/467783/,20240915184423,cdx,0
https://www.makan.org.il/content/news/makan-news/p-11749/478168/,20240915184442,cdx,0
https://www.makan.org.il/content/news/makan-news/p-11749/481817/,20240915184511,cdx,0
https://www.makan.org.il/content/news/makan-news/p-11749/484766/,20240915184611,cdx,0
https://www.makan.org.il/content/news/makan-news/p-11749/485741/,20240915184648,cdx,0
https://www.makan.org.il/content/news/makan-news/p-11749/486183/,20240915184716,cdx,0
https://www.makan.org.il/content/news/makan-news/p-11749/486421/,20240915184741,cdx,0
https://www.makan.org.il/content/news/makan-news/p-11749/487831/,20240915184806,cdx,0
https://www.makan.org.il/content/news/makan-news/p-11749/487888/,20240915185242,cdx,0
https://www.makan.org.il/content/news/makan-news/p-11749/492794/,20240915185320,cdx,0
https://www.makan.org.il/content/news/makan-news/p-11749/492835/,20240915185404,cdx,0
https://www.makan.org.il/content/news/makan-news/p-11749/492838/,20240915185517,cdx,0
https://www.makan.org.il/content/news/makan-news/p-11749/494030/,20240915185631,cdx,0
https://www.makan.org.il/content/news/makan-news/p-11749/494676/,20240915185749,cdx,0
https://www.makan.org.il/content/news/makan-news/p-11749/503688/,20240915185855,cdx,0
https://www.makan.org.il/content/news/makan-news/p-11749/503937/,20240915190029,cdx,0
https://www.makan.org.il/content/news/makan-news/p-11749/506355/,20240915190150,cdx,0
https://www.makan.org.il/content/news/makan-news/p-11749/524901/,20240915190248,cdx,0
https://www.makan.org.il/content/news/makan-news/p-11749/527157/,20240915190426,cdx,0
https://www.makan.org.il/content/news/makan-news/p-11749/531075/,20240915190516,cdx,0
https://www.makan.org.il/content/news/makan-news/p-11749/531603/,20240915190657,cdx,0
https://www.makan.org.il/content/news/makan-news/p-11749/535433/,20240915190734,cdx,0
https://www.makan.org.il/content/news/makan-news/p-11749/543518/,20240915190822,cdx,0
https://www.makan.org.il/content/news/makan-news/p-11749/564453/,20240915190954,cdx,0
https://www.makan.org.il/content/news/makan-news/p-11749/584993/,20240915191053,cdx,0
https://www.makan.org.il/content/news/makan-news/p-11749/588159/,20240915191158,cdx,0
https://www.makan.org.il/content/news/makan-news/p-11749/714306/,20240915191339,cdx,0
https://www.makan.org.il/content/news/makan-news/p-11749/716347/,20240915134530,cdx,0
https://www.makan.org.il/content/news/makan-news/p-11749/723758/,20240915191454,cdx,0
https://www.makan.org.il/content/news/makan-news/p-11749/727313/,20240915191905,cdx,0
https://www.makan.org.il/content/news/makan-news/p-11749/727685/,20240915191944,cdx,0
https://www.makan.org.il/content/news/makan-news/p-11749/730496/,20240915192038,cdx,0
https://www.makan.org.il/content/news/makan-news/p-11749/731105/,20240915192129,cdx,0
https://www.makan.org.il/content/news/makan-news/p-11749/736482/,20240915192257,cdx,0
https://www.makan.org.il/content/news/makan-news/p-11749/737081/,20240915192401,cdx,0
https://www.makan.org.il/content/news/makan-news/p-11749/742594/,20240915192449,cdx,0
https://www.makan.org.il/content/news/makan-news/p-11749/755697/,20240915192557,cdx,0
https://www.makan.org.il/content/news/makan-news/p-11749/757538/,20240915192700,cdx,0
https://www.makan.org.il/content/news/makan-news/p-11749/773171/,20240915192744,cdx,0
https://www.makan.org.il/content/news/makan-news/p-11749/800312/,20240915183025,cdx,0
https://www.makan.org.il/content/news/makan-news/p-11749/800606/,20240916185425,cdx,0
https://www.makan.org.il/content/news/makan-news/p-11749/800643/,20240916184028,cdx,0
https://www.makan.org.il/content/news/makan-news/p-11749/800661/,20240916185105,cdx,0
https://www.makan.org.il/content/news/makan-news/p-11749/800675/,20240916184217,cdx,0
https://www.makan.org.il/content/news/makan-news/p-11749/800740/,20240916141430,cdx,0
https://www.makan.org.il/content/news/makan-news/p-11749/800985/,20240917204027,cdx,0
https://www.makan.org.il/content/news/makan-news/p-11749/800996/,20240917203823,cdx,0
https://www.makan.org.il/content/news/makan-news/p-11749/801009/,20240917203718,cdx,0
https://www.makan.org.il/content/news/makan-news/p-11749/801022/,20240917203557,cdx,0
https://www.makan.org.il/content/news/makan-news/p-11749/801065/,20240917150117,cdx,0
https://www.makan.org.il/content/news/makan-news/p-11749/801534/,20240919041908,cdx,0
https://www.makan.org.il/content/news/makan-news/p-11749/801919/,20240920023923,cdx,0
https://www.makan.org.il/content/news/makan-news/p-11749/802352/,20240920192139,cdx,0
https://www.makan.org.il/content/news/makan-news/p-11749/802933/,20240922205019,cdx,0
https://www.makan.org.il/content/news/makan-news/p-11749/803003/,20240922204546,cdx,0
https://www.makan.org.il/content/news/makan-news/p-11749/803010/,20240922204507,cdx,0
https://www.makan.org.il/content/news/makan-news/p-11749/803174/,20240923220008,cdx,0
https://www.makan.org.il/content/news/makan-news/p-11749/803326/,20240923215752,cdx,0
https://www.makan.org.il/content/news/makan-news/p-11749/803691/,20240924213103,cdx,0
https://www.makan.org.il/content/news/makan-news/p-11749/803719/,20240924212922,cdx,0
https://www.makan.org.il/content/news/makan-news/p-11749/804652/,20240926193924,cdx,0
https://www.makan.org.il/content/news/makan-news/p-11749/805150/,20240927222608,cdx,0
https://www.makan.org.il/content/news/makan-news/p-11749/805171/,20240927222327,cdx,0
https://www.makan.org.il/content/news/makan-news/p-11749/805800/,20240929182114,cdx,0
https://www.makan.org.il/content/news/makan-news/p-11749/805803/,20240929182050,cdx,0
https://www.makan.org.il/content/news/makan-news/p-11749/806585/,20240930225212,cdx,0
https://www.makan.org.il/content/news/makan-news/p-11749/806738/,20241002013126,cdx,0
https://www.makan.org.il/content/news/makan-news/p-11749/806793/,20241002012017,cdx,0
https://www.makan.org.il/content/news/makan-news/p-11749/806877/,20241002011615,cdx,0
https://www.makan.org.il/content/news/makan-news/p-11749/807159/,20241003010737,cdx,0
https://www.makan.org.il/content/news/makan-news/p-11749/807395/,20241003005743,cdx,0
https://www.makan.org.il/content/news/makan-news/p-11749/807719/,20241004022946,cdx,0
https://www.makan.org.il/content/news/makan-news/p-11749/807754/,20241003152755,cdx,0
https://www.makan.org.il/content/news/makan-news/p-11749/810063/,20241009065506,cdx,0
https://www.makan.org.il/content/news/makan-news/p-11749/810075/,20241009065428,cdx,0
https://www.makan.org.il/content/news/makan-news/p-11749/813106/,20241017061020,cdx,0
https://www.makan.org.il/content/news/makan-news/p-11749/813365/,20241017221257,cdx,0
https://www.makan.org.il/content/news/makan-news/p-11749/813414/,20241017220950,cdx,0
https://www.makan.org.il/content/news/makan-news/p-11765/801933/,20240920024938,cdx,0
https://www.makan.org.il/content/news/makan-news/p-11765/805127/,20240927222424,cdx,0
https://www.makan.org.il/content/news/makan-news/p-11765/805482/,20240928232051,cdx,0
https://www.makan.org.il/content/news/makan-news/p-11765/806762/,20241002012238,cdx,0
https://www.makan.org.il/content/news/makan-news/p-11765/807750/,20241003152842,cdx,0
https://www.makan.org.il/content/news/makan-news/p-11765/807947/,20241005053320,cdx,0
https://www.makan.org.il/content/news/makan-news/p-11765/808760/,20241006205530,cdx,0
https://www.makan.org.il/content/news/makan-news/p-11765/810677/,20241009225959,cdx,0
https://www.makan.org.il/content/news/makan-news/p-11825/801096/,20240917145941,cdx,0
https://www.makan.org.il/content/news/makan-news/p-11825/803800/,20240924212531,cdx,0
https://www.makan.org.il/content/news/makan-news/p-11825/813217/,20241017051757,cdx,0
https://www.makan.org.il/content/news/makan-news/p-11881/759821/,20240916134135,cdx,0
https://www.makan.org.il/content/news/makan-news/p-11881/760149/,20240916134010,cdx,0
https://www.makan.org.il/content/news/makan-news/p-11881/760401/,20240916133858,cdx,0
https://www.makan.org.il/content/news/makan-news/p-11881/760829/,20240916133706,cdx,0
https://www.makan.org.il/content/news/makan-news/p-11881/761081/,20240916133544,cdx,0
https://www.makan.org.il/content/news/makan-news/p-11881/761420/,20240916133419,cdx,0
https://www.makan.org.il/content/news/makan-news/p-11881/761811/,20240916133255,cdx,0
https://www.makan.org.il/content/news/makan-news/p-11881/762737/,20240916133149,cdx,0
https://www.makan.org.il/content/news/makan-news/p-11881/763225/,20240916133029,cdx,0
https://www.makan.org.il/content/news/makan-news/p-11881/763797/,20240916132857,cdx,0
https://www.makan.org.il/content/news/makan-news/p-11881/764207/,20240916132733,cdx,0
https://www.makan.org.il/content/news/makan-news/p-11881/764380/,20240916132548,cdx,0
https://www.makan.org.il/content/news/makan-news/p-11881/764795/,20240916132509,cdx,0
https://www.makan.org.il/content/news/makan-news/p-11881/765254/,20240916132414,cdx,0
https://www.makan.org.il/content/news/makan-news/p-11881/765779/,20240916132252,cdx,0
https://www.makan.org.il/content/news/makan-news/p-11881/766312/,20240916132134,cdx,0
https://www.makan.org.il/content/news/makan-news/p-11881/766847/,20240916132018,cdx,0
https://www.makan.org.il/content/news/makan-news/p-11881/767146/,20240916131856,cdx,0
https://www.makan.org.il/content/news/makan-news/p-11881/767354/,20240916131821,cdx,0
https://www.makan.org.il/content/news/makan-news/p-11881/768013/,20240916131729,cdx,0
https://www.makan.org.il/content/news/makan-news/p-11881/768470/,20240916131559,cdx,0
https://www.makan.org.il/content/news/makan-news/p-11881/768886/,20240916131430,cdx,0
https://www.makan.org.il/content/news/makan-news/p-11881/769315/,20240916131316,cdx,0
https://www.makan.org.il/content/news/makan-news/p-11881/769716/,20240916131127,cdx,0
https://www.makan.org.il/content/news/makan-news/p-11881/769943/,20240916131014,cdx,0
https://www.makan.org.il/content/news/makan-news/p-11881/770181/,20240916130847,cdx,0
https://www.makan.org.il/content/news/makan-news/p-11881/770672/,20240916130720,cdx,0
https://www.makan.org.il/content/news/makan-news/p-11881/771080/,20240916130610,cdx,0
https://www.makan.org.il/content/news/makan-news/p-11881/771432/,20240916130423,cdx,0
https://www.makan.org.il/content/news/makan-news/p-11881/771822/,20240916130231,cdx,0
https://www.makan.org.il/content/news/makan-news/p-11881/772182/,20240916130116,cdx,0
https://www.makan.org.il/content/news/makan-news/p-11881/772399/,20240916125953,cdx,0
https://www.makan.org.il/content/news/makan-news/p-11881/772649/,20240916125831,cdx,0
https://www.makan.org.il/content/news/makan-news/p-11881/773067/,20240916125658,cdx,0
https://www.makan.org.il/content/news/makan-news/p-11881/773542/,20240916125531,cdx,0
https://www.makan.org.il/content/news/makan-news/p-11881/773965/,20240916125402,cdx,0
https://www.makan.org.il/content/news/makan-news/p-11881/774307/,20240916124431,cdx,0
https://www.makan.org.il/content/news/makan-news/p-11881/774642/,20240916125233,cdx,0
https://www.makan.org.il/content/news/makan-news/p-11881/774913/,20240916125115,cdx,0
https://www.makan.org.il/content/news/makan-news/p-11881/775150/,20240916124949,cdx,0
https://www.makan.org.il/content/news/makan-news/p-11881/775567/,20240916124826,cdx,0
https://www.makan.org.il/content/news/makan-news/p-11881/775927/,20240916124710,cdx,0
https://www.makan.org.il/content/news/makan-news/p-11881/776331/,20240916124554,cdx,0
https://www.makan.org.il/content/news/makan-news/p-11881/776764/,20240916124302,cdx,0
https://www.makan.org.il/content/news/makan-news/p-11881/777152/,20240916124124,cdx,0
https://www.makan.org.il/content/news/makan-news/p-11881/777437/,20240916123842,cdx,0
https://www.makan.org.il/content/news/makan-news/p-11881/777681/,20240916123604,cdx,0
https://www.makan.org.il/content/news/makan-news/p-11881/778147/,20240916123300,cdx,0
https://www.makan.org.il/content/news/makan-news/p-11881/778590/,20240916123144,cdx,0
https://www.makan.org.il/content/news/makan-news/p-11881/778939/,20240916123014,cdx,0
https://www.makan.org.il/content/news/makan-news/p-11881/779295/,20240916122855,cdx,0
https://www.makan.org.il/content/news/makan-news/p-11881/779632/,20240916122725,cdx,0
https://www.makan.org.il/content/news/makan-news/p-11881/779878/,20240916122619,cdx,0
https://www.makan.org.il/content/news/makan-news/p-11881/780131/,20240916122451,cdx,0
https://www.makan.org.il/content/news/makan-news/p-11881/780595/,20240916122344,cdx,0
https://www.makan.org.il/content/news/makan-news/p-11881/781012/,20240916122217,cdx,0
https://www.makan.org.il/content/news/makan-news/p-11881/781526/,20240916122100,cdx,0
https://www.makan.org.il/content/news/makan-news/p-11881/781978/,20240916121942,cdx,0
https://www.makan.org.il/content/news/makan-news/p-11881/782388/,20240916121833,cdx,0
https://www.makan.org.il/content/news/makan-news/p-11881/782634/,20240916121741,cdx,0
https://www.makan.org.il/content/news/makan-news/p-11881/782841/,20240916121648,cdx,0
https://www.makan.org.il/content/news/makan-news/p-11881/783250/,20240916121541,cdx,0
https://www.makan.org.il/content/news/makan-news/p-11881/783637/,20240916121423,cdx,0
https://www.makan.org.il/content/news/makan-news/p-11881/784023/,20240916121328,cdx,0
https://www.makan.org.il/content/news/makan-news/p-11881/784383/,20240916121242,cdx,0
https://www.makan.org.il/content/news/makan-news/p-11881/784737/,20240916121136,cdx,0
https://www.makan.org.il/content/news/makan-news/p-11881/784971/,20240916121023,cdx,0
https://www.makan.org.il/content/news/makan-news/p-11881/785278/,20240916120934,cdx,0
https://www.makan.org.il/content/news/makan-news/p-11881/785544/,20240916120833,cdx,0
https://www.makan.org.il/content/news/makan-news/p-11881/785922/,20240916120731,cdx,0
https://www.makan.org.il/content/news/makan-news/p-11881/791177/,20240916120616,cdx,0
https://www.makan.org.il/content/news/makan-news/p-11881/791528/,20240916120515,cdx,0
https://www.makan.org.il/content/news/makan-news/p-11881/791930/,20240916120354,cdx,0
https://www.makan.org.il/content/news/makan-news/p-11881/792183/,20240916120254,cdx,0
https://www.makan.org.il/content/news/makan-news/p-11881/792383/,20240916120209,cdx,0
https://www.makan.org.il/content/news/makan-news/p-11881/792770/,20240916120056,cdx,0
https://www.makan.org.il/content/news/makan-news/p-11881/793164/,20240916115959,cdx,0
https://www.makan.org.il/content/news/makan-news/p-11881/793570/,20240916115846,cdx,0
https://www.makan.org.il/content/news/makan-news/p-11881/793942/,20240916115740,cdx,0
https://www.makan.org.il/content/news/makan-news/p-11881/794253/,20240916115615,cdx,0
https://www.makan.org.il/content/news/makan-news/p-11881/794488/,20240916115455,cdx,0
https://www.makan.org.il/content/news/makan-news/p-11881/794689/,20240916115328,cdx,0
https://www.makan.org.il/content/news/makan-news/p-11881/795255/,20240916115232,cdx,0
https://www.makan.org.il/content/news/makan-news/p-11881/795807/,20240916115112,cdx,0
https://www.makan.org.il/content/news/makan-news/p-11881/796305/,20240916115012,cdx,0
https://www.makan.org.il/content/news/makan-news/p-11881/796699/,20240916114858,cdx,0
https://www.makan.org.il/content/news/makan-news/p-11881/797157/,20240916114753,cdx,0
https://www.makan.org.il/content/news/makan-news/p-11881/797433/,20240916114655,cdx,0
https://www.makan.org.il/content/news/makan-news/p-11881/797663/,20240916114545,cdx,0
https://www.makan.org.il/content/news/makan-news/p-11881/798036/,20240916114438,cdx,0
https://www.makan.org.il/content/news/makan-news/p-11881/798478/,20240916114325,cdx,0
https://www.makan.org.il/content/news/makan-news/p-11881/798866/,20240915180431,cdx,0
https://www.makan.org.il/content/news/makan-news/p-11881/799252/,20240915180334,cdx,0
https://www.makan.org.il/content/news/makan-news/p-11881/799626/,20240915180229,cdx,0
https://www.makan.org.il/content/news/makan-news/p-11881/799850/,20240915180029,cdx,0
https://www.makan.org.il/content/news/makan-news/p-11881/800048/,20240915151211,cdx,0
https://www.makan.org.il/content/news/makan-news/p-11881/800477/,20240916143523,cdx,0
https://www.makan.org.il/content/news/makan-news/p-11881/800867/,20240917160113,cdx,0
https://www.makan.org.il/content/news/makan-news/p-11881/801307/,20240918160541,cdx,0
https://www.makan.org.il/content/news/makan-news/p-11881/802162/,20240920160457,cdx,0
https://www.makan.org.il/content/news/makan-news/p-11881/802482/,20240921162236,cdx,0
https://www.makan.org.il/content/news/makan-news/p-11881/802763/,20240922154345,cdx,0
https://www.makan.org.il/content/news/makan-news/p-11881/803152/,20240923155806,cdx,0
https://www.makan.org.il/content/news/makan-news/p-11881/803606/,20240924161528,cdx,0
https://www.makan.org.il/content/news/makan-news/p-11881/803984/,20240925154053,cdx,0
https://www.makan.org.il/content/news/makan-news/p-11881/804454/,20240926155043,cdx,0
https://www.makan.org.il/content/news/makan-news/p-11881/804956/,20240927185109,cdx,0
https://www.makan.org.il/content/news/makan-news/p-11881/805280/,20240928181941,cdx,0
https://www.makan.org.il/content/news/makan-news/p-11881/805617/,20240929162129,cdx,0
https://www.makan.org.il/content/news/makan-news/p-11881/806589/,20240930231458,cdx,0
https://www.makan.org.il/content/news/makan-news/p-11881/808138/,20241005170056,cdx,0
https://www.makan.org.il/content/news/makan-news/p-11881/808556/,20241006162439,cdx,0
https://www.makan.org.il/content/news/makan-news/p-11881/809335/,20241007174118,cdx,0
https://www.makan.org.il/content/news/makan-news/p-11881/810275/,20241009210558,cdx,0
https://www.makan.org.il/content/news/makan-news/p-11881/810330/,20241009154107,cdx,0
https://www.makan.org.il/content/news/makan-news/p-11881/811249/,20241017040829,cdx,0
https://www.makan.org.il/content/news/makan-news/p-11881/812089/,20241017040639,cdx,0
https://www.makan.org.il/content/news/makan-news/p-11881/812495/,20241017040513,cdx,0
https://www.makan.org.il/content/news/makan-news/p-11881/812998/,20241017040344,cdx,0
https://www.makan.org.il/content/news/makan-news/p-11881/813263/,20241017021854,cdx,0
https://www.makan.org.il/content/news/makan-news/p-11983/798829/,20240915211441,cdx,0
https://www.makan.org.il/content/news/makan-news/p-11983/799203/,20240915210642,cdx,0
https://www.makan.org.il/content/news/makan-news/p-11983/799569/,20240915193045,cdx,0
https://www.makan.org.il/content/news/makan-news/p-11983/800817/,20240917214547,cdx,0
https://www.makan.org.il/content/news/makan-news/p-11983/801223/,20240919051357,cdx,0
https://www.makan.org.il/content/news/makan-news/p-11983/802110/,20240920043908,cdx,0
https://www.makan.org.il/content/news/makan-news/p-11983/803126/,20240923233302,cdx,0
https://www.makan.org.il/content/news/makan-news/p-11983/803556/,20240924222325,cdx,0
https://www.makan.org.il/content/news/makan-news/p-11983/803923/,20240925211135,cdx,0
https://www.makan.org.il/content/news/makan-news/p-11983/804407/,20240926202151,cdx,0
https://www.makan.org.il/content/news/makan-news/p-11983/804909/,20240927235826,cdx,0
https://www.makan.org.il/content/news/makan-news/p-11983/806082/,20241001034509,cdx,0
https://www.makan.org.il/content/news/makan-news/p-11983/806543/,20241001022415,cdx,0
https://www.makan.org.il/content/news/makan-news/p-11983/807521/,20241004032604,cdx,0
https://www.makan.org.il/content/news/makan-news/p-11983/809314/,20241008130852,cdx,0
https://www.makan.org.il/content/news/makan-news/p-11983/809876/,20241010005457,cdx,0
https://www.makan.org.il/content/news/makan-news/p-11983/810295/,20241009230737,cdx,0
https://www.makan.org.il/content/news/makan-news/p-11983/812041/,20241017145706,cdx,0
https://www.makan.org.il/content/news/makan-news/p-11983/812437/,20241017142650,cdx,0
https://www.makan.org.il/content/news/makan-news/p-11983/812951/,20241017061356,cdx,0
https://www.makan.org.il/content/news/makan-news/p-461812/799588/,20240915210419,cdx,0
https://www.makan.org.il/content/news/makan-news/p-461812/802139/,20240920221723,cdx,0
