outlet,date,records
lbci,2024-09-17,25
lbci,2024-09-18,43
lbci,2024-09-19,13
lbci,2024-09-20,15
lbci,2024-09-21,5
lbci,2024-09-22,3
lbci,2024-09-23,1
lbci,2024-09-25,1
lbci,2024-09-26,2
lbci,2024-10-05,2
aljadeed,2024-09-17,14
aljadeed,2024-09-18,23
aljadeed,2024-09-19,7
aljadeed,2024-09-20,4
aljadeed,2024-09-21,2
aljadeed,2024-09-22,2
aljadeed,2024-09-24,1
aljadeed,2024-09-26,1
aljadeed,2024-10-06,5
mtv,2024-09-17,13
mtv,2024-09-18,38
mtv,2024-09-19,19
mtv,2024-09-20,12
mtv,2024-09-21,5
mtv,2024-09-22,4
mtv,2024-09-23,2
mtv,2024-09-25,2
mtv,2024-09-26,3
mtv,2024-10-01,1
almanar,2024-09-18,11
almanar,2024-09-19,17
almanar,2024-09-20,6
almanar,2024-09-22,1
almanar,2024-09-23,2
almanar,2024-09-26,1
almanar,2024-09-27,1
almanar,2024-10-05,1
