outlet,url,title,published_date,central_or_mention,status,collection_route,capture_timestamp,format,discovery_route
abuali,https://t.me/abualiexpress/75653,"ראשוני: כלי תקשורת לבנוניים לא רשמיים מדווחים על אירוע בטחוני בדאחיה של ביירות. ע""פ מקורות אלו מכשירי זימונית של פעילי חזבאללה התפוצצו בהפעל",2024-09-17,central,not_in_manifest,live t.me/s/abualiexpress?before=<id> (no Wayback capture),,telegram_post,abuali-live
abuali,https://t.me/abualiexpress/75655,"ראשוני: כלי תקשורת לבנוניים לא רשמיים מדווחים על אירוע בטחוני בדאחיה של ביירות. ע""פ מקורות אלו מכשירי זימונית של פעילי חזבאללה התפוצצו בהפעל",2024-09-17,central,not_in_manifest,live t.me/s/abualiexpress?before=<id> (no Wayback capture),,telegram_post,abuali-live
abuali,https://t.me/abualiexpress/75656,"ראשוני: כלי תקשורת לבנוניים לא רשמיים מדווחים על אירוע בטחוני בדאחיה של ביירות. ע""פ מקורות אלו מכשירי זימונית של פעילי חזבאללה התפוצצו בהפעל",2024-09-17,central,not_in_manifest,live t.me/s/abualiexpress?before=<id> (no Wayback capture),,telegram_post,abuali-live
abuali,https://t.me/abualiexpress/75681,"יכול להיות שלשגריר איראן בלבנון, מג'תבא אמאני, היה מכשיר זימונית של חזבאללה??? 🤔 🤔 כדי להגיב לכתבה לחצו כאן",2024-09-17,central,not_in_manifest,live t.me/s/abualiexpress?before=<id> (no Wayback capture),,telegram_post,abuali-live
abuali,https://t.me/abualiexpress/75682,"מקור בטחוני לבנוני מאשר ל""רויטרס"": יותר מאלף נפגעים בלבנון כתוצאה מפיצוץ מכשירי הזימונית. כדי להגיב לכתבה לחצו כאן",2024-09-17,central,not_in_manifest,live t.me/s/abualiexpress?before=<id> (no Wayback capture),,telegram_post,abuali-live
abuali,https://t.me/abualiexpress/75683,תוצאה של פיצוץ מכשיר זימונית של פעיל חזבאללה בחדר שינה. הלכה שידת האיפור... כדי להגיב לכתבה לחצו כאן,2024-09-17,central,not_in_manifest,live t.me/s/abualiexpress?before=<id> (no Wayback capture),,telegram_post,abuali-live
abuali,https://t.me/abualiexpress/75684,"מקורות בחזבאללה לסוכנות הידיעות AP: ""חלק מפעילי חזבאללה הרגישו שמכשירי הזימונית שלהם התחממו ואז זרקו אותם. סוללות הליתיום במכשירים התחממו חי",2024-09-17,central,not_in_manifest,live t.me/s/abualiexpress?before=<id> (no Wayback capture),,telegram_post,abuali-live
abuali,https://t.me/abualiexpress/75687,מקורות לבנוניים מדווחים שהזימוניות שהתפוצצו היו מהדגם החדש אליו שידרגו פעילי חזבאללה לאחרונה... כדי להגיב לכתבה לחצו כאן,2024-09-17,central,not_in_manifest,live t.me/s/abualiexpress?before=<id> (no Wayback capture),,telegram_post,abuali-live
abuali,https://t.me/abualiexpress/75688,מקורות לבנוניים מדווחים שהזימוניות שהתפוצצו היו מהדגם החדש אליו שידרגו פעילי חזבאללה לאחרונה... כדי להגיב לכתבה לחצו כאן,2024-09-17,central,not_in_manifest,live t.me/s/abualiexpress?before=<id> (no Wayback capture),,telegram_post,abuali-live
abuali,https://t.me/abualiexpress/75689,"דמשק, סוריה : ארבעה פצועים קשה ברכב באזור כפר סוסה-כתוצאה מפיצוץ מכשירי זימונית. כדי להגיב לכתבה לחצו כאן",2024-09-17,central,not_in_manifest,live t.me/s/abualiexpress?before=<id> (no Wayback capture),,telegram_post,abuali-live
abuali,https://t.me/abualiexpress/75691,"דמשק, סוריה : ארבעה פצועים קשה ברכב באזור כפר סוסה-כתוצאה מפיצוץ מכשירי זימונית. כדי להגיב לכתבה לחצו כאן",2024-09-17,central,not_in_manifest,live t.me/s/abualiexpress?before=<id> (no Wayback capture),,telegram_post,abuali-live
abuali,https://t.me/abualiexpress/75695,חזבאללה בכרוז רשמי: בשעה 15:30 התפוצצו מכשירי זימונית שהיו ברשותם של פעילי חזבאללה שונים. כתוצאה מכך נהרגה ילדה ושני פעילי חזבאללה וכן נפצעו,2024-09-17,central,not_in_manifest,live t.me/s/abualiexpress?before=<id> (no Wayback capture),,telegram_post,abuali-live
abuali,https://t.me/abualiexpress/75704,"חבר הפרלמנט הלבנוני מטעם חזבאללה, עלי עמאר: בני מחמד מהדי נהרג בפיצוץ מכשיר הזימונית שלו. כדי להגיב לכתבה לחצו כאן",2024-09-17,central,not_in_manifest,live t.me/s/abualiexpress?before=<id> (no Wayback capture),,telegram_post,abuali-live
abuali,https://t.me/abualiexpress/75706,מקורות אופוזיציה סורים מדווחים על פעילי חזבאללה שנפצעו מפיצוץ מכשירי הזימונית במספר כפרים במחוז קוניטרה בדרום סוריה. כדי להגיב לכתבה לחצו כא,2024-09-17,central,not_in_manifest,live t.me/s/abualiexpress?before=<id> (no Wayback capture),,telegram_post,abuali-live
abuali,https://t.me/abualiexpress/75714,"חבר הפרלמנט הלבנוני מטעם חזבאללה, עלי עמאר: בני מחמד מהדי נהרג בפיצוץ מכשיר הזימונית שלו. כדי להגיב לכתבה לחצו כאן",2024-09-17,central,not_in_manifest,live t.me/s/abualiexpress?before=<id> (no Wayback capture),,telegram_post,abuali-live
abuali,https://t.me/abualiexpress/75716,רויטרס מפי בכיר בחזבאללה: נסראללה לא נפגע בפיצוץ מכשירי הזימונית. כדי להגיב לכתבה לחצו כאן,2024-09-17,central,not_in_manifest,live t.me/s/abualiexpress?before=<id> (no Wayback capture),,telegram_post,abuali-live
abuali,https://t.me/abualiexpress/75729,"מקורות סורים: כטב""מ אמריקאי מסוג MQ-4C ריחף היום מהשעה 14:00 עד השעה 15:30 מול חופי לבנון. ע""פ הדיווח של חזבאללה פיצוץ מכשירי הזימונית אירע ",2024-09-17,central,in_manifest_not_candidate,live t.me/s/abualiexpress?before=<id> (no Wayback capture),,telegram_post,abuali-live
abuali,https://t.me/abualiexpress/75730,"מקורות סורים: כטב""מ אמריקאי מסוג MQ-4C ריחף היום מהשעה 14:00 עד השעה 15:30 מול חופי לבנון. ע""פ הדיווח של חזבאללה פיצוץ מכשירי הזימונית אירע ",2024-09-17,central,in_manifest_not_candidate,live t.me/s/abualiexpress?before=<id> (no Wayback capture),,telegram_post,abuali-live
abuali,https://t.me/abualiexpress/75732,מקורות המזוהים עם הציר השיעי: לפחות עשרה הרוגים לחזבאללה היום (כתוצאה מהתקיפות בדרום לבנון ופיצוצי הזימוניות). כדי להגיב לכתבה לחצו כאן,2024-09-17,central,in_manifest_not_candidate,live t.me/s/abualiexpress?before=<id> (no Wayback capture),,telegram_post,abuali-live
abuali,https://t.me/abualiexpress/75738,"ערוץ אלחדת' הסעודי (""אלערביה"") וערוצים ערבים מובילים נוספים טוענים כי 4000 איש נפצעו בפיצוצי הזימוניות בלבנון מתוכם 400 קשה וכי כ 500 איבדו ",2024-09-17,central,in_manifest_not_candidate,live t.me/s/abualiexpress?before=<id> (no Wayback capture),,telegram_post,abuali-live
abuali,https://t.me/abualiexpress/75740,"ערוץ אלחדת' הסעודי (""אלערביה"") וערוצים ערבים מובילים נוספים טוענים כי 4000 איש נפצעו בפיצוצי הזימוניות בלבנון מתוכם 400 קשה וכי כ 500 איבדו ",2024-09-17,central,in_manifest_not_candidate,live t.me/s/abualiexpress?before=<id> (no Wayback capture),,telegram_post,abuali-live
abuali,https://t.me/abualiexpress/75741,"חזבאללה מודיע עד כה על 6 הרוגים בשורותיו היום: חסן יאסין יוסף עלוה חסן מחמד נג'יב עלא א-דין חסין מנתש מחמד עבאס הם נהרגו בתקיפות צה""ל היום ב",2024-09-17,mention,in_manifest_not_candidate,live t.me/s/abualiexpress?before=<id> (no Wayback capture),,telegram_post,abuali-live
abuali,https://t.me/abualiexpress/75742,"חזבאללה מודיע עד כה על 6 הרוגים בשורותיו היום: חסן יאסין יוסף עלוה חסן מחמד נג'יב עלא א-דין חסין מנתש מחמד עבאס הם נהרגו בתקיפות צה""ל היום ב",2024-09-17,mention,in_manifest_not_candidate,live t.me/s/abualiexpress?before=<id> (no Wayback capture),,telegram_post,abuali-live
abuali,https://t.me/abualiexpress/75744,"האתר האמריקאי ""אלמוניטור"" טוען: ישראל פוצצה את הזימוניות אתמול לאחר ששני פעילי חזבאללה חשדו שמשהו אינו כשורה עם המכשירים. ע""פ האתר זו לא הית",2024-09-18,central,not_in_manifest,live t.me/s/abualiexpress?before=<id> (no Wayback capture),,telegram_post,abuali-live
abuali,https://t.me/abualiexpress/75745,חברת התקשורת הטאיואנית Gold Apollo: מכשירי הזימונית שפוצצו בלבנון נשאו את הסימן המסחרי שלנו אולם הם יוצרו באירופה באמצעות רכיבים של צד שלישי,2024-09-18,central,not_in_manifest,live t.me/s/abualiexpress?before=<id> (no Wayback capture),,telegram_post,abuali-live
abuali,https://t.me/abualiexpress/75746,"ערוץ אלמיאדין הלבנוני, (המזוהה עם ציר ההתנגדות), מפי מקורות בטהרן: השגריר האיראני בביירות נפצע פציעה קשה בעין כתוצאה ממתקפת הסייבר הישראלית ",2024-09-18,central,not_in_manifest,live t.me/s/abualiexpress?before=<id> (no Wayback capture),,telegram_post,abuali-live
abuali,https://t.me/abualiexpress/75747,"חזבאללה מודיע עד כה על 6 הרוגים בשורותיו היום: חסן יאסין יוסף עלוה חסן מחמד נג'יב עלא א-דין חסין מנתש מחמד עבאס הם נהרגו בתקיפות צה""ל היום ב",2024-09-18,mention,not_in_manifest,live t.me/s/abualiexpress?before=<id> (no Wayback capture),,telegram_post,abuali-live
abuali,https://t.me/abualiexpress/75748,חזבאללה בכרוז רשמי: נמשיך בפעולות התמיכה בעזה וננקום את מה שקרה אתמול הבוקר מפרסם ארגון חזבאללה כרוז בו הוא שולח תנחומיו למשפחות ההרוגים בתק,2024-09-18,mention,not_in_manifest,live t.me/s/abualiexpress?before=<id> (no Wayback capture),,telegram_post,abuali-live
abuali,https://t.me/abualiexpress/75750,"ערוצים עיראקים המזוהים עם הציר השיעי טוענים: עשרות אתרי אינטרנט ישראלים תחת מתקפת סייבר שמקורה בעיראק. ## הם נוקמים את ""טבח הזימוניות"" שהיה ",2024-09-18,central,not_in_manifest,live t.me/s/abualiexpress?before=<id> (no Wayback capture),,telegram_post,abuali-live
abuali,https://t.me/abualiexpress/75752,"בכיר החמאס בלבנון, אימן שנאעה: אין נפגעים בקרב פעילי תנועת חמאס בפיצוץ הזימוניות אתמול בלבנון. ### זה רק מראה עד כמה חזבאללה לא סומך על חמאס",2024-09-18,central,not_in_manifest,live t.me/s/abualiexpress?before=<id> (no Wayback capture),,telegram_post,abuali-live
abuali,https://t.me/abualiexpress/75753,"עוד טעימה מחלוקת הממתקים באידליב, סוריה (אזור בשליטת המורדים הסורים), לרגל מותם של פעילי חזבאללה בפיצוץ הזימוניות בלבנון. כדי להגיב לכתבה לח",2024-09-18,central,not_in_manifest,live t.me/s/abualiexpress?before=<id> (no Wayback capture),,telegram_post,abuali-live
abuali,https://t.me/abualiexpress/75762,"ערוץ אלמיאדין הלבנוני, (המזוהה עם ציר ההתנגדות), מפי מקורות בטהרן: השגריר האיראני בביירות נפצע פציעה קשה בעין כתוצאה ממתקפת הסייבר הישראלית ",2024-09-18,central,not_in_manifest,live t.me/s/abualiexpress?before=<id> (no Wayback capture),,telegram_post,abuali-live
abuali,https://t.me/abualiexpress/75764,החברה הטייואנית Gold Apollo : מכשירי הזימונית שהתפוצצו בידי פעילי חזבאללה היו מתוצרת השותפה ההונגרית שלנו. כדי להגיב לכתבה לחצו כאן,2024-09-18,central,not_in_manifest,live t.me/s/abualiexpress?before=<id> (no Wayback capture),,telegram_post,abuali-live
abuali,https://t.me/abualiexpress/75765,"עיתון אלאח'באר הלבנוני, המזוהה עם חזבאללה: מספר ההרוגים האזרחים בפיצוץ הזימוניות עלה ל 3. ## אתמול ציין אבראהים מוסווי, חבר הפרלמנט הלבנוני ",2024-09-18,central,not_in_manifest,live t.me/s/abualiexpress?before=<id> (no Wayback capture),,telegram_post,abuali-live
abuali,https://t.me/abualiexpress/75766,"בנו של עלי מערוף חג'אזי, נציגו של המנהיג העליון האיראני, בלבנון, נפצע קשה בעיניו כתוצאה מפיצוץ זימונית אתמול. בתמונה: האב הדואג רוכן מעל מיט",2024-09-18,central,not_in_manifest,live t.me/s/abualiexpress?before=<id> (no Wayback capture),,telegram_post,abuali-live
abuali,https://t.me/abualiexpress/75783,"חזבאללה מודיע על מותו של מחמד נור א-דין, עובד בית החולים א-רסול אלעאעט'ם בביירות, שנהרג כתוצאה מפיצוץ זימונית. הסיבה שחזבאללה מתאבל על עובד ",2024-09-18,central,not_in_manifest,live t.me/s/abualiexpress?before=<id> (no Wayback capture),,telegram_post,abuali-live
abuali,https://t.me/abualiexpress/75790,"ערוץ אופוזיציה איראני: במתקפה האיראנית על ישראל בחודש אפריל שוגרו: 170 כטב""מים 130 טילים בליסטיים 30 טילי שיוט התוצאה היתה: אפס נפגעים בישרא",2024-09-18,mention,not_in_manifest,live t.me/s/abualiexpress?before=<id> (no Wayback capture),,telegram_post,abuali-live
abuali,https://t.me/abualiexpress/75791,"""4 שניות מרגע קבלת ההודעה: בום!"" ערוץ אלמיאדין המזוהה עם הציר השיעי שופך אור, מפי מקור בטחוני לבנוני, על פיצוץ מכשירי הזימונית: ""חומר הנפץ ה",2024-09-18,central,not_in_manifest,live t.me/s/abualiexpress?before=<id> (no Wayback capture),,telegram_post,abuali-live
abuali,https://t.me/abualiexpress/75792,שר הבריאות הלבנוני עם נתונים מעודכנים על הנפגעים אתמול בפיצוץ הזימוניות: מספר ההרוגים עומד על 12 מתוכם שני ילדים. מספר הפצועים הכולל נע בין ,2024-09-18,central,not_in_manifest,live t.me/s/abualiexpress?before=<id> (no Wayback capture),,telegram_post,abuali-live
abuali,https://t.me/abualiexpress/75793,שר הבריאות הלבנוני עם נתונים מעודכנים על הנפגעים אתמול בפיצוץ הזימוניות: מספר ההרוגים עומד על 12 מתוכם שני ילדים. מספר הפצועים הכולל נע בין ,2024-09-18,central,not_in_manifest,live t.me/s/abualiexpress?before=<id> (no Wayback capture),,telegram_post,abuali-live
abuali,https://t.me/abualiexpress/75799,"גולשים ערבים תוהים: גם הנשיא הקודם של איראן, ראיסי, היה צמוד לזימונית שלו, אולי זה מה שגרם לנפילת מסוקו?",2024-09-18,central,not_in_manifest,live t.me/s/abualiexpress?before=<id> (no Wayback capture),,telegram_post,abuali-live
abuali,https://t.me/abualiexpress/75800,"חזבאללה מקבל לפני שעה קלה אחריות על מתקפה ראשונה מאז פיצוץ מכשירי הזימונית: שיגור מטח רקטות לעבר נווה זיו, בתגובה לתקיפות צה""ל אתמול במג'דל ",2024-09-18,central,not_in_manifest,live t.me/s/abualiexpress?before=<id> (no Wayback capture),,telegram_post,abuali-live
abuali,https://t.me/abualiexpress/75801,כלי תקשורת לבנוניים לא רשמיים מדווחים על פיצוץ מכשירי זימונית נוספים כעת באזור הדאחיה בביירות. כדי להגיב לכתבה לחצו כאן,2024-09-18,central,not_in_manifest,live t.me/s/abualiexpress?before=<id> (no Wayback capture),,telegram_post,abuali-live
abuali,https://t.me/abualiexpress/75803,מקורות לבנוניים מדווחים על פיצוצים של מכשירי זימונית באזור מסגד אלקאא'ם בדאחיה של ביירות. כדי להגיב לכתבה לחצו כאן,2024-09-18,central,not_in_manifest,live t.me/s/abualiexpress?before=<id> (no Wayback capture),,telegram_post,abuali-live
abuali,https://t.me/abualiexpress/75804,"ע""פ דיווחים לא רשמיים גם מכשירי קשר (PTT) התפוצצו. כדי להגיב לכתבה לחצו כאן",2024-09-18,central,not_in_manifest,live t.me/s/abualiexpress?before=<id> (no Wayback capture),,telegram_post,abuali-live
abuali,https://t.me/abualiexpress/75806,אחד המכשירים שהתפוצצו לפני זמן קצר בביירות. כדי להגיב לכתבה לחצו כאן,2024-09-18,central,not_in_manifest,live t.me/s/abualiexpress?before=<id> (no Wayback capture),,telegram_post,abuali-live
abuali,https://t.me/abualiexpress/75814,דיווחים על דליקות בעקבות פיצוץ מכשירי הקשר. חזבאללה באמת צריכים לעבור לדואר יונים... כדי להגיב לכתבה לחצו כאן,2024-09-18,central,not_in_manifest,live t.me/s/abualiexpress?before=<id> (no Wayback capture),,telegram_post,abuali-live
abuali,https://t.me/abualiexpress/75818,ערוצים לבנוניים מדווחים על דליקות שפרצו בבתים רבים בדאחיה בביירות וגם בדרום לבנון. אציין כי כמות חומר הנפץ שניתן להטמין במכשירי קשר גדולה בה,2024-09-18,central,not_in_manifest,live t.me/s/abualiexpress?before=<id> (no Wayback capture),,telegram_post,abuali-live
abuali,https://t.me/abualiexpress/75819,דוגמא לאחד ממכשירי הקשר שהתפוצצו. כדי להגיב לכתבה לחצו כאן,2024-09-18,central,not_in_manifest,live t.me/s/abualiexpress?before=<id> (no Wayback capture),,telegram_post,abuali-live
abuali,https://t.me/abualiexpress/75821,"דיווח ראשוני על תקיפת רכב באזור זבקין בדרום לבנון בידי כטב""מ ישראלי. לא הייתי פוסל שהתפוצץ לו מכשיר קשר. כדי להגיב לכתבה לחצו כאן",2024-09-18,central,not_in_manifest,live t.me/s/abualiexpress?before=<id> (no Wayback capture),,telegram_post,abuali-live
abuali,https://t.me/abualiexpress/75824,"זה אחד מסוגי המכשירים שהתפוצצו , ע""פ מקורות לבנוניים - מכשיר מאוד פופולרי בלבנון. כדי להגיב לכתבה לחצו כאן",2024-09-18,central,not_in_manifest,live t.me/s/abualiexpress?before=<id> (no Wayback capture),,telegram_post,abuali-live
abuali,https://t.me/abualiexpress/75827,זה מה שנותר מאופנוע שהיה בו מכשיר קשר שהתפוצץ היום בלבנון. כדי להגיב לכתבה לחצו כאן,2024-09-18,central,not_in_manifest,live t.me/s/abualiexpress?before=<id> (no Wayback capture),,telegram_post,abuali-live
abuali,https://t.me/abualiexpress/75828,האתר האמריקאי Axios טוען שישראל פוצצה היום אלפי מכשירי קשר בלבנון במסגרת השלב השני של המתקפה. כדי להגיב לכתבה לחצו כאן,2024-09-18,central,not_in_manifest,live t.me/s/abualiexpress?before=<id> (no Wayback capture),,telegram_post,abuali-live
abuali,https://t.me/abualiexpress/75830,עוד דליקות בתוך מבנים בעקבות פיצוץ מכשירי הקשר בלבנון. כדי להגיב לכתבה לחצו כאן,2024-09-18,central,not_in_manifest,live t.me/s/abualiexpress?before=<id> (no Wayback capture),,telegram_post,abuali-live
abuali,https://t.me/abualiexpress/75832,אתמול זימוניות. היום מכשירי קשר. מה יבוא מחר??? יכולת התקשורת של פעילי חזבאללה משותקת (גם מפחד). כדי להגיב לכתבה לחצו כאן,2024-09-18,central,not_in_manifest,live t.me/s/abualiexpress?before=<id> (no Wayback capture),,telegram_post,abuali-live
abuali,https://t.me/abualiexpress/75836,אין נתונים על היקפי נפגעים בלבנון. אפשר להניח שזה פועל יוצא של החשש משימוש באמצעי תקשורת על ידי כוחות ההצלה (רובם משתמשים במכשירי קשר מהסוג ,2024-09-18,central,not_in_manifest,live t.me/s/abualiexpress?before=<id> (no Wayback capture),,telegram_post,abuali-live
abuali,https://t.me/abualiexpress/75837,רכב שהתפוצץ בו מכשיר קשר. כדי להגיב לכתבה לחצו כאן,2024-09-18,central,not_in_manifest,live t.me/s/abualiexpress?before=<id> (no Wayback capture),,telegram_post,abuali-live
abuali,https://t.me/abualiexpress/75843,לבנון: רכב עולה באש לאחר שהתפוצץ מכשיר קשר בתוכו. כדי להגיב לכתבה לחצו כאן,2024-09-18,central,in_manifest_not_candidate,live t.me/s/abualiexpress?before=<id> (no Wayback capture),,telegram_post,abuali-live
abuali,https://t.me/abualiexpress/75846,לבנון: הנזק שנגרם לרכב נוסף שהתפוצץ בתוכו מכשיר קשר. כדי להגיב לכתבה לחצו כאן,2024-09-18,central,in_manifest_not_candidate,live t.me/s/abualiexpress?before=<id> (no Wayback capture),,telegram_post,abuali-live
abuali,https://t.me/abualiexpress/75862,לבנון: דיווחים על התפוצצותם של מספר מכשירי קשר מסוג V180 באזור בעלבכ לפני זמן קצר. כדי להגיב לכתבה לחצו כאן,2024-09-18,central,in_manifest_not_candidate,live t.me/s/abualiexpress?before=<id> (no Wayback capture),,telegram_post,abuali-live
abuali,https://t.me/abualiexpress/75871,שר הבריאות הלבנוני: המכשירים שהתפוצצו היום היו גדולים יותר - מספר הנפגעים צפוי עוד לעלות. כדי להגיב לכתבה לחצו כאן,2024-09-18,central,in_manifest_not_candidate,live t.me/s/abualiexpress?before=<id> (no Wayback capture),,telegram_post,abuali-live
abuali,https://t.me/abualiexpress/75876,משרד הבריאות הלבנוני: מספר ההרוגים בפיצוצי מכשירי הקשר היום עלה ל 20. מספר הפצועים עומד על יותר מ 450. כדי להגיב לכתבה לחצו כאן,2024-09-18,central,not_in_manifest,live t.me/s/abualiexpress?before=<id> (no Wayback capture),,telegram_post,abuali-live
abuali,https://t.me/abualiexpress/75877,חזבאללה מודיע לפי שעה על 7 הרוגים בשורותיו היום: עבד אלמנעם עבד אלמנעם אבראהים זין א-דין חאפט' מלחם עלי שלבי עלי תרחיני מחמד אלערב פצ'ל בזי ,2024-09-18,mention,not_in_manifest,live t.me/s/abualiexpress?before=<id> (no Wayback capture),,telegram_post,abuali-live
abuali,https://t.me/abualiexpress/75879,חזבאללה מודיע לפי שעה על 7 הרוגים בשורותיו היום: עבד אלמנעם עבד אלמנעם אבראהים זין א-דין חאפט' מלחם עלי שלבי עלי תרחיני מחמד אלערב פצ'ל בזי ,2024-09-19,mention,not_in_manifest,live t.me/s/abualiexpress?before=<id> (no Wayback capture),,telegram_post,abuali-live
abuali,https://t.me/abualiexpress/75881,"20 מתוך 20 ההרוגים אתמול בלבנון כתוצאה מפיצוץ מכשירי הקשר הם פעילי חזבאללה (התמונה המצורפת). 100% הצלחה. אין ""חפים מפשע"". זה נתון מדהים שצרי",2024-09-19,central,not_in_manifest,live t.me/s/abualiexpress?before=<id> (no Wayback capture),,telegram_post,abuali-live
abuali,https://t.me/abualiexpress/75882,"20 מתוך 20 ההרוגים אתמול בלבנון כתוצאה מפיצוץ מכשירי הקשר הם פעילי חזבאללה (התמונה המצורפת). 100% הצלחה. אין ""חפים מפשע"". זה נתון מדהים שצרי",2024-09-19,central,not_in_manifest,live t.me/s/abualiexpress?before=<id> (no Wayback capture),,telegram_post,abuali-live
abuali,https://t.me/abualiexpress/75884,"רויטרס מפי חברת Icom היפנית שמכשירי הקשר מתוצרתה התפוצצו אתמול בלבנון: מוצרינו המיוצאים עוברים תהליך קפדני ונוקשה ע""פ סטנדרט ממשלתי מחמיר. ה",2024-09-19,central,not_in_manifest,live t.me/s/abualiexpress?before=<id> (no Wayback capture),,telegram_post,abuali-live
abuali,https://t.me/abualiexpress/75885,"שר ההגנה הטייואני (מכשירי הזימונית משלשום היו מתוצרת טייואן - א""ע): מנגנוני הביטחון במדינה עוסקים בסוגיית פיצוצי הזימוניות בלבנון. אין תיאום",2024-09-19,central,not_in_manifest,live t.me/s/abualiexpress?before=<id> (no Wayback capture),,telegram_post,abuali-live
abuali,https://t.me/abualiexpress/75889,"עוד מעיתון אלאח'באר על מספר הנפגעים בפיצוץ מכשירי הקשר אתמול: סה""כ 20 הרוגים. 470 פצועים, מתוכם 150 במצב קשה. ## ע""פ משרד הבריאות הלבנוני כת",2024-09-19,central,not_in_manifest,live t.me/s/abualiexpress?before=<id> (no Wayback capture),,telegram_post,abuali-live
abuali,https://t.me/abualiexpress/75899,"20 מתוך 20 ההרוגים אתמול בלבנון כתוצאה מפיצוץ מכשירי הקשר הם פעילי חזבאללה (התמונה המצורפת). 100% הצלחה. אין ""חפים מפשע"". זה נתון מדהים שצרי",2024-09-19,central,not_in_manifest,live t.me/s/abualiexpress?before=<id> (no Wayback capture),,telegram_post,abuali-live
abuali,https://t.me/abualiexpress/75902,מנהלת התעופה בלבנון מעדכנת נהלים: איסור על העלאת מכשירי זימונית ומכשירי קשר לטיסות. כדי להגיב לכתבה לחצו כאן,2024-09-19,central,not_in_manifest,live t.me/s/abualiexpress?before=<id> (no Wayback capture),,telegram_post,abuali-live
abuali,https://t.me/abualiexpress/75909,חזבאללה מודיע על 5 הרוגים נוספים בשורותיו: פצ'ל משיכ נט'יר נון חסין אמהז בסאם פתוני ג'עפר אלחסין כפי הנראה הם נהרגו בפיצוצי המכשירים בלבנון.,2024-09-19,central,not_in_manifest,live t.me/s/abualiexpress?before=<id> (no Wayback capture),,telegram_post,abuali-live
abuali,https://t.me/abualiexpress/75911,"שר החוץ האיראני ביקר את שגריר איראן בביירות המאושפז כעת בטהרן לאחר שנפצע בפיצוץ הזימוניות בלבנון. ע""פ רופאו של השגריר הוא ישוב לעבודתו בהקדם",2024-09-19,central,not_in_manifest,live t.me/s/abualiexpress?before=<id> (no Wayback capture),,telegram_post,abuali-live
abuali,https://t.me/abualiexpress/75912,"צבא לבנון מפוצץ באופן מבוקר באזורים שונים בלבנון, מכשירי קשר וזימוניות מחשש שהם מכילים חומרי נפץ. כדי להגיב לכתבה לחצו כאן",2024-09-19,central,not_in_manifest,live t.me/s/abualiexpress?before=<id> (no Wayback capture),,telegram_post,abuali-live
abuali,https://t.me/abualiexpress/75913,קריקטורה המתפרסמת בכלי תקשורת המזוהה עם חזבאללה... אף על פי שעפו כמה אצבעות (מהזימונית המתפוצצת)... נותרו השתיים שמסמלות ניצחון... כדי להגיב,2024-09-19,central,not_in_manifest,live t.me/s/abualiexpress?before=<id> (no Wayback capture),,telegram_post,abuali-live
abuali,https://t.me/abualiexpress/75918,רשת אלמנאר הלבנונית מפי שר הבריאות הלבנוני: בפיצוץ מכשירי הקשר אתמול בלבנון נהרגו 25 איש ונפצעו 608. כדי להגיב לכתבה לחצו כאן,2024-09-19,central,not_in_manifest,live t.me/s/abualiexpress?before=<id> (no Wayback capture),,telegram_post,abuali-live
abuali,https://t.me/abualiexpress/75919,רשת אלמנאר הלבנונית מפי שר הבריאות הלבנוני: בפיצוץ מכשירי הקשר אתמול בלבנון נהרגו 25 איש ונפצעו 608. כדי להגיב לכתבה לחצו כאן,2024-09-19,central,not_in_manifest,live t.me/s/abualiexpress?before=<id> (no Wayback capture),,telegram_post,abuali-live
abuali,https://t.me/abualiexpress/75922,אבו ח'צ'ר מדיר אלבלח לועג לפעילי חזבאללה בעקבות פיצוץ מכשירי הקשר: הלו? איפה אבא?... אבא כאן? כדי להגיב לכתבה לחצו כאן,2024-09-19,central,not_in_manifest,live t.me/s/abualiexpress?before=<id> (no Wayback capture),,telegram_post,abuali-live
abuali,https://t.me/abualiexpress/75938,"נסראללה: האויב הישראלי חצה את כל הקווים האדומים בפיצוץ מכשירי הקשר והזימוניות. חלק מהזימוניות התפוצצו בבתי חולים. כתוצאה מכך נהרגו עשרות, בה",2024-09-19,central,not_in_manifest,live t.me/s/abualiexpress?before=<id> (no Wayback capture),,telegram_post,abuali-live
abuali,https://t.me/abualiexpress/75963,لبيك يا نصرالله.... מעניין אם גילו לו לבד מתי צריך להרים את היד. הפעיל חבוש היטב... כנראה הרים את היד עם הזימונית לראות את ההודעה ששלחו לו ו,2024-09-19,central,not_in_manifest,live t.me/s/abualiexpress?before=<id> (no Wayback capture),,telegram_post,abuali-live
abuali,https://t.me/abualiexpress/75969,"ביירות: פעילי חזבאללה שלקחו חלק במבצע ""זימוניות"". כדי להגיב לכתבה לחצו כאן",2024-09-19,central,not_in_manifest,live t.me/s/abualiexpress?before=<id> (no Wayback capture),,telegram_post,abuali-live
abuali,https://t.me/abualiexpress/75990,דיווחים ראשוניים ממקורות לא רשמיים על התפוצצות מכשירי קשר מסוג baofeng באזורים שונים בלבנון בשעה זו. כדי להגיב לכתבה לחצו כאן,2024-09-19,central,not_in_manifest,live t.me/s/abualiexpress?before=<id> (no Wayback capture),,telegram_post,abuali-live
abuali,https://t.me/abualiexpress/75991,דיווחים ראשוניים ממקורות לא רשמיים על התפוצצות מכשירי קשר מסוג baofeng באזורים שונים בלבנון בשעה זו. כדי להגיב לכתבה לחצו כאן,2024-09-19,central,not_in_manifest,live t.me/s/abualiexpress?before=<id> (no Wayback capture),,telegram_post,abuali-live
abuali,https://t.me/abualiexpress/75992,דיווחים ראשוניים ממקורות לא רשמיים על התפוצצות מכשירי קשר מסוג baofeng באזורים שונים בלבנון בשעה זו. כדי להגיב לכתבה לחצו כאן,2024-09-19,central,not_in_manifest,live t.me/s/abualiexpress?before=<id> (no Wayback capture),,telegram_post,abuali-live
abuali,https://t.me/abualiexpress/76014,חזבאללה מודיע על שני הרוגים בשורותיו: יוסף א-סיד מבית ליף. מחמד א-זין מקבריח'א. אין לי פרטים לגבי נסיבות מותו של יוסף א-סיד אך הסיפור של מחמ,2024-09-20,mention,not_in_manifest,live t.me/s/abualiexpress?before=<id> (no Wayback capture),,telegram_post,abuali-live
abuali,https://t.me/abualiexpress/76025,חובת קריאה! מכון מחקר ערבי מודה: צריך לבדוק מחדש את הנחות היסוד לפיהן ישראל לא יכולה לעמוד במלחמה ארוכת טווח. ויש גם זווית מעניינת במיוחד על,2024-09-20,mention,not_in_manifest,live t.me/s/abualiexpress?before=<id> (no Wayback capture),,telegram_post,abuali-live
abuali,https://t.me/abualiexpress/76060,"סוכנות הידיעות הגרמנית: בכיר חזבאללה אבראהים עקיל (יעד התקיפה בדאחיה ע""פ מקורות זרים-א""ע), יצא הבוקר מאחד מבתי החולים בהם היה מאושפז לאחר שנ",2024-09-20,mention,not_in_manifest,live t.me/s/abualiexpress?before=<id> (no Wayback capture),,telegram_post,abuali-live
abuali,https://t.me/abualiexpress/76076,בתגובה הבאה של חזבאללה איך נדע אם זה בגלל אבראהים עקיל ובכירי כוח רצ'ואן או בגלל הזימוניות או בגלל מכשירי הקשר? נסראללה צריך לצאת בנאום חדש ,2024-09-20,central,not_in_manifest,live t.me/s/abualiexpress?before=<id> (no Wayback capture),,telegram_post,abuali-live
abuali,https://t.me/abualiexpress/76081,"דוברת מזכ""ל האו""ם: פיצוצי המכשירים בלבנון גרמו להלם ופאניקה גדולים בחברה הלבנונית. כדי להגיב לכתבה לחצו כאן",2024-09-20,central,not_in_manifest,live t.me/s/abualiexpress?before=<id> (no Wayback capture),,telegram_post,abuali-live
abuali,https://t.me/abualiexpress/76082,"דוברת מזכ""ל האו""ם: פיצוצי המכשירים בלבנון גרמו להלם ופאניקה גדולים בחברה הלבנונית. כדי להגיב לכתבה לחצו כאן",2024-09-20,central,not_in_manifest,live t.me/s/abualiexpress?before=<id> (no Wayback capture),,telegram_post,abuali-live
abuali,https://t.me/abualiexpress/76087,"""מייסד כוח רצ'ואן והמטכ""ל שלו נהרגו"" זו הכותרת שבחר עיתון אלאח'באר הלבנוני, המזוהה עם חזבאללה, לתת הבוקר לתוצאות התקיפה הישראלית אתמול בדאחי",2024-09-21,mention,not_in_manifest,live t.me/s/abualiexpress?before=<id> (no Wayback capture),,telegram_post,abuali-live
abuali,https://t.me/abualiexpress/76179,אזרח סורי שמתעב את חזבאללה מתענג על מיני מתיקה כשברקע הקלטות הקשר ההיסטריות של צוותי ההצלה הלבנונים ושל חזבאללה אחרי פיצוצי הזימוניות ומכשיר,2024-09-21,central,not_in_manifest,live t.me/s/abualiexpress?before=<id> (no Wayback capture),,telegram_post,abuali-live
abuali,https://t.me/abualiexpress/76180,אזרח סורי שמתעב את חזבאללה מתענג על מיני מתיקה כשברקע הקלטות הקשר ההיסטריות של צוותי ההצלה הלבנונים ושל חזבאללה אחרי פיצוצי הזימוניות ומכשיר,2024-09-21,central,not_in_manifest,live t.me/s/abualiexpress?before=<id> (no Wayback capture),,telegram_post,abuali-live
abuali,https://t.me/abualiexpress/76188,"תגובת חזבאללה הלילה והבוקר כפי שצפו בצה""ל חזבאללה הגיב הלילה והבוקר במטחי רקטות לאזורים מרוחקים מהרגיל כאשר איזור חיפה היה במוקד. כארבעה מטח",2024-09-22,mention,not_in_manifest,live t.me/s/abualiexpress?before=<id> (no Wayback capture),,telegram_post,abuali-live
abuali,https://t.me/abualiexpress/76268,"ראש ממשלת לבנון, מיקאתי: 1600 מבין פצועי פיצוצי הזימוניות עדיין מאושפזים בבתי החולים. כדי להגיב לכתבה לחצו כאן",2024-09-22,central,not_in_manifest,live t.me/s/abualiexpress?before=<id> (no Wayback capture),,telegram_post,abuali-live
abuali,https://t.me/abualiexpress/76297,"תושבים לבנוניים מדווחים שהם מקבלים הודעות לטלפון שלהם: ""אם אתה נמצא במבנה בו יש אמל""ח של חזבאללה, התרחק מהכפר עד להודעה חדשה. "" ### מעבר לחש",2024-09-23,mention,not_in_manifest,live t.me/s/abualiexpress?before=<id> (no Wayback capture),,telegram_post,abuali-live
abuali,https://t.me/abualiexpress/76310,חזבאללה מודיע על 5 הרוגים נוספים בשורותיו: פצ'ל משיכ נט'יר נון חסין אמהז בסאם פתוני ג'עפר אלחסין כפי הנראה הם נהרגו בפיצוצי המכשירים בלבנון.,2024-09-23,central,in_manifest_not_candidate,live t.me/s/abualiexpress?before=<id> (no Wayback capture),,telegram_post,abuali-live
abuali,https://t.me/abualiexpress/76549,"שבוע לאירוע פיצוצי הזימוניות, שר הביטחון גלנט מכריז: ""חזבאללה של היום אינו חזבאללה של לפני שבוע."" דבריו של גלנט נאמרו באימון המדמה פעולה קרק",2024-09-24,central,in_manifest_not_candidate,live t.me/s/abualiexpress?before=<id> (no Wayback capture),,telegram_post,abuali-live
kikar,https://www.kikar.co.il/political-news/sjz2e6,דיווח: ראש הממשלה יפטר את גלנט וימנה את סער - המינוי רק הוקפא,2024-09-17,mention,in_manifest_not_candidate,live,,,gdelt;manifest-kw
kikar,https://www.kikar.co.il/security-news/sjyt5w,"חיזבאללה הגיב למתקפה המפתיעה: ""ישראל אחראית לאירוע - ותשלם""",2024-09-17,central,in_manifest_not_candidate,live,,,manifest-kw;websearch
kikar,https://www.kikar.co.il/security-news/sjyy9g,"500 מחבלים איבדו את הראיה, מערכת הבריאות בלבנון קרסה | גלנט והלוי בהערכת מצב בקריה",2024-09-17,central,in_manifest_not_candidate,live,,,gdelt;manifest-kw
kikar,https://www.kikar.co.il/israel-news/sjz6xb,אחרי המתקפה המפתיעה: הרשות הפלשתינית נרתמת לסייע לחיזבאללה,2024-09-18,mention,in_manifest_not_candidate,live,,,gdelt;manifest-kw
kikar,https://www.kikar.co.il/security-news/sk047j,לא לוקחים סיכונים: האוגדה המובחרת עולה מעזה לגבול הצפון,2024-09-18,mention,in_manifest_not_candidate,live,,,gdelt;manifest-kw
kikar,https://www.kikar.co.il/security-news/sk0ca6,"אלוף פיקוד צפון איים: ""אנחנו נחושים לשנות את המציאות"" | התושבים: ""אל תחכה לאיומים""",2024-09-18,mention,in_manifest_not_candidate,live,,,manifest-kw
kikar,https://www.kikar.co.il/security-news/sk0q7b,בישראל מעריכים: כוח רדואן נפגע באופן משמעותי מאוד אחרי שתי מכות הפיצוצים,2024-09-18,central,in_manifest_not_candidate,live,,,gdelt
kikar,https://www.kikar.co.il/israel-news/sk1pit,"נמשכים חילופי האש בגבול הצפון | צה""ל תקף שבעה מרחבים שונים בשטח לבנון",2024-09-19,mention,in_manifest_not_candidate,live,,,gdelt;manifest-kw
kikar,https://www.kikar.co.il/security-news/sk1kh8,"שר החוץ של לבנון הודה: ""אנחנו פוחדים ולא רוצים מלחמה""",2024-09-19,mention,in_manifest_not_candidate,live,,,gdelt;manifest-kw
kikar,https://www.kikar.co.il/security-news/sk1la6,לקראת התלקחות מערכה רחבה במזרח התיכון? | הערכה בצבא: המלחמה תהיה בעיקר בצפון,2024-09-19,mention,in_manifest_not_candidate,live,,,gdelt
kikar,https://www.kikar.co.il/security-news/sk1z3i,חיזבאללה מצליח להתאושש: פגיעות ישירות ביערה ובקריית שמונה - לא הופעלו אזעקות,2024-09-19,mention,in_manifest_not_candidate,live,,,gdelt;manifest-kw
kikar,https://www.kikar.co.il/security-news/sk2ddx,"נסראללה בנאום: ""ספגנו מכה קשה, חסרת תקדים - זו הכרזת מלחמה""",2024-09-19,mention,in_manifest_not_candidate,live,,,gdelt;manifest-kw
kikar,https://www.kikar.co.il/security-news/sk2mic,בכירים בישראל: נערכים לחילופי מהלומות שכמותן עוד לא נראו מאז תחילת המלחמה,2024-09-19,mention,in_manifest_not_candidate,live,,,websearch
kikar,https://www.kikar.co.il/security-news/sk2poc,עשרות תקיפות עוצמתיות בלבנון; תושבי הצפון נקראו להישאר ליד מרחבים מוגנים,2024-09-19,mention,in_manifest_not_candidate,live,,,gdelt;manifest-kw
kikar,https://www.kikar.co.il/security-news/sk2v32,"כ-1000 רקטות מוכנות לשיגור מיידי הושמדו | צה""ל השלים גל תקיפות בלבנון | צפו בתיעודים",2024-09-19,mention,in_manifest_not_candidate,live,,,gdelt;manifest-kw
kikar,https://www.kikar.co.il/world-news/sk29nw,החלק המפתיע בהודעת הגינוי של נשיא איראן פזשכיאן,2024-09-19,mention,in_manifest_not_candidate,live,,,gdelt;manifest-kw
kikar,https://www.kikar.co.il/world-news/sk2sct,גם בקטאר מפחדים: הבקשה החדשה של חברת התעופה,2024-09-19,mention,in_manifest_not_candidate,live,,,gdelt
kikar,https://www.kikar.co.il/zupnik/sk0g7m,"זופניק בכיכר • כל התמונות, הנייעס והחשיפות של השבוע",2024-09-19,mention,in_manifest_not_candidate,live,,,gdelt
kikar,https://www.kikar.co.il/political-news/sk3fl1,"הליכוד מוביל בפער על המחנה הממלכתי, נפתלי בנט מנצח את נתניהו אם יקים מפלגה חדשה",2024-09-20,mention,in_manifest_not_candidate,live,,,gdelt
kikar,https://www.kikar.co.il/mayriv/sk7zeb,"חסידי חב""ד בהלם: הטיסה לסוכות ל'אוהל' הופכת בלתי אפשרית • מעייריב",2024-09-22,mention,in_manifest_not_candidate,live,,,gdelt
kikar,https://www.kikar.co.il/political-news/sk7ylv,מתכנן קאמבק? בנט התפוצץ על חיזבאללה בראיון לתקשורת הזרה,2024-09-22,mention,in_manifest_not_candidate,live,,,manifest-kw
kikar,https://www.kikar.co.il/security-news/sk6mym,"צה""ל תקף ""כ-290 מטרות"" בדרום לבנון | חיזבאללה שיגר 10 רקטות לאזור בסיס רמת דוד",2024-09-22,mention,in_manifest_not_candidate,live,,,gdelt;manifest-kw
kikar,https://www.kikar.co.il/security-news/sk73h2,"הבוקר: מעל 100 שיגורים לקריות ועמק יזרעאל | צה""ל תוקף מאות מטרות בלבנון",2024-09-22,mention,in_manifest_not_candidate,live,,,gdelt;manifest-kw
kikar,https://www.kikar.co.il/security-news/sk8ead,"דיווח באקונומיסט: צה""ל וחיזבאללה יפלשו ללבנון וישראל",2024-09-22,mention,in_manifest_not_candidate,live,,,gdelt;manifest-kw
kikar,https://www.kikar.co.il/world-news/sk7g8x,"הטיימס: ""חיזבאללה חשב שהוא בלתי חדיר - ישראל קבעה עליונות""",2024-09-22,mention,in_manifest_not_candidate,live,,,manifest-kw
kikar,https://www.kikar.co.il/%D7%94%D7%A8%D7%99%D7%90%D7%99%D7%95%D7%A0%D7%95%D7%AA/sk9pbz,"צבי יחזקאלי: ""המלחמה בלבנון התחילה השבוע; אני לא שותף להפחדות מפני מלחמה כוללת""",2024-09-23,central,not_in_manifest,live,,,gdelt;websearch
kikar,https://www.kikar.co.il/security-news/skbpub,"תשומת הלב בצפון - אבל צה""ל כותש את חמאס ברפיח • צפו",2024-09-24,mention,in_manifest_not_candidate,live,,,manifest-kw
kikar,https://www.kikar.co.il/world-news/skba6r,"נשיא איראן הפתיע: ""מוכנים להתפרק מנשק, אם ישראל גם תעשה זאת""",2024-09-24,central,in_manifest_not_candidate,live,,,gdelt;manifest-kw
makan,https://www.makan.org.il/content/news/makan-news/p-11693/801395/,جولد أبوللو: الأجهزة التي انفجرت في لبنان ليست من تصنيعنا,2024-09-18,mention,in_manifest_not_candidate,wayback,20240919042140,,manifest-kw
makan,https://www.makan.org.il/content/news/makan-news/p-11693/801880/,تقديرات: الأجهزة التي انفجرت خاصة بعناصر حزب الله الميدانيين,2024-09-19,mention,in_manifest_not_candidate,wayback,20240920025518,,manifest-kw
makan,https://www.makan.org.il/content/news/makan-news/p-11371/802127/,حسن نصر الله يقرُّ بتعرض حزب الله لضربة قاسية وغير مسبوقة في التاريخ,2024-09-20,central,in_manifest_not_candidate,wayback,20240920043251,,manifest-kw
makan,https://makan.org.il/content/news/makan-news/p-11693/802697/,جيش الدفاع يعلن أنه تم القضاء على معظم الهيكلية القيادية لحزب الله بعد غارة الضاحية الجنوبية,2024-09-21,mention,in_manifest_not_candidate,wayback,20240922012454,,manifest-kw
makan,https://www.makan.org.il/content/news/makan-news/p-11693/802572/,أسماء القادة الذين قتلوا مع إبراهيم عقيل في الضاحية,2024-09-21,mention,in_manifest_not_candidate,wayback,20240921232614,,manifest-kw
makan,https://www.makan.org.il/content/news/makan-news/p-11693/803016/,الكشف عن هدف اجتماع قادة قوة الرضوان في الضاحية,2024-09-22,mention,in_manifest_not_candidate,wayback,20240922204425,,manifest-kw
n12,https://www.mako.co.il/news-military/2024_q3/Article-d465101c1300291026.htm,תיעוד מהשוק בלבנון: פעיל חיזבאללה קונה ירקות - הקשר מתפוצץ בכיסו,2024-09-17,central,in_manifest_not_candidate,wayback,20240917155233,,manifest-kw
n12,https://www.mako.co.il/news-money/tech12/Article-a72286139800291026.htm,מהאירועים הביטחוניים הגדולים שנראו: מאחורי המתקפה המסתורית,2024-09-17,central,in_manifest_not_candidate,wayback,20240922104727,,websearch
n12,https://www.mako.co.il/news-world/2024_q2/Article-b5389e99c610291027.htm,"מאחורי ""מבצע פיצוץ הביפרים"" בלבנון",2024-09-17,central,in_manifest_not_candidate,wayback,20240917195635,,gdelt;manifest-untitled
n12,https://www.mako.co.il/news-world/2024_q3/Article-3ab386139800291026.htm,הסיקור בעולם של הפיצוצים בלבנון והקשר האפשרי לישראל,2024-09-17,central,in_manifest_not_candidate,wayback,20240917191159,,manifest-untitled
n12,https://www.mako.co.il/news-world/2024_q3/Article-513f0dde0c00291026.htm,פיצוצי מכשירי הקשר בלבנון - חיזבאללה מאשים ומאיים על ישראל,2024-09-17,central,in_manifest_not_candidate,wayback,20240917184252,,gdelt;manifest-untitled
n12,https://www.mako.co.il/pzm-soldiers/Article-cbf5101c1300291026.htm,התיעוד מפיצוצי מכשירי הקשר של חיזבאללה בלבנון,2024-09-17,central,not_in_manifest,wayback,20240917173000,mako_non_n12_path,gdelt;websearch
n12,https://www.mako.co.il/news-columns/2024_q3/Article-9ad363824b30291026.htm,מעבר לכל הציפיות של נסראללה,2024-09-18,central,in_manifest_not_candidate,wayback,20240918075037,,manifest-kw
n12,https://www.mako.co.il/news-military/036814c74a0e1910/Article-af4eb86a4540291026.htm,"החדירה, המכירה וההפעלה: כך מתכננים מבצע חבלה המוני",2024-09-18,central,in_manifest_not_candidate,wayback,20240918151234,,manifest-kw
n12,https://www.mako.co.il/news-military/2024_q3/Article-f86df6223750291027.htm,דיווחים בלבנון: פצועים בפיצוצים בדחיה ובמוקדים בדרום לבנון,2024-09-18,central,in_manifest_not_candidate,wayback,20240918141551,,manifest-kw
n12,https://www.mako.co.il/news-world/2024_q3/Article-03d481e62f30291027.htm,החברה האחראית למכשירים מהונגריה - והקשר למזרח התיכון,2024-09-18,central,in_manifest_not_candidate,wayback,20240918080039,,manifest-untitled
n12,https://www.mako.co.il/news-world/2024_q3/Article-050266ed3c30291026.htm,"השופר של חיזבאללה על המבצע בלבנון: ""ישראל הנחיתה מכה קשה""",2024-09-18,central,in_manifest_not_candidate,wayback,20240918074726,,gdelt;manifest-untitled
n12,https://www.mako.co.il/news-world/2024_q3/Article-0d481608d430291026.htm,"שגריר איראן בלבנון איבד את עינו, זו המדינה שממנה הוזמנו הביפרים",2024-09-18,central,in_manifest_not_candidate,wayback,20240918055852,,gdelt;manifest-untitled
n12,https://www.mako.co.il/news-world/2024_q3/Article-41ccfec9a760291027.htm,"כך דיווחה כתבת סקיי ניוז מזירת הפיצוץ: ""אנשים מכוסים בדם""",2024-09-18,mention,in_manifest_not_candidate,wayback,20240918202742,,manifest-untitled
n12,https://www.mako.co.il/news-world/2024_q3/Article-5518d589a460291026.htm,"גל הפיצוצים השני: בלבנון מחריפים את האיומים: ""העונש יגיע""",2024-09-18,central,in_manifest_not_candidate,wayback,20240918210637,,gdelt;manifest-untitled
n12,https://www.mako.co.il/pzm-soldiers/Article-25ecd958b850291027.htm,גל שני של פיצוצים בלבנון: 5 הרוגים ומאות פצועים מפיצוץ מכשירי קשר,2024-09-18,central,not_in_manifest,wayback,20240918151500,mako_non_n12_path,gdelt
n12,https://www.mako.co.il/pzm-soldiers/Article-516a8eb92d30291026.htm,היום שאחרי מבצע פיצוץ הביפרים בלבנון - והשאלות הפתוחות,2024-09-18,central,not_in_manifest,wayback,20240918110000,mako_non_n12_path,gdelt
n12,https://www.mako.co.il/pzm-soldiers/Article-941e887ec740291026.htm,האוגדה שעולה צפונה - והמדינה שממנה שיגרו לצפון,2024-09-18,mention,not_in_manifest,wayback,20240918110000,mako_non_n12_path,gdelt
n12,https://www.mako.co.il/pzm-soldiers/Article-a966e8551150291027.htm,"פרטים חדשים: מה קרה בעת הפיצוץ, ותפקידי הנפגעים בארגון",2024-09-18,central,not_in_manifest,wayback,20240918151500,mako_non_n12_path,gdelt
n12,https://www.mako.co.il/news-columns/2024_q3/Article-5e5185888960291026.htm,שעת כושר להכות במערך הטילים של חיזבאללה,2024-09-19,mention,in_manifest_not_candidate,wayback,20240919102828,,manifest-kw
n12,https://www.mako.co.il/news-military/2024_q3/Article-7e7dde5426a0291026.htm,"הכאוס בלבנון והאיומים: ""כללי העימות התרסקו, עומדים בפני שלב חדש""",2024-09-19,central,in_manifest_not_candidate,wayback,20240919150308,,manifest-kw;websearch
n12,https://www.mako.co.il/news-military/2024_q3/Article-aa76d6f17bb0291026.htm,גל תקיפות חריג בלבנון: עשרות מטרות הותקפו במקביל,2024-09-19,mention,in_manifest_not_candidate,wayback,20240919205408,,gdelt;manifest-kw
n12,https://www.mako.co.il/news-military/2024_q3/Article-f724a7c9e070291026.htm,היום ה-349 למלחמה | עדכונים בולטים,2024-09-19,mention,in_manifest_not_candidate,wayback,20240919034525,,gdelt
n12,https://www.mako.co.il/news-world/2024_q3/Article-0d5d3dcfdd80291027.htm,גל מעצרים בתוך חיזבאללה: פיצוץ מכשירי הקשר בראש הכותרות,2024-09-19,central,in_manifest_not_candidate,wayback,20240919145413,,manifest-untitled
n12,https://www.mako.co.il/news-world/2024_q3/Article-b29edce51380291026.htm,"חברת הקונגרס האמריקנית על פיצוץ הביפרים בלבנון: ""הרג של אזרחים חפים מפשע""",2024-09-19,central,in_manifest_not_candidate,wayback,20240919225135,,manifest-untitled
n12,https://www.mako.co.il/pzm-soldiers/Article-4576f4853290291026.htm,"הותר לפרסום: שני חיילי צה""ל נהרגו משיגורי חיזבאללה",2024-09-19,mention,not_in_manifest,wayback,20240919190000,mako_non_n12_path,gdelt
n12,https://www.mako.co.il/pzm-soldiers/Article-f7dc76964c80291026.htm,שתי האפשרויות שישראל מעמידה בפני חיזבאללה,2024-09-19,central,not_in_manifest,wayback,20240919074500,mako_non_n12_path,gdelt
n12,https://www.mako.co.il/pzm-soldiers/Article-f834d4b05b90291027.htm,"חיזבאללה מעדכן את מספר ההרוגים, פגיעות ישירות בצפון",2024-09-19,mention,not_in_manifest,wayback,20240919114500,mako_non_n12_path,gdelt
n12,https://www.mako.co.il/news-military/036814c74a0e1910/Article-849a091b41c0291027.htm,היום ה-350 למלחמה | עדכונים בולטים,2024-09-20,mention,in_manifest_not_candidate,wayback,20240919230055,,gdelt
n12,https://www.mako.co.il/news-military/2024_q3/Article-b4ec6abc7501291026.htm,אחרי החיסול בישראל מעריכים: אנחנו לקראת הסלמה דרמטית,2024-09-20,mention,in_manifest_not_candidate,wayback,20240920181528,,gdelt;manifest-kw
n12,https://www.mako.co.il/news-world/2024_q3/Article-50b5091b41c0291027.htm,הערכה בממשל ביידן: לא תהיה עסקה לפני הבחירות,2024-09-20,mention,in_manifest_not_candidate,wayback,20240920073854,,gdelt;manifest-untitled
n12,https://www.mako.co.il/news-world/2024_q3/Article-9ffb065e8fd0291027.htm,בנורבגיה מופתעים לגלות שהקשר לזימוניות של חיזבאללה עובר באוסלו,2024-09-20,central,in_manifest_not_candidate,wayback,20240920121458,,manifest-untitled
n12,https://www.mako.co.il/pzm-soldiers/Article-c00c53ee99b0291027.htm,המהלך של חיזבאללה אחרי המכה הקשה שספג מישראל,2024-09-20,mention,not_in_manifest,wayback,20240920074500,mako_non_n12_path,gdelt
n12,https://www.mako.co.il/pzm-soldiers/Article-d2b6065e8fd0291027.htm,"""נגיע ליום הדין"": החשש בלבנון ממלחמה - והאזהרה של הדיפלומט הבכיר",2024-09-20,mention,not_in_manifest,wayback,20240920074500,mako_non_n12_path,gdelt
n12,https://www.mako.co.il/pzm-soldiers/Article-e0f36bf3daf0291027.htm,"צה""ל מאשר: איברהים עקיל, הרמטכ""ל בפועל בחיזבאללה, חוסל בביירות",2024-09-20,mention,not_in_manifest,wayback,20240920160000,mako_non_n12_path,gdelt
n12,https://www.mako.co.il/news-military/2024_q3/Article-6766b2715351291026.htm,חיסול עקיל: הפגישה הסודית מתחת לאדמה והבכיר שחוסל במקרה,2024-09-21,central,in_manifest_not_candidate,wayback,20240921195353,,gdelt
n12,https://www.mako.co.il/news-world/2024_q3/Article-173cb2715351291026.htm,אחרי חיסול איבראהים עקיל: הבכיר שיפקד על כוח רדואן | דיווח,2024-09-21,mention,in_manifest_not_candidate,wayback,20240921163004,,gdelt;manifest-untitled
n12,https://www.mako.co.il/news-columns/2024_q3/Article-345f6b665491291027.htm,"מלחמת שלום הגליל, לא לבנון השלישית",2024-09-22,mention,in_manifest_not_candidate,wayback,20240922201620,,manifest-kw
n12,https://www.mako.co.il/news-military/2024_q3/Article-405bbea0a391291027.htm,"בלבנון מאותתים בצל ההסלמה: ""נגיב בצורה פרופורציונלית""",2024-09-22,central,in_manifest_not_candidate,wayback,20240922120205,,gdelt;manifest-kw
n12,https://www.mako.co.il/news-military/2024_q3/Article-9d6810720e71291026.htm,"צה""ל השמיד מאות מטרות בלבנון: ""התקיפות שלנו יתגברו""",2024-09-22,mention,in_manifest_not_candidate,wayback,20240922054738,,manifest-kw
n12,https://www.mako.co.il/pzm-soldiers/Article-0e6cb04f9281291027.htm,הרמז של חיזבאללה וההערכה: כמה זמן יימשך המצב,2024-09-22,mention,not_in_manifest,wayback,20240922100000,mako_non_n12_path,gdelt
n12,https://www.mako.co.il/news-columns/2024_q3/Article-f73941d9b9f1291027.htm,פרשני חדשות 12: ישראל משנה טון - נסראללה מחכה לאיראן,2024-09-23,mention,in_manifest_not_candidate,wayback,20240923173000,,manifest-kw
n12,https://www.mako.co.il/news-military/036814c74a0e1910/Article-06f40f2938f1291027.htm,"עלי כרכי, מפקד חזית הדרום ומספר 3 בחיזבאללה: זהו יעד התקיפה",2024-09-23,mention,in_manifest_not_candidate,wayback,20240923161457,,gdelt;manifest-kw
n12,https://www.mako.co.il/news-military/036814c74a0e1910/Article-1fce50b62202291027.htm,"הערכה בצה""ל: פגיעה בת""א או בביירות תביא למלחמה כוללת",2024-09-23,mention,in_manifest_not_candidate,wayback,20240923195932,,gdelt;manifest-kw
n12,https://www.mako.co.il/news-military/036814c74a0e1910/Article-906147e3a7b1291026.htm,היום ה-353 למלחמה | עדכונים שוטפים,2024-09-23,mention,in_manifest_not_candidate,wayback,20240922233850,,gdelt
n12,https://www.mako.co.il/news-world/2024_q3/Article-57b5d69fc4d1291027.htm,בהלה בארגוני הטרור: הפסיקו שימוש במכשירים אלקטרוניים,2024-09-23,central,in_manifest_not_candidate,wayback,20240923060604,,gdelt;manifest-untitled
n12,https://www.mako.co.il/news-military/2024_q3/Article-376ebf302232291026.htm,"כך נבנה בנק המטרות של צה""ל בלבנון",2024-09-24,mention,in_manifest_not_candidate,wayback,20240924101722,,manifest-kw
n12,https://www.mako.co.il/news-military/2024_q3/Article-b7a83b56c032291026.htm,גורם ישראלי בכיר: נותרו לחיזבאללה רק מחצית מהטילים המדויקים,2024-09-24,mention,in_manifest_not_candidate,wayback,20240924084549,,manifest-kw
n12,https://www.mako.co.il/news-specials/data_n12/Article-1d7081094122291026.htm,כך הסלימה הלחימה בלבנון בשבוע האחרון,2024-09-24,central,in_manifest_not_candidate,wayback,20240924054441,,manifest-kw
n12,https://www.mako.co.il/news-world/2024_q3/Article-82c688b35532291026.htm,"בעולם מודאגים: ""הכי קרובים שהיינו למלחמה אזורית""",2024-09-24,mention,in_manifest_not_candidate,wayback,20240924113319,,manifest-untitled
n12,https://www.mako.co.il/pzm-soldiers/Article-977f43981c32291027.htm,"נשק יום הדין של חיזבאללה - מול העליונות של צה""ל",2024-09-24,mention,not_in_manifest,wayback,20240924121500,mako_non_n12_path,gdelt
ynet,https://www.ynet.co.il/digital/technews/article/sjl0ifva0,"צפצוף גורלי:  זהו הביפר, המכשיר המסתורי שהתפוצץ אצל פעילי חיזבאללה",2024-09-17,central,not_in_manifest,live,,ynet_non_news_section,gdelt
ynet,https://www.ynet.co.il/news/article/bjcnqspta,"ארה""ב: ""קוראים לאיראן לא להוסיף לאי-היציבות באזור""",2024-09-17,central,in_manifest_not_candidate,live,,,manifest-kw
ynet,https://www.ynet.co.il/news/article/bjpms8wpa,דיווח סעודי: כ-500 אנשי חיזבאללה התעוורו,2024-09-17,central,in_manifest_not_candidate,live,,short_flash_or_ticker,manifest-kw
ynet,https://www.ynet.co.il/news/article/bkcnfqvp0,"החות'ים: ""מגנים את התקיפה הישראלית נגד לבנון""",2024-09-17,central,in_manifest_not_candidate,live,,,manifest-kw
ynet,https://www.ynet.co.il/news/article/hkeq4mpaa,דיווח: עשרות פעילי חיזבאללה נפצעו בסוריה,2024-09-17,central,in_manifest_not_candidate,live,,short_flash_or_ticker,manifest-kw
ynet,https://www.ynet.co.il/news/article/hkf00xzvac,"גורם בחיזבאללה: ""זו פרצת האבטחה הגדולה ביותר עד כה""",2024-09-17,central,in_manifest_not_candidate,live,,short_flash_or_ticker,manifest-kw
ynet,https://www.ynet.co.il/news/article/hygjdfv6a,דיווח: שגריר איראן בלבנון נפצע ממכשיר שנשא אחד משומריו,2024-09-17,central,in_manifest_not_candidate,live,,short_flash_or_ticker,manifest-kw
ynet,https://www.ynet.co.il/news/article/hynhurp6c,"דובר האו""ם: ""מתאבלים על האזרחים ההרוגים בלבנון, ועוקבים אחר המצב""",2024-09-17,central,in_manifest_not_candidate,live,,,manifest-kw
ynet,https://www.ynet.co.il/news/article/hyydamdp0,"חיזבאללה בהודעה רשמית, בלי להאשים את ישראל",2024-09-17,central,in_manifest_not_candidate,live,,,manifest-kw
ynet,https://www.ynet.co.il/news/article/r10n6zdp0,"חיזבאללה האשים את ישראל - ואיים: ""היא תיענש"". בכיר בארגון: ""נסראללה לא נפגע""",2024-09-17,central,in_manifest_not_candidate,live,,,gdelt;manifest-kw
ynet,https://www.ynet.co.il/news/article/rj2kvzvp0,דיווח סעודי: בין הנפגעים - גורמים בכירים בחיזבאללה,2024-09-17,central,in_manifest_not_candidate,live,,short_flash_or_ticker,manifest-kw
ynet,https://www.ynet.co.il/news/article/sjs57id6c,פעולה נהדרת - ומה עכשיו?,2024-09-17,central,in_manifest_not_candidate,live,,,gdelt
ynet,https://www.ynet.co.il/news/article/syqztnwtc,דיווח: בתי הספר והאוניברסיטאות בלבנון יישארו סגורים מחר,2024-09-17,central,in_manifest_not_candidate,live,,short_flash_or_ticker,manifest-kw
ynet,https://www.ynet.co.il/news/article/sytbbxv6r,"שר הבריאות של לבנון: 2,750 נפצעו בפיצוצים, לפחות 8 נהרגו",2024-09-17,central,in_manifest_not_candidate,live,,short_flash_or_ticker,manifest-kw
ynet,https://www.ynet.co.il/economy/article/rkcwf1dtr,החשש מהסלמה בצפון: השקל ממשיך לרדת מול הדולר והאירו,2024-09-18,mention,not_in_manifest,live,,ynet_non_news_section,cdx-section;gdelt
ynet,https://www.ynet.co.il/news/article/b1inojo6a,"הבית הלבן: לא היינו מעורבים בפיצוצים בלבנון, עדיין איננו מעוניינים בהסלמה",2024-09-18,central,in_manifest_not_candidate,live,,,manifest-kw
ynet,https://www.ynet.co.il/news/article/b1kgfkoar,"דיווח ב-CNN: ישראל עדכנה את ארה""ב על המבצע אתמול בלבנון מבעוד מועד",2024-09-18,central,in_manifest_not_candidate,live,,,manifest-kw;websearch
ynet,https://www.ynet.co.il/news/article/b1m8ho0060,"גורם ישראלי בכיר: ""נסראללה יכול לעצור את ההסלמה - אם יקבל את מתווה ארה""ב""",2024-09-18,central,in_manifest_not_candidate,live,,,gdelt;manifest-kw
ynet,https://www.ynet.co.il/news/article/bjpnrzdac,"השגרה של מפוני קריית שמונה בטבריה שוב משתבשת: ""אין לדעת איך יתפתח היום""",2024-09-18,mention,in_manifest_not_candidate,live,,,gdelt
ynet,https://www.ynet.co.il/news/article/bjtr4qo6a,"ההסתרה של חיזבאללה, וההערכה בישראל: פגיעה משמעותית מאוד בכוח רדואן",2024-09-18,central,in_manifest_not_candidate,live,,,gdelt;manifest-kw
ynet,https://www.ynet.co.il/news/article/bk9911ydtr,"בכיר חמאס: ""מביעים סולידריות עם חיזבאללה אחרי התוקפנות של הכיבוש""",2024-09-18,central,in_manifest_not_candidate,live,,,gdelt;manifest-kw
ynet,https://www.ynet.co.il/news/article/bkcbatu6c,"ליברמן על הפיצוצים בלבנון: ""אי-אפשר להפסיק באמצע - חייבים ללכת עד הסוף""",2024-09-18,mention,in_manifest_not_candidate,live,,,gdelt;manifest-kw
ynet,https://www.ynet.co.il/news/article/bkjzffupa,"ארדואן לראש ממשלת לבנון: ""מנהלים מגעים לעצירת התוקפנות""",2024-09-18,central,in_manifest_not_candidate,live,,,manifest-kw
ynet,https://www.ynet.co.il/news/article/bydxgavpr,ניו יורק טיימס: שגריר איראן בלבנון איבד עין בפיצוץ,2024-09-18,central,in_manifest_not_candidate,live,,,manifest-kw
ynet,https://www.ynet.co.il/news/article/byzgcpdar,"איראן: ""התוקפנות הישראלית בלבנון - רצח עם""",2024-09-18,central,in_manifest_not_candidate,live,,,manifest-kw
ynet,https://www.ynet.co.il/news/article/r11bqddpr,גלנט אחרי הפיצוצים: שלב חדש במלחמה. שיירת נתניהו נצפתה ליד מטה המוסד,2024-09-18,central,in_manifest_not_candidate,live,,,gdelt;manifest-kw;websearch
ynet,https://www.ynet.co.il/news/article/r14vdtotr,"נתניהו בהודעה קצרה: ""נחזיר את תושבי הצפון בבטחה לבתיהם, וכך בדיוק נעשה""",2024-09-18,central,in_manifest_not_candidate,live,,short_flash_or_ticker,manifest-kw
ynet,https://www.ynet.co.il/news/article/r1o1zzdpa,"אנשי בסיס חיל האוויר במירון בקו האש: ""היחידה לא הפסיקה לתפקד לרגע""",2024-09-18,mention,in_manifest_not_candidate,live,,,gdelt
ynet,https://www.ynet.co.il/news/article/r1vf8f006a,"שר הבריאות הלבנוני: ""חלק מהפצועים איבדו את הראייה והגפיים""",2024-09-18,central,in_manifest_not_candidate,live,,short_flash_or_ticker,manifest-kw
ynet,https://www.ynet.co.il/news/article/rj3inouaa,לבנון: גם מחר לא יתקיימו לימודים ברחבי המדינה,2024-09-18,central,in_manifest_not_candidate,live,,,manifest-kw
ynet,https://www.ynet.co.il/news/article/rjrhwdua0,לבנון: שריפות ופצועים בכמה אזורים שונים במדינה,2024-09-18,central,in_manifest_not_candidate,live,,short_flash_or_ticker,manifest-kw
ynet,https://www.ynet.co.il/news/article/rybzypo6c,"שוב בהלה בלבנון, עדות דרמטית מפיצוץ בהלוויה בביירות: ""אנשים היו מכוסים בדם"" | תיעוד",2024-09-18,central,in_manifest_not_candidate,live,,,gdelt;manifest-kw
ynet,https://www.ynet.co.il/news/article/ryqtqcdta,"שופר חיזבאללה: ""אחת המכות הקשות נגד הארגון מתחילת הסכסוך""",2024-09-18,central,in_manifest_not_candidate,live,,,manifest-kw
ynet,https://www.ynet.co.il/news/article/s1611wpo6r,"בלבנון מדווחים: 3 הרוגים בפיצוצים בבקעת הלבנון, פצועים גם בצידון",2024-09-18,central,in_manifest_not_candidate,live,,short_flash_or_ticker,manifest-kw
ynet,https://www.ynet.co.il/news/article/s1c9jwotr,"כתבת בריטית בביירות: ""שמענו פיצוץ קטן, אנשים היו מכוסים בדם""",2024-09-18,central,in_manifest_not_candidate,live,,,manifest-kw
ynet,https://www.ynet.co.il/news/article/s1idcg00tc,"אישיות ביטחונית בכירה: ""אנחנו נמצאים בשלב חדש במלחמה""",2024-09-18,central,in_manifest_not_candidate,live,,,gdelt
ynet,https://www.ynet.co.il/news/article/sjr71vdt0,"חיסול ""אבי פצצת הגרעין"", וגניבה מלב טהרן: המבצעים הגדולים שיוחסו לישראל",2024-09-18,mention,in_manifest_not_candidate,live,,,gdelt;manifest-kw
ynet,https://www.ynet.co.il/news/article/skro2sdar,"התרות הפרסום רגע לפני הפיצוצים: גיוס הלגיטימציה הבינלאומית - והגינוי מהאו""ם",2024-09-18,central,in_manifest_not_candidate,live,,,gdelt
ynet,https://www.ynet.co.il/news/article/syeh0koa0,"שיירת נתניהו נצפתה הערב סמוך למטה המוסד, אחרי רצף הפיצוצים בלבנון",2024-09-18,central,in_manifest_not_candidate,live,,short_flash_or_ticker,manifest-kw
ynet,https://www.ynet.co.il/news/article/syhjzf00ta,"האוגדה המובחרת שעלתה לצפון, והלם הלבנונים: ""אדם הלך ברחוב - והתפוצץ""",2024-09-18,central,in_manifest_not_candidate,live,,,gdelt;manifest-kw
ynet,https://www.ynet.co.il/news/article/yokra14082650,הטלפון השבור של נסראללה וחיזבאללה,2024-09-18,central,not_in_manifest,live,,yedioth_print,cdx-section;gdelt
ynet,https://www.ynet.co.il/news/article/yokra14082692,המשמעות של פגיעה באלפי פעילי חיזבאללה בו-זמנית היא הכרזת מלחמה,2024-09-18,mention,not_in_manifest,live,,yedioth_print,cdx-section;gdelt
ynet,https://www.ynet.co.il/digital/technews/article/hkh2snkar,מערך הסייבר מאשר: קמפיין הודעות ה-SMS הזדוניות מקורו מאיראן וחיזבאללה,2024-09-19,mention,not_in_manifest,live,,ynet_non_news_section,gdelt
ynet,https://www.ynet.co.il/entertainment/article/rycrjnkaa,"גאולה אבן: ""לא משנה כמה תלחצו עליי - זה לא יגרום לי ללחוץ על גדעון""",2024-09-19,mention,not_in_manifest,live,,ynet_non_news_section,gdelt
ynet,https://www.ynet.co.il/news/article/b1e11vcfa0,"שר ההגנה האמריקני: ""ארה""ב תומכת בישראל מול איראן, חיזבאללה ושותפיהם""",2024-09-19,central,in_manifest_not_candidate,live,,,gdelt;manifest-kw
ynet,https://www.ynet.co.il/news/article/b1g5htk60,"רה""מ לבנון למועצת הביטחון של האו""ם: ""הפסיקו את המלחמה הטכנולוגית של ישראל""",2024-09-19,central,in_manifest_not_candidate,live,,short_flash_or_ticker,manifest-kw
ynet,https://www.ynet.co.il/news/article/b1ljajctc,"1,000 קני שיגור הופצצו בלבנון. בעשרות יישובים בצפון שהו ליד מרחב מוגן כל הלילה",2024-09-19,central,in_manifest_not_candidate,live,,,gdelt;manifest-kw
ynet,https://www.ynet.co.il/news/article/b1oimhfpc,נסראללה: הפיצוצים בלבנון יכולים להיקרא הכרזת מלחמה,2024-09-19,central,in_manifest_not_candidate,live,,short_flash_or_ticker,manifest-kw
ynet,https://www.ynet.co.il/news/article/bj7izdk6r,"בדאחייה, בדרום וגם בצפון לבנון: אלה מחבלי חיזבאללה שנהרגו, ב-48 שעות של פיצוצים",2024-09-19,central,in_manifest_not_candidate,live,,,gdelt;manifest-kw
ynet,https://www.ynet.co.il/news/article/bjjf13kt0,"החל נאום נסראללה, נמשך גל התקיפות של צה""ל בדרום לבנון",2024-09-19,central,in_manifest_not_candidate,live,,short_flash_or_ticker,manifest-kw
ynet,https://www.ynet.co.il/news/article/bjjo96faa,"ארה""ב: ""קוראים להרגיע את ההסלמה במזה""ת, עדיין מאמינים בהפסקת אש""",2024-09-19,central,in_manifest_not_candidate,live,,,manifest-kw
ynet,https://www.ynet.co.il/news/article/bjtlh11qa0,"שר החוץ הבריטי: ""קורא להפסקת אש מיידית בין ישראל וחיזבאללה""",2024-09-19,central,in_manifest_not_candidate,live,,,manifest-kw
ynet,https://www.ynet.co.il/news/article/bjubfnfac,"אחרי מתקפות מכשירי הקשר: 10 פצועים מפגיעת נ""ט ומפיצוץ כטב""ם בגליל",2024-09-19,central,in_manifest_not_candidate,live,,,gdelt;manifest-kw
ynet,https://www.ynet.co.il/news/article/bkx76rf60,"שרת החוץ של גרמניה: ""הזהרנו את כל הצדדים מפני הסלמה במזרח התיכון""",2024-09-19,central,in_manifest_not_candidate,live,,short_flash_or_ticker,manifest-kw
ynet,https://www.ynet.co.il/news/article/bkxifok6r,"צה""ל תקף במקביל לנאום נסראללה, השבוע סוכל פיגוע הנחת מטען בגבול לבנון",2024-09-19,central,in_manifest_not_candidate,live,,,gdelt;manifest-kw
ynet,https://www.ynet.co.il/news/article/byclf3tpc,"נסראללה: ""ישראל חצתה את כל הקווים האדומים, מה שעשתה זה טבח""",2024-09-19,central,in_manifest_not_candidate,live,,,manifest-kw
ynet,https://www.ynet.co.il/news/article/byv1sifpc,"נסראללה: ספגנו מכה חסרת תקדים. זה יכול להיקרא הכרזת מלחמה, יהיה עונש קשה",2024-09-19,central,in_manifest_not_candidate,live,,,gdelt;manifest-kw
ynet,https://www.ynet.co.il/news/article/h100sitdar,"מתקפת סייבר? ישראלים קיבלו הודעות ""להיכנס מייד לתרחב המוגן""",2024-09-19,mention,in_manifest_not_candidate,live,,,gdelt;manifest-kw
ynet,https://www.ynet.co.il/news/article/hjcgaattc,סינוואר רוצה פיצוץ בצפון. בכירים בישראל מעריכים: זה דווקא עשוי לקדם עסקה,2024-09-19,mention,in_manifest_not_candidate,live,,,gdelt;manifest-kw
ynet,https://www.ynet.co.il/news/article/hjhobjtt0,"למרות החשש ממלחמה כוללת: בלשכת נתניהו ממשיכים בהכנות לטיסתו | זה הלו""ז",2024-09-19,mention,in_manifest_not_candidate,live,,,gdelt
ynet,https://www.ynet.co.il/news/article/hyai7attr,יותר משהוא רוצה לנקום - נסראללה חושש מתמרון קרקעי,2024-09-19,mention,in_manifest_not_candidate,live,,,gdelt;manifest-kw
ynet,https://www.ynet.co.il/news/article/r1zrlhfar,"נסראללה בפתח נאומו: ""מודה לאיראן, לממשלת לבנון, לבתי החולים ולרופאים""",2024-09-19,central,in_manifest_not_candidate,live,,,manifest-kw
ynet,https://www.ynet.co.il/news/article/rjeg3htp0,"נסראללה חתם את נאומו: ""ממשלת ישראל מובילה אותה לחורבן שלישי""",2024-09-19,central,in_manifest_not_candidate,live,,,manifest-kw
ynet,https://www.ynet.co.il/news/article/rktscnfaa,"מפקד משמרות המהפכה של איראן: ""ישראל תעמוד בפני תגובה מכרעת מציר ההתנגדות""",2024-09-19,central,in_manifest_not_candidate,live,,,manifest-kw
ynet,https://www.ynet.co.il/news/article/ry0x0hypr,"הותר לפרסום: רס""ן (במיל') נאיל פוארסה וסמל תומר קרן נפלו בלחימה בצפון",2024-09-19,mention,in_manifest_not_candidate,live,,,gdelt;manifest-kw
ynet,https://www.ynet.co.il/news/article/s149whtac,מקרון דחק בבכירים בלבנון: תרסנו את חיזבאללה כדי למנוע הסלמה,2024-09-19,central,in_manifest_not_candidate,live,,,manifest-kw
ynet,https://www.ynet.co.il/news/article/skb00cdtt0,"טייוואן, הונגריה - ועכשיו בולגריה: החברה המסתורית החדשה בפרשת פיצוצי הביפרים",2024-09-19,central,in_manifest_not_candidate,live,,,gdelt
ynet,https://www.ynet.co.il/news/article/skusi6f60,"בכירים בישראל: ""נערכים לחילופי מהלומות שכמותן לא ראינו מתחילת המלחמה""",2024-09-19,central,in_manifest_not_candidate,live,,,gdelt;websearch
ynet,https://www.ynet.co.il/news/article/sysvtfktc,"""יש לנו פגישה היום. זו ישיבת חירום"": מי מתחזה למזכיר הממשלה?",2024-09-19,mention,in_manifest_not_candidate,live,,,gdelt
ynet,https://www.ynet.co.il/news/article/syu4uukp0,"הדאגה בפנטגון ממלחמה בצפון, שתכלול תמרון בדרום לבנון: ""עלול לצאת משליטה""",2024-09-19,central,in_manifest_not_candidate,live,,,gdelt;manifest-kw
ynet,https://www.ynet.co.il/news/article/yokra14083669,חיזבאללה ביום שאחרי: ארגון פצוע וחבול,2024-09-19,central,not_in_manifest,live,,yedioth_print,cdx-section;gdelt;websearch
ynet,https://www.ynet.co.il/news/article/yokra14084108,לא חזית משנית: החטופים הם תמיד המטרה הראשונית,2024-09-19,mention,not_in_manifest,live,,yedioth_print,cdx-section;gdelt
ynet,https://www.ynet.co.il/news/article/yokra14084256,הצרה במלחמה שאין לה סוף היא שמתרגלים אליה,2024-09-19,mention,not_in_manifest,live,,yedioth_print,cdx-section;gdelt
ynet,https://www.ynet.co.il/news/article/yokra14084312,ישראל מציגה: מבצע מיוחד לשימור הממשלה,2024-09-19,mention,not_in_manifest,live,,yedioth_print,cdx-section;gdelt
ynet,https://www.ynet.co.il/news/article/yokra14084403,עומדים בפני מציאות חדשה בגבול הצפון,2024-09-19,central,not_in_manifest,live,,yedioth_print,cdx-section;gdelt
ynet,https://www.ynet.co.il/news/article/yokra14084539,זו המערכה שהתכוננו אליה,2024-09-19,mention,not_in_manifest,live,,yedioth_print,cdx-section;gdelt
ynet,https://www.ynet.co.il/digital/technology/article/byxgu6cpr,נשים ללא חיג'אב וביקורת על השלטון: הטיקטוק האיראני חושף את האמת,2024-09-20,mention,not_in_manifest,live,,ynet_non_news_section,gdelt
ynet,https://www.ynet.co.il/economy/article/hylznatp0,הנשק החשוב ביותר של מדינת ישראל בסכנה | טור,2024-09-20,mention,not_in_manifest,live,,ynet_non_news_section,cdx-section;gdelt
ynet,https://www.ynet.co.il/news/article/b1ofm9qa0,"""תקיפה ישראלית"" בכביש נמל התעופה בדמשק: ""חוסלו גורמים מגדודי חיזבאללה בעיראק""",2024-09-20,mention,in_manifest_not_candidate,live,,,gdelt;manifest-kw
ynet,https://www.ynet.co.il/news/article/bj00c669pc,"לבנונים קיבלו הודעות מאיימות: ""ראינו כי אתה תומך בנסראללה, אז תתוגמל במפגש איתו בגיהינום""",2024-09-20,central,in_manifest_not_candidate,live,,,gdelt;manifest-kw
ynet,https://www.ynet.co.il/news/article/bjzq9q9aa,"פסימיות בארה""ב: ""עסקת חטופים? כנראה שלא במהלך כהונת ביידן""",2024-09-20,mention,in_manifest_not_candidate,live,,,gdelt
ynet,https://www.ynet.co.il/news/article/hjfwiifa0,"ככל שהמלחמה בחיזבאללה תתרחק, מינויו של סער יתקרב / נדב איל",2024-09-20,central,in_manifest_not_candidate,live,,,gdelt;manifest-kw
ynet,https://www.ynet.co.il/news/article/hkfug4cpr,"וול סטריט ג'ורנל: ""עסקת חטופים? כנראה שכבר לא תושג במהלך כהונת ביידן""",2024-09-20,mention,in_manifest_not_candidate,live,,,gdelt
ynet,https://www.ynet.co.il/news/article/hytzk0qpr,"כ-140 רקטות במטחים לצפון. במטולה עדיין ""אומדים נזקים"" מהמטח הלילי | תיעוד ההרס",2024-09-20,mention,in_manifest_not_candidate,live,,,gdelt;manifest-kw
ynet,https://www.ynet.co.il/news/article/rjyvhjjta,"שר החוץ הלבנוני: ""העולם כבר לא בטוח"". דנון עקץ: ""אפילו לא הזכרת את חיזבאללה""",2024-09-20,central,in_manifest_not_candidate,live,,,gdelt;manifest-kw
ynet,https://www.ynet.co.il/news/article/rkb11ursaa,"מבט לאיראן, ו""הוצאה משיווי משקל"": היערכות בישראל להחרפה מצד חיזבאללה",2024-09-20,mention,in_manifest_not_candidate,live,,,gdelt;manifest-kw
ynet,https://www.ynet.co.il/news/article/yokra14083021,"מגיני השמיים: ""אנחנו עוקבים אחרי מאות מטרות, אבל אין הגנה של מאה אחוז""",2024-09-20,mention,not_in_manifest,live,,yedioth_print,cdx-section;gdelt
ynet,https://www.ynet.co.il/news/article/yokra14084187,הלם קו: חיזבאללה אוסף את השברים,2024-09-20,central,not_in_manifest,live,,yedioth_print,cdx-section;gdelt
ynet,https://www.ynet.co.il/news/article/yokra14085637,לך תדע אילו יצרים מנצחים בקן הקוקייה הזה,2024-09-20,mention,not_in_manifest,live,,yedioth_print,cdx-section;gdelt
ynet,https://www.ynet.co.il/news/article/bkpek7otc,"""רמטכ""ל חיזבאללה"" שהותקף בביירות, צמרת הפיקוד ברדואן: בכירי הארגון שחוסלו",2024-09-21,mention,in_manifest_not_candidate,live,,,gdelt;manifest-kw
ynet,https://www.ynet.co.il/news/article/bkptncst0,"החל באיראן מצעד צבאי בהשתתפות בכירים,  במסגרת פתיחת ""שבוע ההגנה""",2024-09-21,central,in_manifest_not_candidate,live,,,manifest-kw
ynet,https://www.ynet.co.il/news/article/bktu2en6a,"""בעקבות המתיחות"": נסגר המרחב האווירי מחדרה וצפונה | ההסבר למהלך",2024-09-21,mention,in_manifest_not_candidate,live,,,gdelt
ynet,https://www.ynet.co.il/news/article/hk02h1ntc,"מיליציות פרו איראניות בעיראק: התקשורת שלנו מאובטחת, ישראל לא תוכל לחדור אליה",2024-09-21,central,in_manifest_not_candidate,live,,,gdelt
ynet,https://www.ynet.co.il/news/article/r1dtpd2a0,"צה""ל נערך למתקפה של חיזבאללה ביממה הקרובה, הנחיות פיקוד העורף הוחמרו",2024-09-21,mention,in_manifest_not_candidate,live,,,gdelt;manifest-kw
ynet,https://www.ynet.co.il/news/article/r1swdw2t0,כיצד יגיב חיזבאללה למכה הקשה ביותר בתולדותיו,2024-09-21,mention,in_manifest_not_candidate,live,,,gdelt;manifest-kw
ynet,https://www.ynet.co.il/news/article/rjmtsvstr,"שר החוץ הלבנוני: ""ישראל שוב טועה"", דנון: ""אתה מתעלם מהתוקפנות של חיזבאללה""",2024-09-21,central,in_manifest_not_candidate,live,,,manifest-kw
ynet,https://www.ynet.co.il/news/article/rkiigshaa,חיזבאללה הודיע על ההרוג ה-500 משורותיו מתחילת המלחמה,2024-09-21,central,in_manifest_not_candidate,live,,,manifest-kw
ynet,https://www.ynet.co.il/news/article/ry6fg5npr,"צה""ל תקף משגרים ומצבורי אמל""ח, דריכות בישראל וגם בלבנון: ""24 שעות מתוחות""",2024-09-21,central,in_manifest_not_candidate,live,,,gdelt;manifest-kw
ynet,https://www.ynet.co.il/news/article/s1c5gf3tc,"""מצב מיוחד"" בעורף, הוחמרו הנחיות מחיפה וצפונה | היכן יתקיימו לימודים?",2024-09-21,mention,in_manifest_not_candidate,live,,,gdelt
ynet,https://www.ynet.co.il/news/article/sjedvq3pa,טרנד חדש: עזתים מייעצים ללבנונים - כך תפעלו במלחמה,2024-09-21,mention,in_manifest_not_candidate,live,,,gdelt;manifest-kw
ynet,https://www.ynet.co.il/news/article/sjywhy2ar,"""נחצו קווים אדומים"": הכותרות בעולם הערבי אחרי חיסול עקיל - והכאוס בביירות",2024-09-21,mention,in_manifest_not_candidate,live,,,gdelt;manifest-kw
ynet,https://www.ynet.co.il/entertainment/article/rycef7ptr,"כשהמציאות קוראת למנהיגות כוחנית, בית האח הגדול בחר בשורד האולטימטיבי",2024-09-22,mention,not_in_manifest,live,,ynet_non_news_section,gdelt
ynet,https://www.ynet.co.il/news/article/b1itdrp60,בקרוב נסראללה יצטרך להחליט: הסדרה או מלחמה,2024-09-22,mention,in_manifest_not_candidate,live,,,gdelt;manifest-kw
ynet,https://www.ynet.co.il/news/article/b1v8fppaa,"רק כמחצית מהחטופים בחיים, המו""מ תקוע - וארה""ב לא לוחצת: ""צריך משהו אחר""",2024-09-22,mention,in_manifest_not_candidate,live,,,gdelt
ynet,https://www.ynet.co.il/news/article/bjeps6htc,"115 רקטות מהלילה: 4 מטחים לעמק יזרעאל, פצועים מירי כבד לקריות. הרוג בתאונה באזעקה",2024-09-22,mention,in_manifest_not_candidate,live,,,manifest-kw
ynet,https://www.ynet.co.il/news/article/bkbci96pc,"נתניהו: ""מרחיקים את חיזבאללה מהגבול"" אלוף פיקוד הצפון התחייב: ""נעמיק את הפגיעה""",2024-09-22,mention,in_manifest_not_candidate,live,,,gdelt;manifest-kw
ynet,https://www.ynet.co.il/news/article/by8buah6a,"הבסיס שממנו הכריז גלנט על ""שלב חדש"" במלחמה | המטרה שבחר חיזבאללה",2024-09-22,mention,in_manifest_not_candidate,live,,,gdelt;manifest-kw
ynet,https://www.ynet.co.il/news/article/hjgelittr,"סגנו של נסראללה מחריף את האיומים: ""נכנסנו לשלב חדש - קרב החשבון הפתוח""",2024-09-22,central,in_manifest_not_candidate,live,,,gdelt;manifest-kw
ynet,https://www.ynet.co.il/news/article/r1mmv8ata,"שגרירות איראן בלבנון: ""אסור לתת לישראל להחזיק בנשק גרעיני""",2024-09-22,central,in_manifest_not_candidate,live,,short_flash_or_ticker,manifest-kw
ynet,https://www.ynet.co.il/news/article/rjhrsct60,"סגנו של נסראללה בהלוויית עקיל: ""ישראל נכשלה בניסיון לשתק את חיזבאללה""",2024-09-22,mention,in_manifest_not_candidate,live,,,gdelt;manifest-kw
ynet,https://www.ynet.co.il/news/article/rjw001upaa,זו עדיין הקונספציה - וככה לא נשמיד את חיזבאללה,2024-09-22,mention,in_manifest_not_candidate,live,,,gdelt;manifest-kw
ynet,https://www.ynet.co.il/news/article/rkf00jnaac,"כ-800 אלף נכנסו לטווח הירי, סב ונכדתו נפצעו בקריית ביאליק: ""אין בית, אין רכב"". צה""ל תקף עשרות יעדים",2024-09-22,mention,in_manifest_not_candidate,live,,,gdelt
ynet,https://www.ynet.co.il/news/article/rkykhpapa,"חוסלו כשדנו בפלישה לגליל: ""בכירי חיזבאללה התכנסו לתכנון מתקפה זהה ל-7/10""",2024-09-22,mention,in_manifest_not_candidate,live,,,gdelt;manifest-kw
ynet,https://www.ynet.co.il/news/article/s1cp7matr,"""תגובה ראשונית לביפרים"": אלו הרקטות שאותן שיגר חיזבאללה לקריות ולעמק",2024-09-22,central,in_manifest_not_candidate,live,,,gdelt;manifest-kw
ynet,https://www.ynet.co.il/news/article/syps5da6c,נתניהו: הנחתנו על חיזבאללה מכות שהוא לא דמיין. מבטיח לכם - הוא יבין את המסר,2024-09-22,mention,in_manifest_not_candidate,live,,,gdelt;manifest-kw
ynet,https://www.ynet.co.il/news/article/yokra14086605,"ועדיין, ישראל שוקעת במלחמת ההתשה",2024-09-22,mention,not_in_manifest,live,,yedioth_print,cdx-section;gdelt
ynet,https://www.ynet.co.il/news/article/yokra14086982,"המערכה בצפון: עם הפנים קדימה, אבל לאן?",2024-09-22,central,not_in_manifest,live,,yedioth_print,cdx-section;gdelt
ynet,https://www.ynet.co.il/news/theheadline/article/eatan8lhh,כל מי שיכול בורח: לבנון ביום שאחרי המתקפה הישראלית | סמדר פרי,2024-09-22,mention,not_in_manifest,live,,,gdelt
ynet,https://www.ynet.co.il/news/article/sjzc030pa,"""הם טבחו בנו, אנסו וקברו בחיים"": הסורים שמאושרים מהמכות לחיזבאללה",2024-09-23,central,in_manifest_not_candidate,live,,,gdelt;manifest-kw
ynet,https://www.ynet.co.il/news/article/skwherkr0,האמירה החריגה וההכחשה | נשיא איראן: מוכנים להניח את הנשק אם ישראל תעשה אותו דבר,2024-09-23,mention,in_manifest_not_candidate,live,,,gdelt;manifest-kw
ynet,https://www.ynet.co.il/news/article/yokra14088356,לא פשוט להיות לבנוני בימים אלו,2024-09-23,mention,not_in_manifest,live,,yedioth_print,cdx-section;gdelt
ynet,https://www.ynet.co.il/economy/article/rkx6aql0a,הקבלנים: מתכננים להגיש תביעת ענק נגד המדינה על נזקי המלחמה,2024-09-24,mention,not_in_manifest,live,,ynet_non_news_section,cdx-section;gdelt
ynet,https://www.ynet.co.il/news/article/hkpmtmg0r,"הוכפף לנסראללה, והפך לבכיר ביותר: ראש מערך הטילים בחיזבאללה חוסל בדאחייה",2024-09-24,mention,in_manifest_not_candidate,live,,,gdelt;manifest-kw
ynet,https://www.ynet.co.il/news/article/r13bdryar,"גורם אמריקני: ""חיזבאללה חזר כ-20 שנה אחורה"". נשיא איראן לא שלל התערבות",2024-09-24,mention,in_manifest_not_candidate,live,,,gdelt;manifest-kw
ynet,https://www.ynet.co.il/news/article/r1dtnol00,"נשיא איראן באו""ם: ישראל מבצעת רצח עם בעזה, וקוראת לזה הגנה עצמית",2024-09-24,mention,in_manifest_not_candidate,live,,,gdelt;manifest-kw
ynet,https://www.ynet.co.il/news/article/rkwkufeca,עלייתה של תחושת המסוגלות,2024-09-24,mention,in_manifest_not_candidate,live,,,gdelt
ynet,https://www.ynet.co.il/news/article/ryuuhpgrc,"ה""יהלום"" של נסראללה, שנערך לתמרון קרקעי: ""הרחיב מנהרות בלבנון""",2024-09-24,mention,in_manifest_not_candidate,live,,,gdelt;manifest-kw
