url,title,relevance,fetch_route
https://makan.org.il/content/news/makan-news/makannews/135670/,لحظة غرق شاب وصديقته في أحد شواطئ اسبانيا بعد,,wayback
https://makan.org.il/content/news/makan-news/makannews/137922/,قتلى وجرحى بالولايات المتحدة بحادث دهس متعمد,,wayback
https://makan.org.il/content/news/makan-news/makannews/139369/,"اطلاق تلسكوب الفضاء العملاق""جيمس ويب"" بالنجاح",,wayback
https://makan.org.il/content/news/makan-news/makannews/524727/,عدد ضحايا الزلزال في المغرب يصل الى أكثر من الفي قتيل,,wayback
https://makan.org.il/content/news/makan-news/makannews/524988/,الصحفي المغربي سعيد العفاسي يأخذنا الى التفاصيل المروعة من الزلزال,,wayback
https://makan.org.il/content/news/makan-news/makannews/526959/,"المهندس محمد دعدوش: رأيت الموت بعيني""",,wayback
https://makan.org.il/content/news/makan-news/makannews/536945/,كوارث ليبيا والمغرب: اعداد الضحايا في تزايد مستمر,,wayback
https://makan.org.il/content/news/makan-news/makannews/537026/,احتجاجات نشطاء المناخ على هامش الجمعية العامة,,wayback
https://makan.org.il/content/news/makan-news/makannews/800582/,محاولة ثانية لاغتيال ترامب واعتقال مشبوه مسلح,,wayback
https://makan.org.il/content/news/makan-news/makannews/806409/,,,wayback
https://makan.org.il/content/news/makan-news/p-11083/802080/,استطلاع للرأي العام يظهر تراجعًا كبيرًا في شعبية حماس بين الفلسطينيين,,wayback
https://makan.org.il/content/news/makan-news/p-11208/801698/,قضية ورأيان مع وسيم كيوف | ضربة قاسية لحزب الله,,wayback
https://makan.org.il/content/news/makan-news/p-11254/800447/,بين السطور مع نسرين أبو غوش | حورية السعدي,,wayback
https://makan.org.il/content/news/makan-news/p-11371/806411/,يخطب ويتصبب عرقا: اهم ما جاء في خطاب نائب نصرالله,,wayback
https://makan.org.il/content/news/makan-news/p-11371/806469/,تقرير: بديل نصرالله هو ابن خالته هاشم صفي الدين,,wayback
https://makan.org.il/content/news/makan-news/p-11371/806496/,"نتنياهو يخاطب المواطنين الإيرانيين: ""إسرائيل إلى جانبكم""",,wayback
https://makan.org.il/content/news/makan-news/p-11371/807989/,فرانس برس: دفن جثة نصر الله مؤقتا في مكان سري,,wayback
https://makan.org.il/content/news/makan-news/p-11371/808036/,إسرائيل تراقب منطقة الحدود السورية–اللبنانية لتضييق الخناق على حزب الله,,wayback
https://makan.org.il/content/news/makan-news/p-11693/800410/,"جيش الدفاع: ""بايزر وشرمان وتوليدانو قتلوا في قصف سلاح الجو""",,wayback
https://makan.org.il/content/news/makan-news/p-11693/801952/,,,wayback
https://makan.org.il/content/news/makan-news/p-11693/802697/,جيش الدفاع يعلن أنه تم القضاء على معظم الهيكلية القيادية لحزب الله بعد غارة الضاحية الجنوبية,,wayback
https://makan.org.il/content/news/makan-news/p-11693/805476/,حزب الله يقر بمقتل امينه العام حسن نصر الله,,wayback
https://makan.org.il/content/news/makan-news/p-11693/805516/,مقتل قائد فيلق القدس في لبنان بضربات الضاحية الجنوبية,,wayback
https://makan.org.il/content/news/makan-news/p-11693/805556/,السنوار يغير مكانه داخل غزة بعد مقتل نصرالله,,wayback
https://makan.org.il/content/news/makan-news/p-11693/806459/,المحكمة العليا: جثة وليد دقة ستبقى لمبادلتها بمختطفين,,wayback
https://makan.org.il/content/news/makan-news/p-11693/806527/,الشاباك يحذر: إيران تكثف محاولاتها لتنفيذ اغتيالات في إسرائيل,,wayback
https://makan.org.il/content/news/makan-news/p-11693/806531/,وزير الدفاع يلمح الى توغل بري وشيك في لبنان,,wayback
https://makan.org.il/content/news/makan-news/p-11693/806710/,,,wayback
https://makan.org.il/content/news/makan-news/p-11693/806969/,إصابة 4 جنود إثر اشتباك مع مسلحين في مخيم بلاطة,,wayback
https://makan.org.il/content/news/makan-news/p-11693/806978/,اطلاق 3 صواريخ من لبنان صوب أواسط البلاد,,wayback
https://makan.org.il/content/news/makan-news/p-11693/807748/,جيش الدفاع يخلص فتاة إيزيدية اختطفها داعش واحتجزت في غزة,,wayback
https://makan.org.il/content/news/makan-news/p-11693/807774/,جيش الدفاع: حزب الله يستخدم معبر حدودي لبناني رسمي,,wayback
https://makan.org.il/content/news/makan-news/p-11693/807972/,سلاح الجو قصف بعشرات القذائف مقر مخابرات حزب الله,,wayback
https://makan.org.il/content/news/makan-news/p-11693/808064/,سلاح الجو يدمر نفقا بطول 3 كم يمتد من لبنان إلى سوريا,,wayback
https://makan.org.il/content/news/makan-news/p-11693/808454/,,,wayback
https://makan.org.il/content/news/makan-news/p-11711/804197/,وحدة السايبر تحقق في أعقاب نشر مضمون تحريضي ضد نتنياهو,,wayback
https://makan.org.il/content/news/makan-news/p-11711/804871/,بن غفير يهدد بالاستقالة من الحكومة إذا تم التوصل إلى وقف لإطلاق النار مع حزب الله,,wayback
https://makan.org.il/content/news/makan-news/p-11711/806481/,ساعر: لم انضم للحكومة لإقرار قانون التجنيد للحرديم,,wayback
https://makan.org.il/content/news/makan-news/p-11711/809774/,"رئيس الوزراء يقترح تسمية هذه الحرب: ""حرب القيامة""",,wayback
https://makan.org.il/content/news/makan-news/p-11711/809825/,القرار الاستثنائي للسفارة البريطانية في إسرائيل,,wayback
https://makan.org.il/content/news/makan-news/p-11749/800790/,مجلس طلاب المدارس الثانوية يعلن الاضراب غدا في عدة مدن,,wayback
https://makan.org.il/content/news/makan-news/p-11749/806451/,,,wayback
https://makan.org.il/content/news/makan-news/p-11749/807024/,تشديد قيود الجبهة الداخلية لتشمل اورشليم القدس ايضا,,wayback
https://makan.org.il/content/news/makan-news/p-11749/807723/,قانون جديد: ما بين ضبط سلوك المعلمين ومحاصرة حرية التعبير,,wayback
https://makan.org.il/content/news/makan-news/p-11765/805189/,يتوقع أن تخفض وكالة موديز التصنيف الائتماني لإسرائيل مجددا,,wayback
https://makan.org.il/content/news/makan-news/p-11881/801752/,النشرة المسائية مع سماح حسنين بكريّة | 18.09.24,,wayback
https://makan.org.il/content/news/makan-news/p-11881/806132/,النشرة المسائية مع فراس حامد | 29.09.24,,wayback
https://makan.org.il/content/news/makan-news/p-11881/807545/,النشرة المسائية مع غالية ناطور قدّور | 02.10.24,,wayback
https://makan.org.il/content/news/makan-news/p-11881/807812/,النشرة المسائية مع نايف سارجي | 03.10.24,,wayback
https://makan.org.il/content/news/makan-news/p-11983/800441/,الخامسة في مكان مع وسيم كيّوف | 15.09.24,,wayback
https://makan.org.il/content/news/makan-news/p-11983/801679/,الخامسة في مكان مع يوسف شدّاد | 18.09.24,,wayback
https://makan.org.il/content/news/makan-news/p-408395/807919/,سيرة ومسيرة – رحاب عبد الحليم,,wayback
https://www.makan.org.il/content/news/makan-news/makannews/799445/,الولايات المتحدة: خطر الشلل التام يهدد مؤسسات فيدرالية,,wayback
https://www.makan.org.il/content/news/makan-news/makannews/799766/,استطلاع: 65% من اليهود الامريكيين سيصوتون لكامالا هاريس,,wayback
https://www.makan.org.il/content/news/makan-news/makannews/799932/,بايدن وستارمر لم يسمحا لكييف باستخدام صورايخ بعيدة المدى,,wayback
https://www.makan.org.il/content/news/makan-news/makannews/800355/,عاصفة شديدة وسط أوروبا تودي بحياة سبعة اشخاص,,wayback
https://www.makan.org.il/content/news/makan-news/makannews/800830/,ألمانيا توسع الرقابة على حدودها البرية لمحاربة الهجرة,,wayback
https://www.makan.org.il/content/news/makan-news/makannews/801389/,شركات طيران أجنبية تلغي رحلاتها من وإلى إسرائيل,,wayback
https://www.makan.org.il/content/news/makan-news/makannews/801892/,"اليابان: ""آيكوم"" تحقق بانفجار أجهزة لاسلكية تحمل شعارها في لبنان",related,wayback
https://www.makan.org.il/content/news/makan-news/makannews/801965/,نتنياهو ضد ستارمر بعدما أوقفت لندن توريد الأسلحة لإسرائيل,,wayback
https://www.makan.org.il/content/news/makan-news/makannews/802108/,ألمانيا تعلق تراخيص تصدير الأسلحة إلى إسرائيل,,wayback
https://www.makan.org.il/content/news/makan-news/makannews/802296/,"ترامب في اجتماع لمكافحة اللاسامية: ""سأكون المدافع عن اليهود""",,wayback
https://www.makan.org.il/content/news/makan-news/makannews/802308/,"النمسا: وفاة منفذ هجوم ضد شركة ""ال عال"" 1985 في السجن",,wayback
https://www.makan.org.il/content/news/makan-news/makannews/802362/,في واشنطن يعتقدون: لن يتبلور اتفاق قبل نهاية ولاية بايدن,,wayback
https://www.makan.org.il/content/news/makan-news/makannews/802560/,إسرائيل تعترض رسميا على تحقيقات محكمة الجنايات ضدها,,wayback
https://www.makan.org.il/content/news/makan-news/makannews/802593/,"التنديد برسم كاريكاتيري: رشيدة طليب إلى جانب جهاز ""بيجر""",strong,wayback
https://www.makan.org.il/content/news/makan-news/makannews/802891/,السلطات المجرية تنفي علاقتها بأجهزة اللاسلكي المنفجرة في لبنان,related,wayback
https://www.makan.org.il/content/news/makan-news/makannews/803855/,"السويد تتهم إيران بهجوم إلكتروني ""انتقاما"" لحرق المصحف",,wayback
https://www.makan.org.il/content/news/makan-news/makannews/804640/,"المحكمة في ألمانيا: شعار ""من النهر إلى البحر"" غير قانوني",,wayback
https://www.makan.org.il/content/news/makan-news/makannews/804710/,بوتين يهدد الغرب: الحالات التي سنهاجم فيها بالأسلحة النووية,,wayback
https://www.makan.org.il/content/news/makan-news/makannews/805220/,الإعصار “هيلين” يضرب الساحل الجنوبي للولايات المتحدة ويخلّف قتلى,,wayback
https://www.makan.org.il/content/news/makan-news/makannews/805457/,بوريس جونسون: فكرت في غزو هولندا خلال فترة كورونا,,wayback
https://www.makan.org.il/content/news/makan-news/makannews/805859/,عشرة قتلى في غارتين روسيتين على مستشفى في أوكرانيا,,wayback
https://www.makan.org.il/content/news/makan-news/makannews/806056/,واشنطن ستعزز قدرات الدفاع الجوي في الشرق الأوسط في الأيام المقبلة,,wayback
https://www.makan.org.il/content/news/makan-news/makannews/806837/,الإعصار هيلين يأخذ منحى سياسيا في الولايات المتحدة,,wayback
https://www.makan.org.il/content/news/makan-news/makannews/807299/,واشنطن: هجوم إيران الصاروخي على إسرائيل كان فاشلًا,,wayback
https://www.makan.org.il/content/news/makan-news/makannews/807789/,حملة الانتخابات الرئاسية الأميركية تدخل شهرها الأخير,,wayback
https://www.makan.org.il/content/news/makan-news/makannews/807975/,حصيلة ضحايا الإعصار هيلين في أميركا تتجاوز الـ 200 ضحية,,wayback
https://www.makan.org.il/content/news/makan-news/makannews/808302/,بايدن غير واثق من أن انتخابات الرئاسة الأميركية ستكون سلمية,,wayback
https://www.makan.org.il/content/news/makan-news/makannews/808331/,مفوض السياسة الخارجية للاتحاد الأوروبي يخشى رد إسرائيل,,wayback
https://www.makan.org.il/content/news/makan-news/makannews/808952/,انتخابات لرئاسة الجمهورية في تونس يغيب عنها التنافس,,wayback
https://www.makan.org.il/content/news/makan-news/makannews/808978/,"صحفي أمريكي يشعل النار في ذراعه ""لأجل أطفال غزة""",,wayback
https://www.makan.org.il/content/news/makan-news/makannews/809752/,بايدن وهاريس يؤكدان وقوفهما المطلق الى جانب إسرائيل,,wayback
https://www.makan.org.il/content/news/makan-news/makannews/809790/,مرة ثانية خلال أسبوع: انفجار قرب سفارة إسرائيل في الدنمارك,,wayback
https://www.makan.org.il/content/news/makan-news/makannews/809802/,"البابا فرنسيس ينتقد ""العجز المخزي"" للعالم عن وقف حرب غزة",,wayback
https://www.makan.org.il/content/news/makan-news/makannews/810026/,بايدن وهاريس وترامب يحيون ذكرى 7 أكتوبر,,wayback
https://www.makan.org.il/content/news/makan-news/makannews/810271/,جمعية نوبل بمعهد كارولينسكا في السويد تعلن عن أسماء الفائزين بجائزتي نوبل في الفيزياء والطب,,wayback
https://www.makan.org.il/content/news/makan-news/makannews/810277/,كيف تجلي الدول رعاياها من لبنان في ظل تصاعد حد الحرب؟,,wayback
https://www.makan.org.il/content/news/makan-news/makannews/810455/,الخارجية الأمريكية: دعوة حزب الله لوقف اطلاق النار، دون ربط ذلك بحرب غزة متأخرة,,wayback
https://www.makan.org.il/content/news/makan-news/makannews/810461/,هاريس: يجب العمل بسرعة للتوصل الى اتفاق بشأن المخطوفين ووقف اطلاق النار في قطاع غزة,,wayback
https://www.makan.org.il/content/news/makan-news/makannews/810470/,بايدن ونتنياهو يناقشان هاتفيًا اليوم الرد الإسرائيلي المحتمل على إيران,,wayback
https://www.makan.org.il/content/news/makan-news/makannews/810480/,إعصار ميلتون الرهيب يشتد قوة إلى الفئة القصوى ويهدد ولاية فلوريدا الأمريكية,,wayback
https://www.makan.org.il/content/news/makan-news/makannews/810538/,مسؤولون أمريكيون: إسرائيل ترفض الكشف عن خططها للرد على إيران,,wayback
https://www.makan.org.il/content/news/makan-news/makannews/812200/,السويد تدعو اوروبا الى تصنيف الحرس الثوري الإيراني منظمة إرهابية,,wayback
https://www.makan.org.il/content/news/makan-news/makannews/812725/,هاريس تسعى لاستمالة الناخبين السود في ولاية بنسلفانيا,,wayback
https://www.makan.org.il/content/news/makan-news/makannews/813176/,فرنسا قررت: إسرائيل لن تشارك في معرض الاسلحة,,wayback
https://www.makan.org.il/content/news/makan-news/makannews/813187/,اتحاد البرلمانات الدولي يرفض اقتراح انسحاب إسرائيل من غزة,,wayback
https://www.makan.org.il/content/news/makan-news/makannews/813209/,في أسبوع ذكرى المجزرة: تصاعد احداث اللاسامية في العالم,,wayback
https://www.makan.org.il/content/news/makan-news/makannews/813213/,الفلسطينيون يسعون لتجريد إسرائيل من عضوية الأمم المتحدة,,wayback
https://www.makan.org.il/content/news/makan-news/makannews/813235/,فرنسا: استئناف ضد منع مشاركة إسرائيليين في معرض للأسلحة,,wayback
https://www.makan.org.il/content/news/makan-news/makannews/813260/,الأزمة في الشرق الأوسط على جدول أول قمة أوروبية ـ خليجية,,wayback
https://www.makan.org.il/content/news/makan-news/makannews/813352/,تقرير: واشنطن لن تربط الأسلحة إلى إسرائيل بالمساعدات الإنسانية لغزة,,wayback
https://www.makan.org.il/content/news/makan-news/makannews/813370/,مجلس الأمن يدعو إسرائيل إلى زيادة المساعدات الإنسانية إلى غزة,,wayback
https://www.makan.org.il/content/news/makan-news/p-11031/812445/,شرق اوسط جديد مع فراس حامد | 14.10.24,,wayback
https://www.makan.org.il/content/news/makan-news/p-11083/467799/,تطبيق فلسطيني يرشد السائق لتخطي الحواجز الامنية,,wayback
https://www.makan.org.il/content/news/makan-news/p-11083/527146/,فتح معبر البضائع بفضل وساطة قطرية بين حماس وإسرائيل,,wayback
https://www.makan.org.il/content/news/makan-news/p-11083/800783/,أساليب الاتصالات التي يتبعها السنوار تجنبا لاستهدافه,,wayback
https://www.makan.org.il/content/news/makan-news/p-11083/803864/,المدعي العام للجنائية الدولية يلتقي رئيس السلطة الفلسطينية,,wayback
https://www.makan.org.il/content/news/makan-news/p-11083/804663/,"حماس توافق: ""إدارة مدنية على القطاع وفتح تدير المعابر""",,wayback
https://www.makan.org.il/content/news/makan-news/p-11083/807710/,تصفية 3 قادة بارزين في حماس بغارة على شمال قطاع غزة,,wayback
https://www.makan.org.il/content/news/makan-news/p-11208/799163/,قضية ورأيان مع وسيم كيوف | هل ستتحول الضفة الغربية إلى نسخة ثانية من قطاع غزة ؟,,wayback
https://www.makan.org.il/content/news/makan-news/p-11208/804413/,قضية ورايان  مع وسيم كيّوف | سيناريو حرب لبنان ثالثة ؟,,wayback
https://www.makan.org.il/content/news/makan-news/p-11254/801241/,بين السطور مع نسرين أبو غوش | د. راوية جرجورة بربارة,,wayback
https://www.makan.org.il/content/news/makan-news/p-11254/809317/,بين السطور مع نسرين ابو غوش | وحيد الصانع,,wayback
https://www.makan.org.il/content/news/makan-news/p-11254/810298/,بين السطور مع نسرين ابو غوش  | الناشطة الاجتماعية غدير هاني,,wayback
https://www.makan.org.il/content/news/makan-news/p-11254/812958/,بين السطور مع نسرين أبو غوش | وفاء عقل طيارة,,wayback
https://www.makan.org.il/content/news/makan-news/p-11292/800635/,"مقال اليوم: ""لا بد لهذه الأيام المظلمة ان تنتهي""",,wayback
https://www.makan.org.il/content/news/makan-news/p-11292/802938/,"مقال اليوم: ""انه ليس ذنب خطة الانفصال""",,wayback
https://www.makan.org.il/content/news/makan-news/p-11292/803762/,"مقال اليوم: ""معادلة نتنياهو""",,wayback
https://www.makan.org.il/content/news/makan-news/p-11292/808722/,مقال اليوم: عقيدة فداء الأسرى,,wayback
https://www.makan.org.il/content/news/makan-news/p-11292/809728/,"مقال اليوم: ""السيدة ليفشيتس مثال الأمل""",,wayback
https://www.makan.org.il/content/news/makan-news/p-11292/813167/,"مقال اليوم: ""اقتصاد صافرات الإنذار""",,wayback
https://www.makan.org.il/content/news/makan-news/p-11371/129252/,شرق أوسط جديد مع فراس حامد | 25.3.2020,,wayback
https://www.makan.org.il/content/news/makan-news/p-11371/129600/,شرق أوسط جديد مع فراس حامد | 8.4.2021,,wayback
https://www.makan.org.il/content/news/makan-news/p-11371/484205/,ازمة الطاقة في مصر في ظل درجات حرارة لا تحتمل,,wayback
https://www.makan.org.il/content/news/makan-news/p-11371/541995/,خطاب رئيس الوزراء نتنياهو امام الجمعية العامة,,wayback
https://www.makan.org.il/content/news/makan-news/p-11371/542050/,ولي العهد السعودي يكشف الستار عن مفاوضات التطبيع,,wayback
https://www.makan.org.il/content/news/makan-news/p-11371/662267/,الأردن يعلن عن طريق بري بديل لباب المندب,,wayback
https://www.makan.org.il/content/news/makan-news/p-11371/664562/,تداعيات التهديدات الحوثية على الملاحة في البحر الأحمر وتأثير ذلك على الأوضاع الاقتصادية في البلاد,,wayback
https://www.makan.org.il/content/news/makan-news/p-11371/664997/,,,wayback
https://www.makan.org.il/content/news/makan-news/p-11371/697048/,قصف امريكي وبريطاني لاهداف للحوثيين في اليمن,,wayback
https://www.makan.org.il/content/news/makan-news/p-11371/709970/,صفقة القرن بين مصر ودولة الإمارات العربية,,wayback
https://www.makan.org.il/content/news/makan-news/p-11371/740441/,قطر تعلن عن نيتها إعادة تقييم دورها في الوساطة بين إسرائيل وحماس,,wayback
https://www.makan.org.il/content/news/makan-news/p-11371/800350/,رئيس وزراء الأردن يقدم استقالته بعد الانتخابات البرلمانية,,wayback
https://www.makan.org.il/content/news/makan-news/p-11371/800587/,المرصد السوري: تصفية قيادية عراقية من الحرس الثوري الإيراني,,wayback
https://www.makan.org.il/content/news/makan-news/p-11371/801251/,الصحة اللبنانية:إصابة نحو 4000 شخص في انفجارات اللاسلكي,related,wayback
https://www.makan.org.il/content/news/makan-news/p-11371/801469/,بهذه السخرية غطت الصحافة العربية انفجارات اللاسلكي,related,wayback
https://www.makan.org.il/content/news/makan-news/p-11371/801487/,بلينكن في القاهرة لبحث العلاقات الثنائية والتهدئة في غزة,,wayback
https://www.makan.org.il/content/news/makan-news/p-11371/801506/,انفجارات اللاسلكي في لبنان: التخطيط والتنفيذ,related,wayback
https://www.makan.org.il/content/news/makan-news/p-11371/802127/,حسن نصر الله يقرُّ بتعرض حزب الله لضربة قاسية وغير مسبوقة في التاريخ,,wayback
https://www.makan.org.il/content/news/makan-news/p-11371/802310/,تايوان تستجوب رئيس شركة أجهزة البيجر بعد انفجارات لبنان,strong,wayback
https://www.makan.org.il/content/news/makan-news/p-11371/803039/,,,wayback
https://www.makan.org.il/content/news/makan-news/p-11371/803106/,مصرع 51 شخصا إثر انفجار في منجم فحم جنوب إيران,,wayback
https://www.makan.org.il/content/news/makan-news/p-11371/803335/,إسرائيل تفرج عن مواطنين أردنيين اعتقلا في اعقاب الاعتداء الإرهابي في معبر اللنبي,,wayback
https://www.makan.org.il/content/news/makan-news/p-11371/804076/,الرئيس الإيراني يتهم إسرائيل بتوسيع الحرب في الشرق الأوسط,,wayback
https://www.makan.org.il/content/news/makan-news/p-11371/804297/,حرب لبنان الثالثة بدأت ولبنان الدولة يدفع الثمن مجددًا,,wayback
https://www.makan.org.il/content/news/makan-news/p-11371/804331/,"""ويسألونك لماذا تكره الشعوب ميليشيات حزب الله""",,wayback
https://www.makan.org.il/content/news/makan-news/p-11371/805211/,الأمم المتحدة: نحو 30 ألفا لبناني نزحوا الى سوريا خلال 72 ساعة,,wayback
https://www.makan.org.il/content/news/makan-news/p-11371/805214/,"السعودية تعلن إطلاق ""تحالف دولي لتنفيذ حل الدولتين""",,wayback
https://www.makan.org.il/content/news/makan-news/p-11371/805253/,الحوثيون: أطلقنا صاروخا باليستيا باتجاه مدينة تل أبيب,,wayback
https://www.makan.org.il/content/news/makan-news/p-11371/805446/,إسرائيل تخترق موجة برج مراقبة مطار بيروت وتحذر طائرة إيرانية من الهبوط,,wayback
https://www.makan.org.il/content/news/makan-news/p-11371/805462/,نيويورك تايمز: المعلومة الذهبية التي أدت إلى اكتشاف نصر الله,,wayback
https://www.makan.org.il/content/news/makan-news/p-11371/805520/,,,wayback
https://www.makan.org.il/content/news/makan-news/p-11371/805574/,ردود فعل خارجية على اغتيال حسن نصر الله,,wayback
https://www.makan.org.il/content/news/makan-news/p-11371/805730/,خلافات في إيران حول كيفية الرد على تصفية نصر الله,,wayback
https://www.makan.org.il/content/news/makan-news/p-11371/805755/,تقرير: محمد بن سلمان يعترف بأن القضية الفلسطينية لا تعنيه,,wayback
https://www.makan.org.il/content/news/makan-news/p-11371/805953/,انتشال جثة الأمين العام لحزب الله حسن نصر الله,,wayback
https://www.makan.org.il/content/news/makan-news/p-11371/806611/,أحمدي نجاد يكشف: رئيس الوحدة السرية ضد الموساد، عميل,,wayback
https://www.makan.org.il/content/news/makan-news/p-11371/807659/,الحوثيون يتبنون اطلاق مسيرات صوب يافا الليلة الماضية,,wayback
https://www.makan.org.il/content/news/makan-news/p-11371/807921/,ضرب منشآت البترول في ايران قد يؤدي الى ارتفاع أسعار الطاقة,,wayback
https://www.makan.org.il/content/news/makan-news/p-11371/807968/,وزير الخارجية الإيراني عباس عراقجي يصل إلى بيروت,,wayback
https://www.makan.org.il/content/news/makan-news/p-11371/808123/,عملية سرية شاركت فيها عدة دول لتحرير فتاة إيزيدية من أسر حماس في قطاع غزة,,wayback
https://www.makan.org.il/content/news/makan-news/p-11371/808432/,,,wayback
https://www.makan.org.il/content/news/makan-news/p-11371/808643/,واشنطن بوست: أجهزة اللاسلكي المتفجرة صنعت في إسرائيل,related,wayback
https://www.makan.org.il/content/news/makan-news/p-11371/808750/,أين اختفت آثار قائد فيلق القدس التابع للحرس الثوري الايراني؟,,wayback
https://www.makan.org.il/content/news/makan-news/p-11371/810211/,نعيم قاسم يعلن تأييده للحراك السياسي لوقف إطلاق النار في الجبهة الشمالية,,wayback
https://www.makan.org.il/content/news/makan-news/p-11371/810454/,مقتل عدد من الأشخاص وإصابة آخرين في غارة جوية استهدفت مبنى في حي المزة بدمشق,,wayback
https://www.makan.org.il/content/news/makan-news/p-11371/813455/,إيطاليا تدعو الى تعزيز قوة اليونيفيل في جنوب لبنان,,wayback
https://www.makan.org.il/content/news/makan-news/p-11403/481577/,حكاية الطبيب الذي تعرض لإطلاق النار في ليلة فرحه,,wayback
https://www.makan.org.il/content/news/makan-news/p-11403/524795/,اجتماع قيادي طارئ في قرية الفريديس المنكوبة بالجريمة,,wayback
https://www.makan.org.il/content/news/makan-news/p-11403/536938/,منظمات حقوقية تعارض استخدام كاميرات التشخيص البيومتري,,wayback
https://www.makan.org.il/content/news/makan-news/p-11403/537123/,مرشح الرئاسة في الجديد المكر عفيف الحاج يتعرض لاعتداء,,wayback
https://www.makan.org.il/content/news/makan-news/p-11403/545362/,اضراب وحداد في بلدة كابول بعد مقتل أشقر أشقر,,wayback
https://www.makan.org.il/content/news/makan-news/p-11403/545463/,اعتقال مشبوهين بقتل المسن عبد الله سعدي من المقبيلة,,wayback
https://www.makan.org.il/content/news/makan-news/p-11403/662282/,آفة العنف والاجرام لا تتوقف في المجتمع العربي,,wayback
https://www.makan.org.il/content/news/makan-news/p-11403/750803/,القبض على مشتبهين بإطلاق النار على منازل في البعينة نجيدات وتسليمهم للشرطة,,wayback
https://www.makan.org.il/content/news/makan-news/p-11403/800233/,حملة شرطية لمكافحة ظاهرة السلاح غير المرخص,,wayback
https://www.makan.org.il/content/news/makan-news/p-11403/801385/,مقتل الشاب وليد حمدان من الرامة بعد تعرضه لإطلاق النار,,wayback
https://www.makan.org.il/content/news/makan-news/p-11403/801937/,ام الفحم: الاعتداء على دار البلدية والقائم بالاعمال ناصر اغبارية,,wayback
https://www.makan.org.il/content/news/makan-news/p-11403/802057/,الشرطة تواصل التحقيق في جريمة قتل الشاب عيسى توما من الرامة,,wayback
https://www.makan.org.il/content/news/makan-news/p-11403/802323/,مسلسل العنف في المجتمع العربي في البلاد لا يتوقف,,wayback
https://www.makan.org.il/content/news/makan-news/p-11403/803380/,مقتل أحمد اغبارية جعو جراء تعرضه لإطلاق النار في أم الفحم صباح اليوم,,wayback
https://www.makan.org.il/content/news/makan-news/p-11403/806655/,طمرة: ‏مقتل الشاب حسين الفضل بعد تعرضه لإطلاق النار,,wayback
https://www.makan.org.il/content/news/makan-news/p-11403/807730/,الليلة الماضية: حوادث طعن واطلاق نار في بلدات عربية,,wayback
https://www.makan.org.il/content/news/makan-news/p-11403/808297/,مقتل الشاب زاهر بن بري وإصابة آخر في مدينة رهط,,wayback
https://www.makan.org.il/content/news/makan-news/p-11403/810520/,حل لغز جريمة القتل الرباعية التي هزت الرملة قبل نحو شهر,,wayback
https://www.makan.org.il/content/news/makan-news/p-11403/813204/,مقتل شاب وجرح إثنين آخرين في جريمة وقعت ظهر اليوم في النقب,,wayback
https://www.makan.org.il/content/news/makan-news/p-11626/804744/,ماذا يمر على أولادنا في هذا التوتر المحموم؟,,wayback
https://www.makan.org.il/content/news/makan-news/p-11626/805733/,وزارة الصحة ترفع من حالة التأهب والجهوزية في كل انحاء البلاد,,wayback
https://www.makan.org.il/content/news/makan-news/p-11626/807939/,"""نسيم الصباح"" مع فاتن غطاس ومحور الحوار سرطان الثدي",,wayback
https://www.makan.org.il/content/news/makan-news/p-11693/124621/,إحباط محاولة تهريب أسلحة من المنطقة البحرية بسيناء,,wayback
https://www.makan.org.il/content/news/makan-news/p-11693/128133/,البريغاديرعطيلة يوجه اول رسالة الى الفلسطنيين,,wayback
https://www.makan.org.il/content/news/makan-news/p-11693/484413/,حزب الله يطور منظومة جديدة من الصواريخ المضادة للدبابات,,wayback
https://www.makan.org.il/content/news/makan-news/p-11693/492841/,إسرائيل تبيع الصواريخ لالمانيا,,wayback
https://www.makan.org.il/content/news/makan-news/p-11693/498569/,التوتر الأمني في منطقة الخليل يحول دون عمل الفلسطينيين هناك,,wayback
https://www.makan.org.il/content/news/makan-news/p-11693/559980/,تصفية عناصر من حماس بعد اختطافهم سيارة قرب اشكلون,,wayback
https://www.makan.org.il/content/news/makan-news/p-11693/562425/,الاستعدادات لمواجهة أي تصعيد على الحدود الشمالية,,wayback
https://www.makan.org.il/content/news/makan-news/p-11693/580155/,أحد عناصر حماس يعترف: القيادة وضعت خطة تقضي بقتل الجميع,,wayback
https://www.makan.org.il/content/news/makan-news/p-11693/586705/,استمرار احتجاجات ذوي المخطوفين الاسرائيليين لدى حماس,,wayback
https://www.makan.org.il/content/news/makan-news/p-11693/586788/,اسرائيل ترفض دعوة الجمعية العامة لهدنة إنسانية في القطاع,,wayback
https://www.makan.org.il/content/news/makan-news/p-11693/587504/,عناصر حماس قتلوا زوجتي وهي محجبة,,wayback
https://www.makan.org.il/content/news/makan-news/p-11693/587509/,"""ليس لدينا ملاجئ ولا حتى صافرات انذار""",,wayback
https://www.makan.org.il/content/news/makan-news/p-11693/587520/,شاهدان على مجزرة حماس!,,wayback
https://www.makan.org.il/content/news/makan-news/p-11693/587529/,واقع مرعب جدا!!,,wayback
https://www.makan.org.il/content/news/makan-news/p-11693/609249/,قوة من جيش الدفاع بتصفية سبعة إرهابيين فلسطينيين على الأقل في طولكرم,,wayback
https://www.makan.org.il/content/news/makan-news/p-11693/633406/,الجنرال هيرتسي هاليفي يتعهد بمواصلة القتال حتى تفكيك حماس,,wayback
https://www.makan.org.il/content/news/makan-news/p-11693/652936/,عدد من قادة حماس يغادرون قطر الى جهة مجهولة,,wayback
https://www.makan.org.il/content/news/makan-news/p-11693/660411/,غالانت: يحيى السنوار سيلاقي قريبًا بنادق جنود جيش الدفاع,,wayback
https://www.makan.org.il/content/news/makan-news/p-11693/660445/,الحرب تكشف ما خفي من الوسائل القتالية لدى حماس والجهاد الإسلامي,,wayback
https://www.makan.org.il/content/news/makan-news/p-11693/663067/,رئيس أركان جيش الدفاع الجنرال هيرتسي هاليفي يتوقع استمرار القتال في قطاع غزة شهورًا عدة,,wayback
https://www.makan.org.il/content/news/makan-news/p-11693/665275/,غالانت: الحرب في قطاع غزة ستستمر فترة طويلة إلى أن يتم تحقيق اهدافها,,wayback
https://www.makan.org.il/content/news/makan-news/p-11693/669547/,ماذا يقول ذوو المخطوفين على ضوء تصفية العاروري؟,,wayback
https://www.makan.org.il/content/news/makan-news/p-11693/670071/,"طاقم قناة ""كان"" رافق القوات في معاركهم في قلب خان يونس فلنشاهد",,wayback
https://www.makan.org.il/content/news/makan-news/p-11693/670576/,رئيسا هيئة الاركان والشاباك هيرتصي هاليفي ورونين بار يتفقدان أنفاق حماس في خانيونس,,wayback
https://www.makan.org.il/content/news/makan-news/p-11693/700323/,الفطريات المميتة في رمال غزة تودي بحياة جندي آخر,,wayback
https://www.makan.org.il/content/news/makan-news/p-11693/724049/,المرحلة القادمة من الحرب على حماس، ومعضلة رفح التي باتت تؤرق الجميع,,wayback
https://www.makan.org.il/content/news/makan-news/p-11693/758920/,تفاصيل العملية العسكرية الاستثنائية لتحرير المختطفين الأربعة في قطاع غزة كما ينقلها مراسلنا إيال عليما,,wayback
https://www.makan.org.il/content/news/makan-news/p-11693/794410/,انسحاب فرقة 98 من خان يونس ودير البلح,,wayback
https://www.makan.org.il/content/news/makan-news/p-11693/800179/,اطلاق صاروخ أرض- أرض من اليمن صوب إسرائيل,,wayback
https://www.makan.org.il/content/news/makan-news/p-11693/800218/,تعرض الجليل الأعلى والجولان لاطلاق رشقات صاروخية,,wayback
https://www.makan.org.il/content/news/makan-news/p-11693/800261/,الحوثيون يتبنون المسؤولية عن إطلاق الصاروخ البالستي الى إسرائيل,,wayback
https://www.makan.org.il/content/news/makan-news/p-11693/800297/,أبو سنان- ضبط أجهزة تشغيل عبوات ناسفة سرقت من الجيش,,wayback
https://www.makan.org.il/content/news/makan-news/p-11693/800318/,"جيش الدفاع: ""الصاروخ الحوثي انفجر في الجو""",,wayback
https://www.makan.org.il/content/news/makan-news/p-11693/800339/,"بدون إذن: نثر منشورات ""اتركوا منازلكم"" فوق جنوب لبنان",,wayback
https://www.makan.org.il/content/news/makan-news/p-11693/800629/,إصابة مركز عسكري قرب ميتولا بصاروخ أطلق من لبنان,,wayback
https://www.makan.org.il/content/news/makan-news/p-11693/800695/,اتهام 3 أشخاص بالاعتداء على فلسطينيين في جنوب نابلس,,wayback
https://www.makan.org.il/content/news/makan-news/p-11693/800991/,إسرائيل تعيد جثة مرتكب اعتداء معبر اللنبي الى الأردن,,wayback
https://www.makan.org.il/content/news/makan-news/p-11693/801076/,تصفية قيادي بارز في حركة الجهاد الإسلامي في خان يونس,,wayback
https://www.makan.org.il/content/news/makan-news/p-11693/801395/,جولد أبوللو: الأجهزة التي انفجرت في لبنان ليست من تصنيعنا,,wayback
https://www.makan.org.il/content/news/makan-news/p-11693/801429/,حوار مع محلل لبناني حول تفجيرات اللاسلكي في لبنان,related,wayback
https://www.makan.org.il/content/news/makan-news/p-11693/801434/,,,wayback
https://www.makan.org.il/content/news/makan-news/p-11693/801587/,الكشف عن محاولة لاغتيال موشيه يعلون قبل عام,,wayback
https://www.makan.org.il/content/news/makan-news/p-11693/801592/,اعتراض مسيرتين من العراق ولبنان في أجواء طبريا ورأس الناقورة,,wayback
https://www.makan.org.il/content/news/makan-news/p-11693/801876/,لبنان: مقتل 20 شخصا وإصابة 450 في انفجارات اللاسلكي,related,wayback
https://www.makan.org.il/content/news/makan-news/p-11693/801880/,تقديرات: الأجهزة التي انفجرت خاصة بعناصر حزب الله الميدانيين,,wayback
https://www.makan.org.il/content/news/makan-news/p-11693/801886/,"""صفقة الخروج الآمن"": إبعاد السنوار عن غزة وإنهاء الحرب",,wayback
https://www.makan.org.il/content/news/makan-news/p-11693/801913/,"آلاف الإسرائيليين يتلقون الليلة الماضية ""إنذارا طارئا"" مزيفا",,wayback
https://www.makan.org.il/content/news/makan-news/p-11693/801926/,نيويورك تايمز: إسرائيل هي التي زودت حزب الله بأجهزة اللاسلكي,related,wayback
https://www.makan.org.il/content/news/makan-news/p-11693/802043/,استمرار الاعتداءات الصاروخية المنطلقة من لبنان على إسرائيل,,wayback
https://www.makan.org.il/content/news/makan-news/p-11693/802182/,هجوم واسع النطاق: عشرات المقاتلات تقصف عشرات أهداف حزب الله,,wayback
https://www.makan.org.il/content/news/makan-news/p-11693/802245/,"""المال أعماني"": موتي ممان يدعي أنه تصرف بدافع مالي",,wayback
https://www.makan.org.il/content/news/makan-news/p-11693/802250/,"""احتيال"": أهالي المختطفين ضد صفقة ""الممر الآمن""",,wayback
https://www.makan.org.il/content/news/makan-news/p-11693/802320/,مصدر أميركي: قواتنا في المنطقة الآن بكثافة غير مسبوقة,,wayback
https://www.makan.org.il/content/news/makan-news/p-11693/802341/,"تصفية شخصية رفيعة ""بقصف إسرائيلي لسيارة قرب دمشق""",,wayback
https://www.makan.org.il/content/news/makan-news/p-11693/802388/,شمالي إسرائيل يتعرض لرشقة صاروخية مكثفة من لبنان,,wayback
https://www.makan.org.il/content/news/makan-news/p-11693/802411/,الآلاف يشاركون في تشييع جثمان الميجر احتياط في جيش الدفاع نائل فوارسة إلى مثواه الأخير في المغار,,wayback
https://www.makan.org.il/content/news/makan-news/p-11693/802435/,تصفية إبراهيم عقيل القيادي في مجلس الجهاد في حزب الله في الضاحية الجنوبية,,wayback
https://www.makan.org.il/content/news/makan-news/p-11693/802546/,حزب الله يعلن رسميا: تصفية قائد قوة الرضوان ابراهيم عقيل,,wayback
https://www.makan.org.il/content/news/makan-news/p-11693/802548/,إبراهيم عقيل: مطلوب في الولايات المتحدة وقائد قوة الرضوان,,wayback
https://www.makan.org.il/content/news/makan-news/p-11693/802568/,واشنطن لا تعتقد ان الحرب في لبنان ستعيد الناس الى ديارهم,,wayback
https://www.makan.org.il/content/news/makan-news/p-11693/802570/,بعد تصفية إبراهيم عقيل، نتنياهو يدعو إلى مشاورات أمنية,,wayback
https://www.makan.org.il/content/news/makan-news/p-11693/802572/,أسماء القادة الذين قتلوا مع إبراهيم عقيل في الضاحية,,wayback
https://www.makan.org.il/content/news/makan-news/p-11693/802598/,على ضوء التوتر الأمني: اغلاق المجال الجوي شمال البلاد,,wayback
https://www.makan.org.il/content/news/makan-news/p-11693/802606/,مقتل مسلحين حاولوا الاستيلاء على شاحنة مساعدات في رفح,,wayback
https://www.makan.org.il/content/news/makan-news/p-11693/802621/,أكثر من نصف المنازل في بلدة المطلة تضررت من جراء الحرب,,wayback
https://www.makan.org.il/content/news/makan-news/p-11693/802645/,جيش الدفاع يشن غارات مكثفة على أهداف لحزب الله في لبنان,,wayback
https://www.makan.org.il/content/news/makan-news/p-11693/802674/,مقاتلات من سلاح الجو تغير على مجمع قيادة لحركة حماس في مدينة غزة,,wayback
https://www.makan.org.il/content/news/makan-news/p-11693/802886/,مباشر: تسلسل الاحداث على الجبهتين الجنوبية والشمالية,,wayback
https://www.makan.org.il/content/news/makan-news/p-11693/802927/,تعرض منطقة شمال البلاد لاعتداءات صاروخية مكثفة من لبنان,,wayback
https://www.makan.org.il/content/news/makan-news/p-11693/802964/,"جيش الدفاع يداهم مكاتب قناة ""الجزيرة"" في رام الله",,wayback
https://www.makan.org.il/content/news/makan-news/p-11693/803016/,الكشف عن هدف اجتماع قادة قوة الرضوان في الضاحية,,wayback
https://www.makan.org.il/content/news/makan-news/p-11693/803067/,شبوب حريق من جراء سقوط مسيرتين في الجليل الأعلى,,wayback
https://www.makan.org.il/content/news/makan-news/p-11693/803165/,هاليفي: الضربات ستتوالى على حزب الله حتى نعيد سكان الشمال الى منازلهم,,wayback
https://www.makan.org.il/content/news/makan-news/p-11693/803318/,الأجهزة الأمنية تفحص إحتمال مقتل زعيم حركة حماس يحيى السنوار,,wayback
https://www.makan.org.il/content/news/makan-news/p-11693/803325/,مروحيات جيش الدفاع تستهدف إرهابيين من حماس في مخيم النصيرات,,wayback
https://www.makan.org.il/content/news/makan-news/p-11693/803337/,جيش الدفاع يشن سلسلة هجمات واسعة النطاق على أهداف لحزب الله,,wayback
https://www.makan.org.il/content/news/makan-news/p-11693/803354/,بدء موجة ثانية من الهجمات الواسعة على اهداف لحزب الله في جنوب لبنان والبقاع,,wayback
https://www.makan.org.il/content/news/makan-news/p-11693/803414/,تحييد شخص حاول ارتكاب اعتداء داخل قاعدة عسكرية في بيت غوفرين,,wayback
https://www.makan.org.il/content/news/makan-news/p-11693/803456/,لبنان: مقتل 100 شخص وجرح 400 جراء غارات إسرائيلية,,wayback
https://www.makan.org.il/content/news/makan-news/p-11693/803470/,تعرض الجليلين الى اطلاق نحو 40 قذيفة صاروخية,,wayback
https://www.makan.org.il/content/news/makan-news/p-11693/803508/,جيش الدفاع يدعو سكان البقاع اللبناني الى إخلاء المنطقة فورا,,wayback
https://www.makan.org.il/content/news/makan-news/p-11693/803695/,وزارة الصحة اللبنانية: ارتفاع عدد قتلى القصف الإسرائيلي الى 500,,wayback
https://www.makan.org.il/content/news/makan-news/p-11693/803751/,تعرض الناصرة والعفولة والأغوار لقصف صاروخي مرة أخرى,,wayback
https://www.makan.org.il/content/news/makan-news/p-11693/803766/,اعتقال 5 أشخاص من مخيم شعفاط بشبهة تمويل حركة حماس,,wayback
https://www.makan.org.il/content/news/makan-news/p-11693/803783/,اطلاق نحو 50 قذيفة صوب كريات شمونا واعتراض معظمها,,wayback
https://www.makan.org.il/content/news/makan-news/p-11693/803792/,قرية الرينة تتعرض الليلة الماضية وفجر اليوم لقذائف صاروخية,,wayback
https://www.makan.org.il/content/news/makan-news/p-11693/803804/,مباشر: التطورات الأمنية على الجبهة الشمالية أولا بأول,,wayback
https://www.makan.org.il/content/news/makan-news/p-11693/803895/,"المتحدث باسم اليونيفيل: ""يجب التهدئة فورا لم يفت الأوان بعد""",,wayback
https://www.makan.org.il/content/news/makan-news/p-11693/803902/,رويترز: تصفية رئيس شعبة الصواريخ في حزب الله,,wayback
https://www.makan.org.il/content/news/makan-news/p-11693/804072/,غارات إسرائيلية في بيروت والبقاع وجنوب لبنان ودمشق,,wayback
https://www.makan.org.il/content/news/makan-news/p-11693/804081/,اعتراض صاروخ أطلق من لبنان الى أواسط البلاد,,wayback
https://www.makan.org.il/content/news/makan-news/p-11693/804089/,مسيرة أطلقت من العراق أصابت مبنى في منطقة العرفا,,wayback
https://www.makan.org.il/content/news/makan-news/p-11693/804108/,إسرائيل تستعد لعملية برية محتملة في لبنان,,wayback
https://www.makan.org.il/content/news/makan-news/p-11693/804128/,تعرض الكرمل وزخرون يعكوف الى اطلاق صواريخ من لبنان,,wayback
https://www.makan.org.il/content/news/makan-news/p-11693/804217/,مقتل 3 أشخاص واصابة 9 بغارة إسرائيلية على لبنان,,wayback
https://www.makan.org.il/content/news/makan-news/p-11693/804282/,حزب الله يعتقل أكثر من 400 مشبوه في محاولة لاكتشاف شبكة العملاء بداخله,,wayback
https://www.makan.org.il/content/news/makan-news/p-11693/804356/,مقتل 5 سوريين من أصل فلسطيني من حركة الجهاد الإسلامي خلال قصف نفذه سلاح الجو جنوبي لبنان,,wayback
https://www.makan.org.il/content/news/makan-news/p-11693/804638/,مقترح جديد لبادين وماكرون لوقف القتال بين إسرائيل ولبنان,,wayback
https://www.makan.org.il/content/news/makan-news/p-11693/804646/,انخفاض وتيرة الصواريخ من جنوب لبنان منذ مساء امس,,wayback
https://www.makan.org.il/content/news/makan-news/p-11693/804686/,تفاصيل مقترح الهدنة الأمريكي الفرنسي على الجبهة الشمالية,,wayback
https://www.makan.org.il/content/news/makan-news/p-11693/804819/,جيش الدفاع يعلن عن موجة غارات جديدة على أهدف لحزب الله,,wayback
https://www.makan.org.il/content/news/makan-news/p-11693/804828/,اعتقال شاب من عرابة خطط لارتكاب اعتداء إرهابي بعبوات ناسفة وإطلاق نار,,wayback
https://www.makan.org.il/content/news/makan-news/p-11693/804849/,سلاح الجو يستهدف قائد وحدة المسيّرات في حزب الله في الضاحية الجنوبية,,wayback
https://www.makan.org.il/content/news/makan-news/p-11693/805115/,تعرض خليج حيفا لاطلاق 10 صواريخ من لبنان,,wayback
https://www.makan.org.il/content/news/makan-news/p-11693/805164/,مقتل 5 جنود إثر قصف إسرائيلي لمعبر الحدود في ريف دمشق,,wayback
https://www.makan.org.il/content/news/makan-news/p-11693/805195/,رئاسة الوزراء توضح: شركاء في أهداف المبادرة الأميركية,,wayback
https://www.makan.org.il/content/news/makan-news/p-11693/805246/,جيش الدفاع: ما تبقى من كتائب القسام بات عصابات مسلحة,,wayback
https://www.makan.org.il/content/news/makan-news/p-11693/805434/,جيش الدفاع يعلن رسميًا تصفية الأمين العام لحزب الله حسن نصر الله,,wayback
https://www.makan.org.il/content/news/makan-news/p-11693/805452/,جيش الدفاع يدمر منظومة الصواريخ البحرية لحزب الله,,wayback
https://www.makan.org.il/content/news/makan-news/p-11693/805529/,بعد تصفية نصر الله: تعديلات على تعليمات الجبهة الداخلية,,wayback
https://www.makan.org.il/content/news/makan-news/p-11693/805592/,تفاصيل التخطيط لاغتيال نصر الله والدقة عند التنفيذ,,wayback
https://www.makan.org.il/content/news/makan-news/p-11693/805727/,تقديرات أميركية: يبدو ان إسرائيل بدأت عملية محدودة في لبنان,,wayback
https://www.makan.org.il/content/news/makan-news/p-11693/805887/,نيويورك تايمز: هكذا تم بناء الاستخبارات الإسرائيلية داخل لبنان,,wayback
https://www.makan.org.il/content/news/makan-news/p-11693/805979/,أولمرت يعترف بأن إسرائيل وراء اغتيال عماد مغنية في دمشق,,wayback
https://www.makan.org.il/content/news/makan-news/p-11693/806037/,مقتل أكثر من 20 قياديًا من حزب الله في الغارة التي استهدف حسن نصر الله,,wayback
https://www.makan.org.il/content/news/makan-news/p-11693/806560/,مصدر امريكي: التوغل البري الإسرائيلي في لبنان قد يبدأ اليوم,,wayback
https://www.makan.org.il/content/news/makan-news/p-11693/806733/,تفاهم إسرائيل امريكي على ضرورة تفكيك القدرات الهجومية لحزب الله,,wayback
https://www.makan.org.il/content/news/makan-news/p-11693/806853/,مسؤول إسرائيلي رفيع: لا اتفاق في لبنان قبل اكمال العملية البرية,,wayback
https://www.makan.org.il/content/news/makan-news/p-11693/807085/,هرتسوغ: إسرائيل تتواجد في مرحلة استراتيجية وتاريخية,,wayback
https://www.makan.org.il/content/news/makan-news/p-11693/807119/,إيران تنوي اطلاق صواريخ باتجاه إسرائيل في الساعات المقبلة,,wayback
https://www.makan.org.il/content/news/makan-news/p-11693/807184/,إيران تطلق 181 صاروخًا على مناطق عدة في أنحاء إسرائيل,,wayback
https://www.makan.org.il/content/news/makan-news/p-11693/807301/,ارتفاع عدد ضحايا الاعتداء الإرهابي في يافا إلى 7 أشخاص,,wayback
https://www.makan.org.il/content/news/makan-news/p-11693/807317/,العربية: سلاح الجو الإسرائيلي يشن 17 غارة على أهداف في الضاحية الجنوبية في بيروت,,wayback
https://www.makan.org.il/content/news/makan-news/p-11693/807345/,دول عدة تعلن أنها ساعدت إسرائيل في اعتراض الصواريخ الإيرانية بينها المملكة الأردنية,,wayback
https://www.makan.org.il/content/news/makan-news/p-11693/807388/,نشر اسمي شابتين من ضحايا الاعتداء الإرهابي في يافا أمس,,wayback
https://www.makan.org.il/content/news/makan-news/p-11693/807417/,جيش الدفاع يوسع نشاطاته العسكرية في لبنان، وانضمام فرقة من قوات لواء جولاني للقتال,,wayback
https://www.makan.org.il/content/news/makan-news/p-11693/807470/,اطلاق نحو 40 قذيفة من لبنان صوب الجليل الأعلى,,wayback
https://www.makan.org.il/content/news/makan-news/p-11693/807480/,سقوط جندي من جيش الدفاع خلال معركة في جنوب لبنان,,wayback
https://www.makan.org.il/content/news/makan-news/p-11693/807488/,الصواريخ الإيرانية أصابت قواعد لسلاح الجو والأضرار غير جسيمة,,wayback
https://www.makan.org.il/content/news/makan-news/p-11693/807648/,مقتل 6 أشخاص جراء ضربة محددة الهدف وسط بيروت,,wayback
https://www.makan.org.il/content/news/makan-news/p-11693/807674/,الدفاعات الجوية تعترض مسيرة معادية في بحر نهاريا,,wayback
https://www.makan.org.il/content/news/makan-news/p-11693/807770/,مباشر: الحرب على الجبهتين الشمالية والجنوبية أولا بأول,,wayback
https://www.makan.org.il/content/news/makan-news/p-11693/807868/,مقاتلة اسرائيلية تقصف منشآة ارهابية في طولكرم,,wayback
https://www.makan.org.il/content/news/makan-news/p-11693/807904/,بيروت: المستهدف في الهجوم هاشم صفي الدين خليفة نصر الله,,wayback
https://www.makan.org.il/content/news/makan-news/p-11693/807960/,الكشف عن كواليس تخليص الفتاة الإيزيدية من قطاع غزة,,wayback
https://www.makan.org.il/content/news/makan-news/p-11693/808080/,غالانت: لا يزال في جعبتنا المزيد من المفاجآت ضد حزب الله,,wayback
https://www.makan.org.il/content/news/makan-news/p-11693/808294/,مقتل مسؤول رفيع في ضربة لجيش الدفاع في مخيم قرب طرابلس,,wayback
https://www.makan.org.il/content/news/makan-news/p-11693/808298/,ترامب يحث إسرائيل على ضرب المنشآت النووية الإيرانية,,wayback
https://www.makan.org.il/content/news/makan-news/p-11693/808305/,رشقة صاروخية من لبنان باتجاه مرج بن عامر ووادي عارة,,wayback
https://www.makan.org.il/content/news/makan-news/p-11693/808309/,السنوار يحاول جر إسرائيل إلى حرب شاملة لأنه يائس,,wayback
https://www.makan.org.il/content/news/makan-news/p-11693/808313/,ايهود باراك: قد يكون الرد على ايران كالرد على الحوثيين,,wayback
https://www.makan.org.il/content/news/makan-news/p-11693/808318/,جيش الدفاع يشق الطرق ويقيم أبراج حراسة على محور فيلادلفي,,wayback
https://www.makan.org.il/content/news/makan-news/p-11693/808408/,رصد إطلاق 30 قذيفة صاروخية على شمالي البلاد وحيفا بعد ظهر اليوم,,wayback
https://www.makan.org.il/content/news/makan-news/p-11693/808715/,سقوط قذيفة صاروخية على منزل في قرية دير الأسد,,wayback
https://www.makan.org.il/content/news/makan-news/p-11693/808803/,والد الفقيد إيتان: ابني لم يولد بطلا ولكنه صنع ذلك بنفسه,,wayback
https://www.makan.org.il/content/news/makan-news/p-11693/808818/,استطلاع هيئة البث: 27% فقط - إسرائيل انتصرت على حماس,,wayback
https://www.makan.org.il/content/news/makan-news/p-11693/808997/,استنفار قياسي في جيش الدفاع في ذكرى مجزرة 7 أكتوبر,,wayback
https://www.makan.org.il/content/news/makan-news/p-11693/809119/,تصفية خضر طويل قائد سرية حزب الله في جنوب لبنان,,wayback
https://www.makan.org.il/content/news/makan-news/p-11693/809145/,مقتل شابة واصابة 10 آخرين إثر اعتداء في المحطة المركزية ببئر السبع,,wayback
https://www.makan.org.il/content/news/makan-news/p-11693/809209/,غالانت: الاعتداء الإيراني لن يردع إسرائيل عن الرد بقوة,,wayback
https://www.makan.org.il/content/news/makan-news/p-11693/809231/,سلاح الجو قصف مجمع قيادة وتحكم في شمال قطاع غزة,,wayback
https://www.makan.org.il/content/news/makan-news/p-11693/809591/,اطلاق قذائف صاروخية من لبنان وغزة صوب إسرائيل,,wayback
https://www.makan.org.il/content/news/makan-news/p-11693/809625/,انضمام فرقة الجليل 91 الى العملية البرية في لبنان,,wayback
https://www.makan.org.il/content/news/makan-news/p-11693/809653/,سقوط 729 جنديا منذ بدء الحرب والقضاء على 18 ألف مخرب,,wayback
https://www.makan.org.il/content/news/makan-news/p-11693/809671/,اطلاق 5 قذائف من غزة صوب أواسط البلاد، سقوط إحداها في حولون,,wayback
https://www.makan.org.il/content/news/makan-news/p-11693/809767/,سقوط الضابط احتياط أفيف ماغين في معركة على الحدود اللبنانية,,wayback
https://www.makan.org.il/content/news/makan-news/p-11693/810031/,سقوط جندي من جيش الدفاع في معركة بجنوب لبنان,,wayback
https://www.makan.org.il/content/news/makan-news/p-11693/810052/,تصفية سهيل حسيني، رئيس منظومة الأركان في حزب الله,,wayback
https://www.makan.org.il/content/news/makan-news/p-11693/810091/,انضمام فرقة رابعة من جيش الدفاع الى الحرب البرية في لبنان,,wayback
https://www.makan.org.il/content/news/makan-news/p-11693/810141/,اطلاق 85 قذيفة صوب حيفا وعكا والكرايوت، وسلاح الجو يقصف بيروت,,wayback
https://www.makan.org.il/content/news/makan-news/p-11693/810224/,تعرض منطقة حيفا والكرايوت لرشقة صاروخية مكثفة,,wayback
https://www.makan.org.il/content/news/makan-news/p-11693/810251/,غالانت: حزب الله منكسر وبدون قيادة، وحماس منهكة ومفككة,,wayback
https://www.makan.org.il/content/news/makan-news/p-11693/810356/,جيش الدفاع يكشف عن نفق غير عملياتي يخترق الحدود من لبنان إلى إسرائيل,,wayback
https://www.makan.org.il/content/news/makan-news/p-11693/810457/,الجبهة الداخلية تشدد تعليماتها في الكرايوت وأحياء من حيفا,,wayback
https://www.makan.org.il/content/news/makan-news/p-11693/810572/,إصابة 6 أشخاص بجروح في اعتداء إرهابي بفأس في مدينة الخضيرة حالة 2 منهم حرجة,,wayback
https://www.makan.org.il/content/news/makan-news/p-11693/810618/,تعرض حيفا والكريوت لاطلاق حوالي 40 قذيفة من لبنان,,wayback
https://www.makan.org.il/content/news/makan-news/p-11693/810632/,مقتل رجل وامرأة من جراء سقوط صاروخ على كريات شمونه,,wayback
https://www.makan.org.il/content/news/makan-news/p-11693/813190/,بعد الإنذار الأمريكي: إدخال 50 شاحنة مساعدات إنسانية لغزة,,wayback
https://www.makan.org.il/content/news/makan-news/p-11693/813237/,احتيال وتسويق: تحقيق جديد في تفجير اللاسلكي لحزب الله,related,wayback
https://www.makan.org.il/content/news/makan-news/p-11693/813255/,جيش الدفاع يعلن عن تصفية قائد منطقة قانا في حزب الله,,wayback
https://www.makan.org.il/content/news/makan-news/p-11693/813274/,"المتحدث باسم اليونيفيل: ""يجب إبقاء القدرة على مراقبة جنوب لبنان""",,wayback
https://www.makan.org.il/content/news/makan-news/p-11693/813340/,اليونيفيل: دبابة إسرائيلية أطلقت النار على برج لنا في جنوب لبنان,,wayback
https://www.makan.org.il/content/news/makan-news/p-11693/813395/,"منظومة صواريخ ""ثاد"" الأمريكية تصل إسرائيل",,wayback
https://www.makan.org.il/content/news/makan-news/p-11693/813402/,جيش الدفاع يقوم بتصفية قائد كتيبة بنت جبيل التابعة لحزب الله,,wayback
https://www.makan.org.il/content/news/makan-news/p-11693/813459/,جيش الدفاع يدعو سكان صور الى إخلاء المنطقة فورا,,wayback
https://www.makan.org.il/content/news/makan-news/p-11693/813463/,استهداف العشرات من عناصر الجهاد الاسلامي وحماس في جباليا,,wayback
https://www.makan.org.il/content/news/makan-news/p-11693/813469/,مقتل زعيم حماس يحيى السنوار في رفح بقطاع غزة,,wayback
https://www.makan.org.il/content/news/makan-news/p-11711/124516/,نتنياهو يواصل مساعيه لايجاد مخرج لأزمة الحقائب داخ,,wayback
https://www.makan.org.il/content/news/makan-news/p-11711/472208/,"منصور عباس: القائمة ""الموحدة"" لن تنضم للحكومة الحالية",,wayback
https://www.makan.org.il/content/news/makan-news/p-11711/478635/,هل يتوقف برنامج السنة التحضرية بالجامعة العبرية للطلاب العرب؟,,wayback
https://www.makan.org.il/content/news/makan-news/p-11711/484396/,رئيس بلدية كفرقاسم حول حجب الميزانيات عن السلطات المحلية العربية,,wayback
https://www.makan.org.il/content/news/makan-news/p-11711/484716/,للأسبوع 32: عشرات الآلاف يحتجون ضد التغييرات القضائية,,wayback
https://www.makan.org.il/content/news/makan-news/p-11711/496376/,النائب ايمن عودة يتلقى لكمة في وجهه سددتها شرطية,,wayback
https://www.makan.org.il/content/news/makan-news/p-11711/498425/,د. عنان وهبي: قريبا السعودية ولبنان سيطبعان مع إسرائيل,,wayback
https://www.makan.org.il/content/news/makan-news/p-11711/524807/,البروفيسور محمد وتد وهل يحق للمحكمة العليا الغاء قانون أساس,,wayback
https://www.makan.org.il/content/news/makan-news/p-11711/565818/,"نتنياهو في الكنيست: ""علينا ان نسحق الشر""",,wayback
https://www.makan.org.il/content/news/makan-news/p-11711/587378/,جد الفوارق بين نتنياهو 2008 ونتنياهو 2023,,wayback
https://www.makan.org.il/content/news/makan-news/p-11711/602460/,غالانت: الحرب في قطاع غزة ستستمر حتى إعادة جميع المخطوفين,,wayback
https://www.makan.org.il/content/news/makan-news/p-11711/666090/,تل ابيب: تنظيم وقفة احتجاجية للمطالبة بوقف الحرب,,wayback
https://www.makan.org.il/content/news/makan-news/p-11711/670050/,غالانت: العشائر والحمائل ستدير قطاع غزة بعد الحرب,,wayback
https://www.makan.org.il/content/news/makan-news/p-11711/800389/,فتح ملف تحقيق ضد من يصفون نتنياهو بأنه هيتلر,,wayback
https://www.makan.org.il/content/news/makan-news/p-11711/800399/,البابا يعرب عن قربه من عائلات المختطفين الإسرائيليين الستة,,wayback
https://www.makan.org.il/content/news/makan-news/p-11711/800764/,أنباء عن قرب استبدال وزير الدفاع غالانت بجدعون ساعر,,wayback
https://www.makan.org.il/content/news/makan-news/p-11711/800772/,غانتس: نتنياهو لديه تشوه في الأولويات,,wayback
https://www.makan.org.il/content/news/makan-news/p-11711/800860/,مئات المتظاهرين قبالة منزل ساعر لثنيه عن الانضمام للحكومة,,wayback
https://www.makan.org.il/content/news/makan-news/p-11711/800941/,"ساعر سيكون وزيرا للدفاع وغالانت يتعهد: ""لن أترك الليكود""",,wayback
https://www.makan.org.il/content/news/makan-news/p-11711/800988/,الكابنيت: إعادة سكان الشمال الى منازلهم، أحد أهداف الحرب,,wayback
https://www.makan.org.il/content/news/makan-news/p-11711/801056/,منصور عباس: نسعى الى إخراج اليمين المتطرف من الحكومة,,wayback
https://www.makan.org.il/content/news/makan-news/p-11711/801615/,العليا: يجب أن تستوفي منشأة سديه تيمان متطلبات القانون,,wayback
https://www.makan.org.il/content/news/makan-news/p-11711/802366/,التفاهمات بين ساعر ونتنياهو التي ابرمت خلال التصعيد,,wayback
https://www.makan.org.il/content/news/makan-news/p-11711/802586/,مصدر أمريكي: فرص التوصل لوقف إطلاق النار في غزة تتضاءل,,wayback
https://www.makan.org.il/content/news/makan-news/p-11711/803086/,القادة الإسرائيليون عازمون على إعادة سكان الشمال الى منازلهم,,wayback
https://www.makan.org.il/content/news/makan-news/p-11711/804171/,هيئة عائلات المخطوفين تنتقد سفر نتنياهو الى الأمم المتحدة,,wayback
https://www.makan.org.il/content/news/makan-news/p-11711/804643/,نتنياهو يتوجه الى نيويورك لإلقاء كلمته امام الجمعية العامة,,wayback
https://www.makan.org.il/content/news/makan-news/p-11711/804730/,ديوان رئيس الوزراء: الأخبار عن وقف إطلاق النار غير صحيحة,,wayback
https://www.makan.org.il/content/news/makan-news/p-11711/805228/,"نتنياهو: ""ذراع إسرائيل الطويلة تصل الى كل موقع في ايران""",,wayback
https://www.makan.org.il/content/news/makan-news/p-11711/805761/,"الرئيس الأمريكي بايدن: ""الآن هو وقت وقف إطلاق النار""",,wayback
https://www.makan.org.il/content/news/makan-news/p-11711/807294/,الكابينت السياسي والأمني يناقش سبل الرد على الهجوم الايراني,,wayback
https://www.makan.org.il/content/news/makan-news/p-11711/807692/,بو حبيب: نصر الله وافق قبل اغتياله على وقف اطلاق النار,,wayback
https://www.makan.org.il/content/news/makan-news/p-11711/808292/,بايدن: ما من إدارة قبلي قدمت لإسرائيل أكثر مني,,wayback
https://www.makan.org.il/content/news/makan-news/p-11711/808345/,وزير الخارجية كاتس لخامنئي: خذوا وكلاءكم واتركوا لبنان,,wayback
https://www.makan.org.il/content/news/makan-news/p-11711/809682/,الهباش يتهم إيران بالمتاجرة بالقضية الفلسطينية,,wayback
https://www.makan.org.il/content/news/makan-news/p-11711/809782/,تم عرض فيلم الفظائع الرهيبة على وزراء الحكومة,,wayback
https://www.makan.org.il/content/news/makan-news/p-11711/810045/,نتنياهو: 7 أكتوبر يرمز الى ثمن نهضتنا ويعبر عن مدى عزمنا,,wayback
https://www.makan.org.il/content/news/makan-news/p-11711/810120/,حاخامات من التيار الصهيوني يطالبون نتنياهو بالعمل على إعادة المخطوفين,,wayback
https://www.makan.org.il/content/news/makan-news/p-11711/810327/,"نتنياهو يعترف بتصفية خليفة الأمين العام لحزب الله ""هشام صفي الدين""",,wayback
https://www.makan.org.il/content/news/makan-news/p-11711/810660/,بطلب من نتنياهو، غالانت يؤجل زيارته الى واشنطن,,wayback
https://www.makan.org.il/content/news/makan-news/p-11711/813223/,رئيس وزراء بريطانيا يدرس فرض عقوبات على سموتريش وبن غفير,,wayback
https://www.makan.org.il/content/news/makan-news/p-11711/813405/,نتنياهو: دعوة ماكرون لحظر الأسلحة على إسرائيل مخزية,,wayback
https://www.makan.org.il/content/news/makan-news/p-11749/124477/,انطلاق حملة توعية لمنع حوادث الاختناق لدى الأطفال,,wayback
https://www.makan.org.il/content/news/makan-news/p-11749/124573/,بلدية اورشليم القدس تعلن عن اطلاق مشروع ضخم في شرق,,wayback
https://www.makan.org.il/content/news/makan-news/p-11749/128187/,بدء التحقيق مع أفراد الشرطة بقضية ام الفحم,,wayback
https://www.makan.org.il/content/news/makan-news/p-11749/135618/,مربية تعتدي على طفل في روضة اطفال في المثلث,,wayback
https://www.makan.org.il/content/news/makan-news/p-11749/136920/,فيديو صادم! تعنيف طفل في التعليم الخاص,,wayback
https://www.makan.org.il/content/news/makan-news/p-11749/137015/,أراد ممازحة أخيه فتسبب بمقتله تحت عجلات شاحنة!,,wayback
https://www.makan.org.il/content/news/makan-news/p-11749/138906/,عباس: اليمين المتطرف يحرض ضدي وضد سكان النقب,,wayback
https://www.makan.org.il/content/news/makan-news/p-11749/467783/,المحامية ميرال نخول تتولى مهام رفيعة,,wayback
https://www.makan.org.il/content/news/makan-news/p-11749/478168/,عبد السلام فضيلي يستعيد اللحظات الاخيرة من حياة زوجته,,wayback
https://www.makan.org.il/content/news/makan-news/p-11749/481817/,علي سلام: سأحقق في الانتخابات نتيجة تسحق كل المنافسين لي,,wayback
https://www.makan.org.il/content/news/makan-news/p-11749/484766/,إقامة لجنة جديدة للحج والعمرة بعد التذمر من تكاليف هذه الفريضة,,wayback
https://www.makan.org.il/content/news/makan-news/p-11749/485741/,عدنان أسعد دعا الأهل والأصدقاء الجمعة للاحتفال بقدوم طفلته,,wayback
https://www.makan.org.il/content/news/makan-news/p-11749/486183/,مصرع رجل الإطفاء عدنان أسعد,,wayback
https://www.makan.org.il/content/news/makan-news/p-11749/486421/,د. علي نعمة: البئر موجودة في منطقة سكنية بين البيوت,,wayback
https://www.makan.org.il/content/news/makan-news/p-11749/487831/,الطبيب حافظ صنع الله واللحظات الحرجة من واقعة البئر بدير الأسد,,wayback
https://www.makan.org.il/content/news/makan-news/p-11749/487888/,عادل العرامين: فقيدكم البطل الشهم هو فقدينا,,wayback
https://www.makan.org.il/content/news/makan-news/p-11749/492794/,انطلاق موسم تفاح الهضبة,,wayback
https://www.makan.org.il/content/news/makan-news/p-11749/492835/,مدينة شفاعمرو تحيي الذكرى الثامنة عشرة للمجزرة,,wayback
https://www.makan.org.il/content/news/makan-news/p-11749/492838/,تدشين القطار الخفيف في تل ابيب,,wayback
https://www.makan.org.il/content/news/makan-news/p-11749/494030/,ما مصير الميزانيات التي صرفتها وزارة المعارف للسلطات العربية؟,,wayback
https://www.makan.org.il/content/news/makan-news/p-11749/494676/,القطار الخفيف سيصل الينا,,wayback
https://www.makan.org.il/content/news/makan-news/p-11749/503688/,تقرير: الاستعدادات في البلدات العربية للعام الدراسي الجديد,,wayback
https://www.makan.org.il/content/news/makan-news/p-11749/503937/,تواصل الاحتجاجات الشعبية في مدينة السويداء,,wayback
https://www.makan.org.il/content/news/makan-news/p-11749/506355/,هلال خوري ينسحب من التنافس على الرئاسة بكفر ياسيف بعد تهديده بالقتل,,wayback
https://www.makan.org.il/content/news/makan-news/p-11749/524901/,تقرير حول هجرة الأطباء العرب من البلاد,,wayback
https://www.makan.org.il/content/news/makan-news/p-11749/527157/,معطيات مرعبة لوزارة الصحة عن حالات الانتحار في البلاد,,wayback
https://www.makan.org.il/content/news/makan-news/p-11749/531075/,تراشق الاتهامات بين المرشحين الثلاثة لرئاسة مجلس أبو غوش,,wayback
https://www.makan.org.il/content/news/makan-news/p-11749/531603/,لأول مرة في الطيبة: امرأة تترأس قائمة الجبهة للعضوية,,wayback
https://www.makan.org.il/content/news/makan-news/p-11749/535433/,في الطيرة الشقيق يتبرع بكليته لشقيقته عمل انساني عميق,,wayback
https://www.makan.org.il/content/news/makan-news/p-11749/543518/,المرأة العربية تتخطى الحواجز وتخوض الانتخابات المحلية,,wayback
https://www.makan.org.il/content/news/makan-news/p-11749/564453/,تعطيل الدراسة في المدراس لليوم الخامس من الحرب,,wayback
https://www.makan.org.il/content/news/makan-news/p-11749/584993/,أوضاع مشافي مدينة الناصرة في ظل التوتر الأمني الحالي,,wayback
https://www.makan.org.il/content/news/makan-news/p-11749/588159/,الطيبي: متطرفون يهود قاموا بالتحريض على الطلاب العرب في كلية نتانيا,,wayback
https://www.makan.org.il/content/news/makan-news/p-11749/714306/,انجاز غير مسبوق لقائمة كلنا البلد في الانتخابات المحلية لبلدية تل أبيب - يافا,,wayback
https://www.makan.org.il/content/news/makan-news/p-11749/716347/,عودة قناة مكان للبث على القمر الاصطناعي عاموس 7 مجددًا,,wayback
https://www.makan.org.il/content/news/makan-news/p-11749/723758/,شهر الصيام في المدن المختلطة,,wayback
https://www.makan.org.il/content/news/makan-news/p-11749/727313/,انتهاء صلاة الجمعة الثانية من شهر رمضان المبارك دون أحداث تذكر,,wayback
https://www.makan.org.il/content/news/makan-news/p-11749/727685/,وحدة شرطية جديدة في الجنوب لمحاربة العنف والجريمة,,wayback
https://www.makan.org.il/content/news/makan-news/p-11749/730496/,العمل بالتوقيت الصيفي,,wayback
https://www.makan.org.il/content/news/makan-news/p-11749/731105/,أحياء الذكرى الثامنة والأربعين ليوم الأرض,,wayback
https://www.makan.org.il/content/news/makan-news/p-11749/736482/,غياب الأجواء الاحتفالية هذا العام بعيد الفطر السعيد في البلدات العربية,,wayback
https://www.makan.org.il/content/news/makan-news/p-11749/737081/,هل التهديدات الإيرانية تؤثر على المواطنين في المجتمع العربي؟,,wayback
https://www.makan.org.il/content/news/makan-news/p-11749/742594/,انقلاب سيارة الوزير بن غفير وإصابته بجروح طفيفة بعد تفقد موقع اعتداء الطعن في الرملة,,wayback
https://www.makan.org.il/content/news/makan-news/p-11749/755697/,أيمن عودة: الشعب الإسرائيلي لا يزال غير ناضج للسلام,,wayback
https://www.makan.org.il/content/news/makan-news/p-11749/757538/,رشا كريم من مجد الكروم تتحدث عن اعتقالها والتحقيق معها,,wayback
https://www.makan.org.il/content/news/makan-news/p-11749/773171/,قاتل ديار عمري صرخ بوجه المغدور: الموت للعرب,,wayback
https://www.makan.org.il/content/news/makan-news/p-11749/800312/,عاملات النظافة يتظاهرن في مستشفى سوروكا للمطالبة برفع أجورهن,,wayback
https://www.makan.org.il/content/news/makan-news/p-11749/800606/,إضراب بكافة المرافق في المجتمع العربي في الفاتح من اكتوبر,,wayback
https://www.makan.org.il/content/news/makan-news/p-11749/800643/,مطالبة بفصل الطلاب العرب المقدسيين عن المنهاج الفلسطيني,,wayback
https://www.makan.org.il/content/news/makan-news/p-11749/800661/,رحوفوت- مصرع عامل خمسيني إثر سقوطه في بئر صرف صحي,,wayback
https://www.makan.org.il/content/news/makan-news/p-11749/800675/,مقتل موسى الجعار (60 عاما) إثر تعرضه لاطلاق نار في رهط,,wayback
https://www.makan.org.il/content/news/makan-news/p-11749/800740/,ظهور بعوض يحمل حمى النيل الغربي في مدينة شفاعمرو,,wayback
https://www.makan.org.il/content/news/makan-news/p-11749/800985/,مصرع ياسر دسوقي إثر اصطدام مركبة كانت تطاردها الشرطة بدراجته النارية,,wayback
https://www.makan.org.il/content/news/makan-news/p-11749/800996/,غدا- إضراب في مدارس هرتسليا، بيتاح تكفا، هشارون ورعنانا,,wayback
https://www.makan.org.il/content/news/makan-news/p-11749/801009/,اعتقال شابة بشبهة ضلوعها بحادث الدهس الذي أودى بحياة ياسر دسوقي,,wayback
https://www.makan.org.il/content/news/makan-news/p-11749/801022/,مازن غنايم: الإضراب هو رسالة للمطالبة بحقوق المجتمع العربي,,wayback
https://www.makan.org.il/content/news/makan-news/p-11749/801065/,المحكمة تقرر إلغاء انتخابات نقابة الطلاب في جامعة حيفا,,wayback
https://www.makan.org.il/content/news/makan-news/p-11749/801534/,"""اوقفنا الفرح وبدأنا طقوس المأتم وبدل الزفاف جنازة""",,wayback
https://www.makan.org.il/content/news/makan-news/p-11749/801919/,حيفا: الجبهة تستجوب رئيس البلدية حول الاستعداد لفصل الشتاء,,wayback
https://www.makan.org.il/content/news/makan-news/p-11749/802352/,فوضى المدارس الثانوية: انهيار المفاوضات حول الرواتب,,wayback
https://www.makan.org.il/content/news/makan-news/p-11749/802933/,,,wayback
https://www.makan.org.il/content/news/makan-news/p-11749/803003/,مستشفيات شمالي البلاد تعد مناطق محمية لمزاولة عملها,,wayback
https://www.makan.org.il/content/news/makan-news/p-11749/803010/,الصحفي علي الزيبق: شظية الصاروخ سقطت فوق سرير ابني,,wayback
https://www.makan.org.il/content/news/makan-news/p-11749/803174/,تعطيل الدراسة الوجاهية اليوم شمالي البلاد بسبب الوضع الأمني,,wayback
https://www.makan.org.il/content/news/makan-news/p-11749/803326/,انتهاء المفاوضات بين منظمة المعلمين ووزارة المالية بنجاح,,wayback
https://www.makan.org.il/content/news/makan-news/p-11749/803691/,الحكومة تعلن عن حالة خاصة في الجبهة الداخلية بكافة أنحاء البلاد,,wayback
https://www.makan.org.il/content/news/makan-news/p-11749/803719/,رئيس مجلس المزرعة المحلي: نفتقر الى الأماكن المحمية,,wayback
https://www.makan.org.il/content/news/makan-news/p-11749/804652/,وزير التعليم يواصل محاولة السيطرة على مجلس التعليم العالي,,wayback
https://www.makan.org.il/content/news/makan-news/p-11749/805150/,إصابة عامل من كفر كنا بشظايا صاروخ أثناء عمله في طبريا,,wayback
https://www.makan.org.il/content/news/makan-news/p-11749/805171/,حديث مع شقيق شاب أصيب بشظايا صاروخ من كفر مندا,,wayback
https://www.makan.org.il/content/news/makan-news/p-11749/805800/,مازن غنايم: بلداتنا تحولت إلى خط مواجهة في الحرب,,wayback
https://www.makan.org.il/content/news/makan-news/p-11749/805803/,طمراوي يقول: عثرت على صاروخ في العزية الزراعية,,wayback
https://www.makan.org.il/content/news/makan-news/p-11749/806585/,الأسماء الأكثر انتشارا في البلاد بحلول رأس السنة العبرية,,wayback
https://www.makan.org.il/content/news/makan-news/p-11749/806738/,اليوم الذكرى السنوية الـ 24 لأحداث أكتوبر في المجتمع العربي,,wayback
https://www.makan.org.il/content/news/makan-news/p-11749/806793/,شركة الطيران العملاقة تمدد إلغاء رحلاتها من وإلى إسرائيل,,wayback
https://www.makan.org.il/content/news/makan-news/p-11749/806877/,"الدكتور حنا سويد: ""هبة أكتوبر في المرتبة الثالثة من حيث الأهمية""",,wayback
https://www.makan.org.il/content/news/makan-news/p-11749/807159/,مقتل 6 أشخاص وإصابة 9 آخرين جراء اعتداء ارهابي في يافا,,wayback
https://www.makan.org.il/content/news/makan-news/p-11749/807395/,إسرائيل قد ترد بقصف المفاعل النووي الإيراني،  الدكتور ياسر حجيرات يرجح هذا السيناريو,,wayback
https://www.makan.org.il/content/news/makan-news/p-11749/807719/,اغلاق عدد من محطات القطار في شمال البلاد بسبب الحرب,,wayback
https://www.makan.org.il/content/news/makan-news/p-11749/807754/,مسؤول: تكلفة الحج لهذا الموسم قد تصل الى 50 الف شيكل,,wayback
https://www.makan.org.il/content/news/makan-news/p-11749/810063/,مصرع شابة وإصابة آخرين بحادث سير في منطقة النقب,,wayback
https://www.makan.org.il/content/news/makan-news/p-11749/810075/,اعتقال معلمة من طمرة بشبهة الاحتفال في ذكرى 7 أكتوبر,,wayback
https://www.makan.org.il/content/news/makan-news/p-11749/813106/,هل سيتحقّق ربط المنازل غير المرخّصة لأبناء الطائفة المعروفيّة بشبكة الكهرباء؟,,wayback
https://www.makan.org.il/content/news/makan-news/p-11749/813365/,العديد من شركات الطيران الأجنبية تلغي رحلاتها الى البلاد,,wayback
https://www.makan.org.il/content/news/makan-news/p-11749/813414/,نواب الجبهة ينظمون جولة تفقدية لقرى تضررت من الحرب,,wayback
https://www.makan.org.il/content/news/makan-news/p-11765/801933/,قد يبلغ العجز المالي لهذا العام ستة اضعاف التوقعات,,wayback
https://www.makan.org.il/content/news/makan-news/p-11765/805127/,هل سيتم سحب ورقة المائتي شيكل من التداول العام؟,,wayback
https://www.makan.org.il/content/news/makan-news/p-11765/805482/,"شركة ""ويز"" تلغي جميع رحلاتها الجوية من وإلى إسرائيل",,wayback
https://www.makan.org.il/content/news/makan-news/p-11765/806762/,دوافع وكالة موديز لتخفيض التصنيف الائتماني لإسرائيل,,wayback
https://www.makan.org.il/content/news/makan-news/p-11765/807750/,اتساع دائرة الفقر في المجتمع العربي بسبب الحرب,,wayback
https://www.makan.org.il/content/news/makan-news/p-11765/807947/,ماذا يعني خفض التدريج الائتماني بالنسبة للمواطن العادي؟,,wayback
https://www.makan.org.il/content/news/makan-news/p-11765/808760/,ارتفاع أسعار النفط تحسبا لهجوم إسرائيلي على ايران,,wayback
https://www.makan.org.il/content/news/makan-news/p-11765/810677/,بنك إسرائيل يبقي نسبة الفائدة المصرفية على حالها (4.5%),,wayback
https://www.makan.org.il/content/news/makan-news/p-11825/801096/,خصم نقطة من فريقي سخنين وهبوعيل بئر السبع وفرض غرامات,,wayback
https://www.makan.org.il/content/news/makan-news/p-11825/803800/,كيف تتعامل فرق شمالي البلاد مع الظروف الأمنية المتوترة,,wayback
https://www.makan.org.il/content/news/makan-news/p-11825/813217/,"مجموعة ""مسار"" تحتفل بانطلاقتها في مدينة باقة الغربية",,wayback
https://www.makan.org.il/content/news/makan-news/p-11881/759821/,النَّشرة المسائيَّة مع نايف سارجي | 10.06.24,,wayback
https://www.makan.org.il/content/news/makan-news/p-11881/760149/,النّشرة المسائيَّة مع سماح حَسنين بكريَّة | 11.06.24,,wayback
https://www.makan.org.il/content/news/makan-news/p-11881/760401/,النشرة المسائية مع نايف سارجي | 12.06.24,,wayback
https://www.makan.org.il/content/news/makan-news/p-11881/760829/,النشرة المسائية مع فراس حامد | 13.06.24,,wayback
https://www.makan.org.il/content/news/makan-news/p-11881/761081/,النشرة المسائية مع نايف سارجي | 14.06.24,,wayback
https://www.makan.org.il/content/news/makan-news/p-11881/761420/,النشرة المسائية مع نايف سارجي 15.6.2024,,wayback
https://www.makan.org.il/content/news/makan-news/p-11881/761811/,النشرة المسائية مع فراس حامد 16.6.2024,,wayback
https://www.makan.org.il/content/news/makan-news/p-11881/762737/,النشرة المسائية مع نايف سارجي 18.6.2024,,wayback
https://www.makan.org.il/content/news/makan-news/p-11881/763225/,النشرة المسائية مع نايف سارجي | 19.06.24,,wayback
https://www.makan.org.il/content/news/makan-news/p-11881/763797/,النشرة المسائية مع فراس حامد | 20.06.24,,wayback
https://www.makan.org.il/content/news/makan-news/p-11881/764207/,النشرة المسائية مع نايف سارجي 21.06.2024,,wayback
https://www.makan.org.il/content/news/makan-news/p-11881/764380/,النشرة المسائية مع نايف سارجي 22.6.2024,,wayback
https://www.makan.org.il/content/news/makan-news/p-11881/764795/,النَّشرة المسائيَّة مع سماح حَسنين بكريَّة | 23.06.24,,wayback
https://www.makan.org.il/content/news/makan-news/p-11881/765254/,النَّشرة المسائيَّة مع نايف سارجي | 24.06.24,,wayback
https://www.makan.org.il/content/news/makan-news/p-11881/765779/,النَّشرة المسائيَّة مع سماح حَسنين بكريَّة | 25.06.24,,wayback
https://www.makan.org.il/content/news/makan-news/p-11881/766312/,,,wayback
https://www.makan.org.il/content/news/makan-news/p-11881/766847/,النشرة المسائية مع فراس حامد | 27.06.24,,wayback
https://www.makan.org.il/content/news/makan-news/p-11881/767146/,,,wayback
https://www.makan.org.il/content/news/makan-news/p-11881/767354/,النشرة المسائية مع نايف سارجي | 29.06.24,,wayback
https://www.makan.org.il/content/news/makan-news/p-11881/768013/,النَّشرة المسائيَّة مع سماح حَسنين بكريَّة | 30.06.24,,wayback
https://www.makan.org.il/content/news/makan-news/p-11881/768470/,,,wayback
https://www.makan.org.il/content/news/makan-news/p-11881/768886/,,,wayback
https://www.makan.org.il/content/news/makan-news/p-11881/769315/,,,wayback
https://www.makan.org.il/content/news/makan-news/p-11881/769716/,,,wayback
https://www.makan.org.il/content/news/makan-news/p-11881/769943/,,,wayback
https://www.makan.org.il/content/news/makan-news/p-11881/770181/,النشرة المسائية مع نايف سارجي 6.7.2024,,wayback
https://www.makan.org.il/content/news/makan-news/p-11881/770672/,النشرة المسائية مع فراس حامد | 07.07.24,,wayback
https://www.makan.org.il/content/news/makan-news/p-11881/771080/,النشرة المسائية مع نايف سارجي | 08.07.24,,wayback
https://www.makan.org.il/content/news/makan-news/p-11881/771432/,,,wayback
https://www.makan.org.il/content/news/makan-news/p-11881/771822/,النشرة المسائية مع نايف سارجي | 10.07.24,,wayback
https://www.makan.org.il/content/news/makan-news/p-11881/772182/,النشرة المسائية مع سماح حسنين بكريّة | 11.07.24,,wayback
https://www.makan.org.il/content/news/makan-news/p-11881/772399/,النشرة المسائية مع نايف سارجي | 12.07.24,,wayback
https://www.makan.org.il/content/news/makan-news/p-11881/772649/,النشرة المسائية مع نايف سارجي | 13.07.24,,wayback
https://www.makan.org.il/content/news/makan-news/p-11881/773067/,النَّشرة المسائيَّة مع فراس حامد | 14.07.24,,wayback
https://www.makan.org.il/content/news/makan-news/p-11881/773542/,النّشرة المسائيَّة مع نايف سارجي | 15.07.24,,wayback
https://www.makan.org.il/content/news/makan-news/p-11881/773965/,النَّشرة المسائيَّة مع سماح حَسنين بكريَّة | 16.07.24,,wayback
https://www.makan.org.il/content/news/makan-news/p-11881/774307/,النشرة المسائية مع نايف سارجي | 17.07.24,,wayback
https://www.makan.org.il/content/news/makan-news/p-11881/774642/,النشرة المسائية مع فراس حامد | 18.07.24,,wayback
https://www.makan.org.il/content/news/makan-news/p-11881/774913/,النشرة المسائية مع نايف سارجي 19.7.2024,,wayback
https://www.makan.org.il/content/news/makan-news/p-11881/775150/,النشرة المسائية مع نايف سارجي 20.7.2024,,wayback
https://www.makan.org.il/content/news/makan-news/p-11881/775567/,النَّشرة المسائيَّة مع سماح حَسنين بكريَّة | 21.07.24,,wayback
https://www.makan.org.il/content/news/makan-news/p-11881/775927/,النّشرة المسائيَّة مع نايف سارجي | 22.07.24,,wayback
https://www.makan.org.il/content/news/makan-news/p-11881/776331/,,,wayback
https://www.makan.org.il/content/news/makan-news/p-11881/776764/,,,wayback
https://www.makan.org.il/content/news/makan-news/p-11881/777152/,النشرة المسائية مع فراس حامد | 25.07.24,,wayback
https://www.makan.org.il/content/news/makan-news/p-11881/777437/,,,wayback
https://www.makan.org.il/content/news/makan-news/p-11881/777681/,,,wayback
https://www.makan.org.il/content/news/makan-news/p-11881/778147/,النَّشرة المسائيَّة مع سماح حَسنين بكريَّة | 28.07.24,,wayback
https://www.makan.org.il/content/news/makan-news/p-11881/778590/,,,wayback
https://www.makan.org.il/content/news/makan-news/p-11881/778939/,النَّشرة المسائيَّة مع نايف سارجي | 30.07.24,,wayback
https://www.makan.org.il/content/news/makan-news/p-11881/779295/,,,wayback
https://www.makan.org.il/content/news/makan-news/p-11881/779632/,النشرة المسائية مع فراس حامد | 01.08.24,,wayback
https://www.makan.org.il/content/news/makan-news/p-11881/779878/,النشرة المسائية مع نايف سارجي | 02.08.24,,wayback
https://www.makan.org.il/content/news/makan-news/p-11881/780131/,,,wayback
https://www.makan.org.il/content/news/makan-news/p-11881/780595/,النّشرة المسائيّة مع سماح حسنين بكريَّة | 04.08.24,,wayback
https://www.makan.org.il/content/news/makan-news/p-11881/781012/,النّشرة المسائيَّة مع نايف سارجي | 05.08.24,,wayback
https://www.makan.org.il/content/news/makan-news/p-11881/781526/,النّشرة المسائية مع فراس حامد | 06.08.24,,wayback
https://www.makan.org.il/content/news/makan-news/p-11881/781978/,النشرة المسائية مع نايف سارجي | 07.08.24,,wayback
https://www.makan.org.il/content/news/makan-news/p-11881/782388/,النشرة المسائية مع فراس حامد | 08.08.24,,wayback
https://www.makan.org.il/content/news/makan-news/p-11881/782634/,النشرة المسائية مع نايف سارجي | 09.08.24,,wayback
https://www.makan.org.il/content/news/makan-news/p-11881/782841/,النشرة المسائية مع نايف سارجي | 10.08.24,,wayback
https://www.makan.org.il/content/news/makan-news/p-11881/783250/,النَّشرة المسائيَّة مع سماح حسنين بكريَّة | 11.08.24,,wayback
https://www.makan.org.il/content/news/makan-news/p-11881/783637/,النَّشرة المسائيَّة مع نايف سارجي | 12.08.24,,wayback
https://www.makan.org.il/content/news/makan-news/p-11881/784023/,,,wayback
https://www.makan.org.il/content/news/makan-news/p-11881/784383/,النشرة المسائية مع نايف سارجي | 14.08.24,,wayback
https://www.makan.org.il/content/news/makan-news/p-11881/784737/,النشرة المسائية مع فراس حامد | 15.08.24,,wayback
https://www.makan.org.il/content/news/makan-news/p-11881/784971/,,,wayback
https://www.makan.org.il/content/news/makan-news/p-11881/785278/,,,wayback
https://www.makan.org.il/content/news/makan-news/p-11881/785544/,النَّشرة المسائيَّة مع فراس حامد | 18.08.24,,wayback
https://www.makan.org.il/content/news/makan-news/p-11881/785922/,,,wayback
https://www.makan.org.il/content/news/makan-news/p-11881/791177/,النّشرة المسائيَّة مع فراس حامد | 20.08.24,,wayback
https://www.makan.org.il/content/news/makan-news/p-11881/791528/,,,wayback
https://www.makan.org.il/content/news/makan-news/p-11881/791930/,النشرة المسائية مع فراس حامد | 22.08.24,,wayback
https://www.makan.org.il/content/news/makan-news/p-11881/792183/,النشرة المسائية مع يوسف شدّاد | 23.08.24,,wayback
https://www.makan.org.il/content/news/makan-news/p-11881/792383/,النشرة المسائية مع سماح حسنين بكريّة  | 24.08.24,,wayback
https://www.makan.org.il/content/news/makan-news/p-11881/792770/,,,wayback
https://www.makan.org.il/content/news/makan-news/p-11881/793164/,النَّشرة المسائيَة مع سماح حَسنين بكريَّة | 26.08.24,,wayback
https://www.makan.org.il/content/news/makan-news/p-11881/793570/,النَّشرة المسائيَّة مع فراس حامد | 27.08.24,,wayback
https://www.makan.org.il/content/news/makan-news/p-11881/793942/,النشرة المسائية مع سماح حسنين بكريّة | 28.8.24,,wayback
https://www.makan.org.il/content/news/makan-news/p-11881/794253/,النشرة المسائية مع سماح حسنين بكريّة | 29.08.24,,wayback
https://www.makan.org.il/content/news/makan-news/p-11881/794488/,,,wayback
https://www.makan.org.il/content/news/makan-news/p-11881/794689/,النشرة المسائية مع فراس حامد | 31.08.24,,wayback
https://www.makan.org.il/content/news/makan-news/p-11881/795255/,النشرة المسائية مع فراس حامد | 01.09.24,,wayback
https://www.makan.org.il/content/news/makan-news/p-11881/795807/,النشرة المسائية مع سماح حسنين بكريّة | 02.09.24,,wayback
https://www.makan.org.il/content/news/makan-news/p-11881/796305/,,,wayback
https://www.makan.org.il/content/news/makan-news/p-11881/796699/,,,wayback
https://www.makan.org.il/content/news/makan-news/p-11881/797157/,النشرة المسائية مع يوسف شدّاد | 05.09.24,,wayback
https://www.makan.org.il/content/news/makan-news/p-11881/797433/,النشرة المسائية مع نايف سارجي | 06.09.24,,wayback
https://www.makan.org.il/content/news/makan-news/p-11881/797663/,,,wayback
https://www.makan.org.il/content/news/makan-news/p-11881/798036/,النشرة المسائية مع سماح حسنين بكريّة| 08.09.24,,wayback
https://www.makan.org.il/content/news/makan-news/p-11881/798478/,النشرة المسائية مع نايف سارجي | 09.09.24,,wayback
https://www.makan.org.il/content/news/makan-news/p-11881/798866/,,,wayback
https://www.makan.org.il/content/news/makan-news/p-11881/799252/,النشرة الإخبارية مع نايف سارجي | 11.09.24,,wayback
https://www.makan.org.il/content/news/makan-news/p-11881/799626/,النشرة المسائية مع سماح حسنين بكريّة | 12.09.24,,wayback
https://www.makan.org.il/content/news/makan-news/p-11881/799850/,,,wayback
https://www.makan.org.il/content/news/makan-news/p-11881/800048/,النشرة المسائية مع نايف سارجي | 14.09.24,,wayback
https://www.makan.org.il/content/news/makan-news/p-11881/800477/,,,wayback
https://www.makan.org.il/content/news/makan-news/p-11881/800867/,النشرة المسائية مع نايف سارجي | 16.09.24,,wayback
https://www.makan.org.il/content/news/makan-news/p-11881/801307/,النشرة المسائية مع سماح حسنين بكريّة | 17.09.24,,wayback
https://www.makan.org.il/content/news/makan-news/p-11881/802162/,النشرة المسائية مع نايف سارجي | 19.09.24,,wayback
https://www.makan.org.il/content/news/makan-news/p-11881/802482/,النشرة المسائية مع نايف سارجي 20.9.2024,,wayback
https://www.makan.org.il/content/news/makan-news/p-11881/802763/,النشرة المسائية مع نايف سارجي 21.9.2024,,wayback
https://www.makan.org.il/content/news/makan-news/p-11881/803152/,النشرة المسائية مع غالية ناطور قدّور | 22.09.24,,wayback
https://www.makan.org.il/content/news/makan-news/p-11881/803606/,,,wayback
https://www.makan.org.il/content/news/makan-news/p-11881/803984/,النشرة المسائية مع فراس حامد | 24.09.24,,wayback
https://www.makan.org.il/content/news/makan-news/p-11881/804454/,النشرة المسائية مع نايف سارجي | 25.09.24,,wayback
https://www.makan.org.il/content/news/makan-news/p-11881/804956/,النشرة المسائية مع فراس حامد | 26.09.24,,wayback
https://www.makan.org.il/content/news/makan-news/p-11881/805280/,النشرة المسائية مع نايف سارجي 27.09.2024,,wayback
https://www.makan.org.il/content/news/makan-news/p-11881/805617/,,,wayback
https://www.makan.org.il/content/news/makan-news/p-11881/806589/,,,wayback
https://www.makan.org.il/content/news/makan-news/p-11881/808138/,النشرة المسائية مع نايف سارجي 4.10.2024,,wayback
https://www.makan.org.il/content/news/makan-news/p-11881/808556/,النشرة المسائية مع نايف سارجي 5.10.2024,,wayback
https://www.makan.org.il/content/news/makan-news/p-11881/809335/,النشرة المسائية مع فراس حامد | 06.10.2024,,wayback
https://www.makan.org.il/content/news/makan-news/p-11881/810275/,,,wayback
https://www.makan.org.il/content/news/makan-news/p-11881/810330/,النشرة المسائية مع فراس حامد | 08.10.24,,wayback
https://www.makan.org.il/content/news/makan-news/p-11881/811249/,النشرة المسائية مع سماح حسنين بكرية 10.10.24,,wayback
https://www.makan.org.il/content/news/makan-news/p-11881/812089/,النشرة المسائية مع سماح حسنين بكرية | 13.10.24,,wayback
https://www.makan.org.il/content/news/makan-news/p-11881/812495/,,,wayback
https://www.makan.org.il/content/news/makan-news/p-11881/812998/,النشرة المسائية مع فراس حامد | 15.10.24,,wayback
https://www.makan.org.il/content/news/makan-news/p-11881/813263/,,,wayback
https://www.makan.org.il/content/news/makan-news/p-11983/798829/,,,wayback
https://www.makan.org.il/content/news/makan-news/p-11983/799203/,,,wayback
https://www.makan.org.il/content/news/makan-news/p-11983/799569/,الخامسة في مكان مع وسيم كيّوف | 12.09.24,,wayback
https://www.makan.org.il/content/news/makan-news/p-11983/800817/,الخامسة في مكان مع وسيم كيّوف | 16.09.24,,wayback
https://www.makan.org.il/content/news/makan-news/p-11983/801223/,الخامسة في مكان مع يوسف شدّاد | 17.09.24,,wayback
https://www.makan.org.il/content/news/makan-news/p-11983/802110/,الخامسة في مكان مع وسيم كيّوف | 19.09.24,,wayback
https://www.makan.org.il/content/news/makan-news/p-11983/803126/,الخامسة في مكان مع وسيم كيّوف | 22.09.24,,wayback
https://www.makan.org.il/content/news/makan-news/p-11983/803556/,,,wayback
https://www.makan.org.il/content/news/makan-news/p-11983/803923/,الخامسة في مكان مع يوسف شدّاد | 24.09.24,,wayback
https://www.makan.org.il/content/news/makan-news/p-11983/804407/,,,wayback
https://www.makan.org.il/content/news/makan-news/p-11983/804909/,الخامسة في مكان مع وسيم كيّوف | 26.09.24,,wayback
https://www.makan.org.il/content/news/makan-news/p-11983/806082/,الخامسة في مكان مع وسيم كيّوف | 29.09.24,,wayback
https://www.makan.org.il/content/news/makan-news/p-11983/806543/,الخامسة في مكان مع وسيم كيّوف | 30.09.24,,wayback
https://www.makan.org.il/content/news/makan-news/p-11983/807521/,الخامسة في مكان مع يوسف شدّاد | 01.10.24,,wayback
https://www.makan.org.il/content/news/makan-news/p-11983/809314/,,,wayback
https://www.makan.org.il/content/news/makan-news/p-11983/809876/,,,wayback
https://www.makan.org.il/content/news/makan-news/p-11983/810295/,الخامسة في مكان مع يوسف شداد | 08.10.24,,wayback
https://www.makan.org.il/content/news/makan-news/p-11983/812041/,الخامسة في مكان مع وسيم كيّوف | 13.10.24,,wayback
https://www.makan.org.il/content/news/makan-news/p-11983/812437/,الخامسة في مكان مع وسيم كيّوف | 14.10.24,,wayback
https://www.makan.org.il/content/news/makan-news/p-11983/812951/,,,wayback
https://www.makan.org.il/content/news/makan-news/p-461812/799588/,سياسي مع فالح حبيب وغالية ناطور قدور | 12.09.24,,wayback
https://www.makan.org.il/content/news/makan-news/p-461812/802139/,سياسي مع فالح حبيب وغالية ناطور قدّور | 19.09.24,,wayback
