country,outlet,blog_url,kind,timestamp,source,http_status,bytes,final_url,raw_path,result,error,logged_at_utc,note
germany,tagesschau,https://www.tagesschau.de/newsticker/liveblog-nahost-dienstag-180.html,capture,20240917181645,fetch,200,492445,https://web.archive.org/web/20240917181645id_/https://www.tagesschau.de/newsticker/liveblog-nahost-dienstag-180.html,raw/tagesschau/r2lb-0cd5ab9d5cc431ac-20240917181645.html.gz,ok,,2026-10-06T08:31:51Z,
germany,tagesschau,https://www.tagesschau.de/newsticker/liveblog-nahost-donnerstag-188.html,capture,20240919162447,fetch,200,515573,https://web.archive.org/web/20240919162447id_/https://www.tagesschau.de/newsticker/liveblog-nahost-donnerstag-188.html,raw/tagesschau/r2lb-3366a83935660e78-20240919162447.html.gz,ok,,2026-10-06T08:31:55Z,
germany,tagesschau,https://www.tagesschau.de/newsticker/liveblog-nahost-donnerstag-188.html,capture,20240920194400,fetch,200,530747,https://web.archive.org/web/20240920194400id_/https://www.tagesschau.de/newsticker/liveblog-nahost-donnerstag-188.html,raw/tagesschau/r2lb-3366a83935660e78-20240920194400.html.gz,ok,,2026-10-06T08:32:00Z,
germany,tagesschau,https://www.tagesschau.de/newsticker/liveblog-nahost-freitag-184.html,capture,20240920075639,fetch,200,425357,https://web.archive.org/web/20240920075639id_/https://www.tagesschau.de/newsticker/liveblog-nahost-freitag-184.html,raw/tagesschau/r2lb-67db2f9a01de8782-20240920075639.html.gz,ok,,2026-10-06T08:32:13Z,
germany,tagesschau,https://www.tagesschau.de/newsticker/liveblog-nahost-freitag-184.html,capture,20240921013724,fetch,200,473148,https://web.archive.org/web/20240921013724id_/https://www.tagesschau.de/newsticker/liveblog-nahost-freitag-184.html,raw/tagesschau/r2lb-67db2f9a01de8782-20240921013724.html.gz,ok,,2026-10-06T08:32:17Z,
germany,tagesschau,https://www.tagesschau.de/newsticker/liveblog-nahost-mittwoch-178.html,capture,20240918165433,fetch,200,567137,https://web.archive.org/web/20240918165433id_/https://www.tagesschau.de/newsticker/liveblog-nahost-mittwoch-178.html,raw/tagesschau/r2lb-4bce6bcedaef7720-20240918165433.html.gz,ok,,2026-10-06T08:32:22Z,
germany,tagesschau,https://www.tagesschau.de/newsticker/liveblog-nahost-samstag-184.html,capture,20240921120812,fetch,200,501207,https://web.archive.org/web/20240921120812id_/https://www.tagesschau.de/newsticker/liveblog-nahost-samstag-184.html,raw/tagesschau/r2lb-c61938dbfcd27b9b-20240921120812.html.gz,ok,,2026-10-06T08:32:27Z,
germany,tagesschau,https://www.tagesschau.de/newsticker/liveblog-nahost-samstag-184.html,capture,20240922062123,fetch,200,593658,https://web.archive.org/web/20240922062123id_/https://www.tagesschau.de/newsticker/liveblog-nahost-samstag-184.html,raw/tagesschau/r2lb-c61938dbfcd27b9b-20240922062123.html.gz,ok,,2026-10-06T08:32:31Z,
germany,tagesschau,https://www.tagesschau.de/newsticker/liveblog-nahost-sonntag-188.html,capture,20240922022031,fetch,200,364066,https://web.archive.org/web/20240922022031id_/https://www.tagesschau.de/newsticker/liveblog-nahost-sonntag-188.html,raw/tagesschau/r2lb-e784e1a2520d7dfc-20240922022031.html.gz,ok,,2026-10-06T08:32:36Z,
germany,tagesschau,https://www.tagesschau.de/newsticker/liveblog-nahost-donnerstag-188.html,capture,20240921103742,fetch,200,530747,https://web.archive.org/web/20240920194400id_/https://www.tagesschau.de/newsticker/liveblog-nahost-donnerstag-188.html,raw/tagesschau/r2lb-3366a83935660e78-20240920194400.html.gz,ok,,2026-10-06T08:36:31Z,"requested capture not served; Wayback redirected to capture 20240920194400, stored under 20240920194400"
germany,zdfheute,https://www.zdf.de/nachrichten/politik/ausland/liveblog-eskalation-nahost-israel-100.html,capture,20240918230705,fetch,200,468113,https://web.archive.org/web/20240917125203id_/https://www.zdf.de/nachrichten/politik/ausland/liveblog-eskalation-nahost-israel-100.html,raw/zdfheute/r2lb-e91d2d7443a24bb0-20240917125203.html.gz,ok,,2026-10-06T08:36:36Z,"requested capture not served; Wayback redirected to capture 20240917125203, stored under 20240917125203"
germany,zdfheute,https://www.zdf.de/nachrichten/politik/ausland/liveblog-eskalation-nahost-israel-100.html,capture,20240919114847,fetch,200,468113,https://web.archive.org/web/20240917125203id_/https://www.zdf.de/nachrichten/politik/ausland/liveblog-eskalation-nahost-israel-100.html,raw/zdfheute/r2lb-e91d2d7443a24bb0-20240917125203.html.gz,ok,,2026-10-06T08:36:40Z,"requested capture not served; Wayback redirected to capture 20240917125203, stored under 20240917125203"
germany,zdfheute,https://www.zdf.de/nachrichten/politik/ausland/liveblog-eskalation-nahost-israel-100.html,capture,20240924230506,fetch,200,464883,https://web.archive.org/web/20240924194243id_/https://www.zdf.de/nachrichten/politik/ausland/liveblog-eskalation-nahost-israel-100.html,raw/zdfheute/r2lb-e91d2d7443a24bb0-20240924194243.html.gz,ok,,2026-10-06T08:36:46Z,"requested capture not served; Wayback redirected to capture 20240924194243, stored under 20240924194243"
germany,zdfheute,https://www.zdf.de/nachrichten/politik/ausland/liveblog-eskalation-nahost-israel-100.html,capture,20240919113529,fetch,200,468113,https://web.archive.org/web/20240917125203id_/https://www.zdf.de/nachrichten/politik/ausland/liveblog-eskalation-nahost-israel-100.html,raw/zdfheute/r2lb-e91d2d7443a24bb0-20240917125203.html.gz,ok,,2026-10-06T08:36:50Z,"requested capture not served; Wayback redirected to capture 20240917125203, stored under 20240917125203"
germany,zdfheute,https://www.zdf.de/nachrichten/politik/ausland/liveblog-eskalation-nahost-israel-100.html,capture,20240922161112,fetch,200,477436,https://web.archive.org/web/20240922161114id_/https://www.zdf.de/nachrichten/politik/ausland/liveblog-eskalation-nahost-israel-100.html,raw/zdfheute/r2lb-e91d2d7443a24bb0-20240922161114.html.gz,ok,,2026-10-06T08:36:56Z,"requested capture not served; Wayback redirected to capture 20240922161114, stored under 20240922161114"
germany,zdfheute,https://www.zdf.de/nachrichten/politik/ausland/liveblog-eskalation-nahost-israel-100.html,capture,20240924024058,fetch,200,461769,https://web.archive.org/web/20240924024058id_/https://www.zdf.de/nachrichten/politik/ausland/liveblog-eskalation-nahost-israel-100.html,raw/zdfheute/r2lb-e91d2d7443a24bb0-20240924024058.html.gz,ok,,2026-10-06T08:37:01Z,
germany,zdfheute,https://www.zdf.de/nachrichten/politik/ausland/liveblog-eskalation-nahost-israel-100.html,capture,20240924153946,fetch,200,464561,https://web.archive.org/web/20240924153946id_/https://www.zdf.de/nachrichten/politik/ausland/liveblog-eskalation-nahost-israel-100.html,raw/zdfheute/r2lb-e91d2d7443a24bb0-20240924153946.html.gz,ok,,2026-10-06T08:37:05Z,
germany,tagesschau,https://www.tagesschau.de/newsticker/liveblog-nahost-dienstag-180.html,cdx,,cdx-fetch,200,,https://www.tagesschau.de/newsticker/liveblog-nahost-dienstag-180.html,,ok,,2026-10-06T09:00:11Z,20240917025227@https://www.tagesschau.de/newsticker/liveblog-nahost-dienstag-180.html 20240917060124@https://www.tagesschau.de/newsticker/liveblog-nahost-dienstag-180.html 20240917145157@https://www.tagesschau.de/newsticker/liveblog-nahost-dienstag-180.html 20240917145208@https://www.tagesschau.de/newsticker/liveblog-nahost-dienstag-180.html 20240917160201@https://www.tagesschau.de/newsticker/liveblog-nahost-dienstag-180.html 20240917181645@https://www.tagesschau.de/newsticker/liveblog-nahost-dienstag-180.html 20240918010047@https://www.tagesschau.de/newsticker/liveblog-nahost-dienstag-180.html 20240918074739@https://www.tagesschau.de/newsticker/liveblog-nahost-dienstag-180.html
germany,tagesschau,https://www.tagesschau.de/newsticker/liveblog-nahost-donnerstag-188.html,cdx,,cdx-fetch,200,,https://www.tagesschau.de/newsticker/liveblog-nahost-donnerstag-188.html,,ok,,2026-10-06T09:00:15Z,20240919152527@https://www.tagesschau.de/newsticker/liveblog-nahost-donnerstag-188.html 20240919152707@https://www.tagesschau.de/newsticker/liveblog-nahost-donnerstag-188.html 20240919162447@https://www.tagesschau.de/newsticker/liveblog-nahost-donnerstag-188.html 20240920012919@https://www.tagesschau.de/newsticker/liveblog-nahost-donnerstag-188.html 20240920095215@https://www.tagesschau.de/newsticker/liveblog-nahost-donnerstag-188.html 20240920095219@https://www.tagesschau.de/newsticker/liveblog-nahost-donnerstag-188.html 20240920194400@https://www.tagesschau.de/newsticker/liveblog-nahost-donnerstag-188.html
germany,tagesschau,https://www.tagesschau.de/newsticker/liveblog-nahost-freitag-184.html,cdx,,cdx-fetch,200,,https://www.tagesschau.de/newsticker/liveblog-nahost-freitag-184.html,,ok,,2026-10-06T09:00:19Z,20240920055311@https://www.tagesschau.de/newsticker/liveblog-nahost-freitag-184.html 20240920055442@https://www.tagesschau.de/newsticker/liveblog-nahost-freitag-184.html 20240920075639@https://www.tagesschau.de/newsticker/liveblog-nahost-freitag-184.html 20240921013724@https://www.tagesschau.de/newsticker/liveblog-nahost-freitag-184.html
germany,tagesschau,https://www.tagesschau.de/newsticker/liveblog-nahost-mittwoch-178.html,cdx,,cdx-fetch,200,,https://www.tagesschau.de/newsticker/liveblog-nahost-mittwoch-178.html,,ok,,2026-10-06T09:00:25Z,20240918122955@https://www.tagesschau.de/newsticker/liveblog-nahost-mittwoch-178.html 20240918125530@https://www.tagesschau.de/newsticker/liveblog-nahost-mittwoch-178.html 20240918145243@https://www.tagesschau.de/newsticker/liveblog-nahost-mittwoch-178.html 20240918145252@https://www.tagesschau.de/newsticker/liveblog-nahost-mittwoch-178.html 20240918150143@https://www.tagesschau.de/newsticker/liveblog-nahost-mittwoch-178.html 20240918163949@https://www.tagesschau.de/newsticker/liveblog-nahost-mittwoch-178.html 20240918165433@https://www.tagesschau.de/newsticker/liveblog-nahost-mittwoch-178.html 20240919011105@https://www.tagesschau.de/newsticker/liveblog-nahost-mittwoch-178.html
germany,tagesschau,https://www.tagesschau.de/newsticker/liveblog-nahost-samstag-184.html,cdx,,cdx-fetch,200,,https://www.tagesschau.de/newsticker/liveblog-nahost-samstag-184.html,,ok,,2026-10-06T09:00:34Z,20240921061515@https://www.tagesschau.de/newsticker/liveblog-nahost-samstag-184.html 20240921063553@https://www.tagesschau.de/newsticker/liveblog-nahost-samstag-184.html 20240921072139@https://www.tagesschau.de/newsticker/liveblog-nahost-samstag-184.html 20240921080539@https://www.tagesschau.de/newsticker/liveblog-nahost-samstag-184.html 20240921120812@https://www.tagesschau.de/newsticker/liveblog-nahost-samstag-184.html 20240922014525@https://www.tagesschau.de/newsticker/liveblog-nahost-samstag-184.html 20240922062123@https://www.tagesschau.de/newsticker/liveblog-nahost-samstag-184.html
germany,tagesschau,https://www.tagesschau.de/newsticker/liveblog-nahost-sonntag-188.html,cdx,,cdx-fetch,200,,https://www.tagesschau.de/newsticker/liveblog-nahost-sonntag-188.html,,ok,,2026-10-06T09:00:39Z,20240921235845@https://www.tagesschau.de/newsticker/liveblog-nahost-sonntag-188.html 20240922001523@https://www.tagesschau.de/newsticker/liveblog-nahost-sonntag-188.html 20240922014029@https://www.tagesschau.de/newsticker/liveblog-nahost-sonntag-188.html 20240922022031@https://www.tagesschau.de/newsticker/liveblog-nahost-sonntag-188.html 20240923005112@https://www.tagesschau.de/newsticker/liveblog-nahost-sonntag-188.html 20240923125102@https://www.tagesschau.de/newsticker/liveblog-nahost-sonntag-188.html 20240923194334@https://www.tagesschau.de/newsticker/liveblog-nahost-sonntag-188.html
germany,zdfheute,https://www.zdf.de/nachrichten/politik/ausland/liveblog-eskalation-nahost-israel-100.html,cdx,,cdx-fetch,200,,https://www.zdf.de/nachrichten/politik/ausland/liveblog-eskalation-nahost-israel-100.html,,ok,,2026-10-06T09:00:43Z,20240917114707@https://www.zdf.de/nachrichten/politik/ausland/liveblog-eskalation-nahost-israel-100.html 20240917125203@https://www.zdf.de/nachrichten/politik/ausland/liveblog-eskalation-nahost-israel-100.html 20240922161114@https://www.zdf.de/nachrichten/politik/ausland/liveblog-eskalation-nahost-israel-100.html 20240924024058@https://www.zdf.de/nachrichten/politik/ausland/liveblog-eskalation-nahost-israel-100.html 20240924153946@https://www.zdf.de/nachrichten/politik/ausland/liveblog-eskalation-nahost-israel-100.html 20240924194243@https://www.zdf.de/nachrichten/politik/ausland/liveblog-eskalation-nahost-israel-100.html
germany,tagesschau,https://www.tagesschau.de/newsticker/liveblog-nahost-dienstag-180.html,capture,20240917181645,local,,492445,,raw/tagesschau/r2lb-0cd5ab9d5cc431ac-20240917181645.html.gz,ok,,2026-10-06T09:21:25Z,
germany,tagesschau,https://www.tagesschau.de/newsticker/liveblog-nahost-dienstag-180.html,capture,20240918074739,local,,533414,,raw/tagesschau/r2lb-0cd5ab9d5cc431ac-20240918074739.html.gz,ok,,2026-10-06T09:21:25Z,
germany,tagesschau,https://www.tagesschau.de/newsticker/liveblog-nahost-donnerstag-188.html,capture,20240919162447,local,,515573,,raw/tagesschau/r2lb-3366a83935660e78-20240919162447.html.gz,ok,,2026-10-06T09:21:25Z,
germany,tagesschau,https://www.tagesschau.de/newsticker/liveblog-nahost-donnerstag-188.html,capture,20240920194400,local,,530747,,raw/tagesschau/r2lb-3366a83935660e78-20240920194400.html.gz,ok,,2026-10-06T09:21:25Z,
germany,tagesschau,https://www.tagesschau.de/newsticker/liveblog-nahost-freitag-184.html,capture,20240920075639,local,,425357,,raw/tagesschau/r2lb-67db2f9a01de8782-20240920075639.html.gz,ok,,2026-10-06T09:21:25Z,
germany,tagesschau,https://www.tagesschau.de/newsticker/liveblog-nahost-freitag-184.html,capture,20240921013724,local,,473148,,raw/tagesschau/r2lb-67db2f9a01de8782-20240921013724.html.gz,ok,,2026-10-06T09:21:25Z,
germany,tagesschau,https://www.tagesschau.de/newsticker/liveblog-nahost-mittwoch-178.html,capture,20240918165433,local,,567137,,raw/tagesschau/r2lb-4bce6bcedaef7720-20240918165433.html.gz,ok,,2026-10-06T09:21:25Z,
germany,tagesschau,https://www.tagesschau.de/newsticker/liveblog-nahost-mittwoch-178.html,capture,20240919011105,local,,621115,,raw/tagesschau/r2lb-4bce6bcedaef7720-20240919011105.html.gz,ok,,2026-10-06T09:21:25Z,
germany,tagesschau,https://www.tagesschau.de/newsticker/liveblog-nahost-samstag-184.html,capture,20240921120812,local,,501207,,raw/tagesschau/r2lb-c61938dbfcd27b9b-20240921120812.html.gz,ok,,2026-10-06T09:21:25Z,
germany,tagesschau,https://www.tagesschau.de/newsticker/liveblog-nahost-samstag-184.html,capture,20240922062123,local,,593658,,raw/tagesschau/r2lb-c61938dbfcd27b9b-20240922062123.html.gz,ok,,2026-10-06T09:21:25Z,
germany,tagesschau,https://www.tagesschau.de/newsticker/liveblog-nahost-sonntag-188.html,capture,20240921235845,local,,359998,,raw/tagesschau/r2lb-e784e1a2520d7dfc-20240921235845.html.gz,ok,,2026-10-06T09:21:25Z,
germany,tagesschau,https://www.tagesschau.de/newsticker/liveblog-nahost-sonntag-188.html,capture,20240922022031,local,,364066,,raw/tagesschau/r2lb-e784e1a2520d7dfc-20240922022031.html.gz,ok,,2026-10-06T09:21:25Z,
germany,tagesschau,https://www.tagesschau.de/newsticker/liveblog-nahost-sonntag-188.html,capture,20240923194334,local,,463937,,raw/tagesschau/r2lb-e784e1a2520d7dfc-20240923194334.html.gz,ok,,2026-10-06T09:21:25Z,
germany,zdfheute,https://www.zdf.de/nachrichten/politik/ausland/liveblog-eskalation-nahost-israel-100.html,capture,20240917125203,local,,468113,,raw/zdfheute/r2lb-e91d2d7443a24bb0-20240917125203.html.gz,ok,,2026-10-06T09:21:25Z,
germany,zdfheute,https://www.zdf.de/nachrichten/politik/ausland/liveblog-eskalation-nahost-israel-100.html,capture,20240922161114,local,,477436,,raw/zdfheute/r2lb-e91d2d7443a24bb0-20240922161114.html.gz,ok,,2026-10-06T09:21:25Z,
germany,zdfheute,https://www.zdf.de/nachrichten/politik/ausland/liveblog-eskalation-nahost-israel-100.html,capture,20240924194243,local,,464883,,raw/zdfheute/r2lb-e91d2d7443a24bb0-20240924194243.html.gz,ok,,2026-10-06T09:21:25Z,
germany,zdfheute,https://www.zdf.de/nachrichten/politik/ausland/liveblog-eskalation-nahost-israel-100.html,capture,20240924024058,local,,461769,,raw/zdfheute/r2lb-e91d2d7443a24bb0-20240924024058.html.gz,ok,,2026-10-06T09:21:25Z,
germany,zdfheute,https://www.zdf.de/nachrichten/politik/ausland/liveblog-eskalation-nahost-israel-100.html,capture,20240924153946,local,,464561,,raw/zdfheute/r2lb-e91d2d7443a24bb0-20240924153946.html.gz,ok,,2026-10-06T09:21:25Z,
germany,ntv,https://www.n-tv.de/politik/14-05-Munz-Wegen-F-16-macht-sich-Kreml-keine-Sorgen--article23143824.html,capture,20240918153859,local,,475552,,raw/ntv/r2lb-9cc07eabd97e23e1-20240918153859.html.gz,ok,,2026-10-06T09:21:25Z,
germany,welt,https://www.welt.de/politik/ausland/video253593776/Livestream-Nach-Explosion-von-Pagern-im-Libanon-Hisbollah-Chef-Nasrallah-haelt-Rede.html,capture,20240919140615,local,,902914,,raw/welt/r2lb-e1bde2db214755df-20240919140615.html.gz,ok,,2026-10-06T09:21:25Z,
germany,rnd,https://www.rnd.de/politik/liveticker-israel-und-nahost-krieg-aktuelle-news-und-informationen-17-9-2024-TENB5YC2Y5C45LMULAZY62C2DA.html,capture,20240918011509,local,,341010,,raw/rnd/r2lb-723b487be4335753-20240918011509.html.gz,ok,,2026-10-06T09:21:25Z,
germany,rnd,https://www.rnd.de/politik/liveticker-israel-und-nahost-krieg-aktuelle-news-und-informationen-18-9-2024-TENB5YC2Y5C45LMULAZY62C2DA.html,capture,20240919012705,local,,346681,,raw/rnd/r2lb-86bdd3603fb4909a-20240919012705.html.gz,ok,,2026-10-06T09:21:25Z,
germany,rnd,https://www.rnd.de/politik/liveticker-israel-und-nahost-krieg-aktuelle-news-und-informationen-19-9-2024-TENB5YC2Y5C45LMULAZY62C2DA.html,capture,20240920014437,local,,339145,,raw/rnd/r2lb-5fec20a91ca149b2-20240920014437.html.gz,ok,,2026-10-06T09:21:25Z,
germany,rnd,https://www.rnd.de/politik/liveticker-israel-und-nahost-krieg-aktuelle-news-und-informationen-20-9-2024-TENB5YC2Y5C45LMULAZY62C2DA.html,capture,20240921015540,local,,341520,,raw/rnd/r2lb-599165554636c6f9-20240921015540.html.gz,ok,,2026-10-06T09:21:25Z,
germany,rnd,https://www.rnd.de/politik/liveticker-israel-und-nahost-krieg-aktuelle-news-und-informationen-21-9-2024-TENB5YC2Y5C45LMULAZY62C2DA.html,capture,20240922022124,local,,343137,,raw/rnd/r2lb-f699463f81263c6d-20240922022124.html.gz,ok,,2026-10-06T09:21:25Z,
germany,rnd,https://www.rnd.de/politik/liveticker-israel-und-nahost-krieg-aktuelle-news-und-informationen-22-9-2024-TENB5YC2Y5C45LMULAZY62C2DA.html,capture,20240923005829,local,,339910,,raw/rnd/r2lb-61c664cb1a38bf03-20240923005829.html.gz,ok,,2026-10-06T09:21:25Z,
germany,rnd,https://www.rnd.de/politik/liveticker-israel-und-nahost-krieg-aktuelle-news-und-informationen-23-9-2024-TENB5YC2Y5C45LMULAZY62C2DA.html,capture,20240924011953,local,,338888,,raw/rnd/r2lb-4a70983f63b34ab3-20240924011953.html.gz,ok,,2026-10-06T09:21:25Z,
germany,rnd,https://www.rnd.de/politik/liveticker-israel-und-nahost-krieg-aktuelle-news-und-informationen-24-9-2024-TENB5YC2Y5C45LMULAZY62C2DA.html,capture,20240924182549,local,,332101,,raw/rnd/r2lb-eed12ef8210792cc-20240924182549.html.gz,ok,,2026-10-06T09:21:25Z,
