outlet,url,title,published_date,status,central_or_mention,access_route,capture_ts,fetch_url,paywall,liveblog_captures_in_window,notes
bild,https://www.bild.de/politik/ausland-und-internationales/israelische-geheimdienst-expertin-fuehle-mich-wie-im-james-bond-film-66ea8b753e01df59ddc16463,"Israelische Geheimdienst-Expertin: „Fühle mich wie im James-Bond-Film"" | Politik",2024-09-18,in_manifest_not_candidate,central,live,,https://www.bild.de/politik/ausland-und-internationales/israelische-geheimdienst-expertin-fuehle-mich-wie-im-james-bond-film-66ea8b753e01df59ddc16463,,,manifest tag: bild|untagged|bild-archive; accessible via live
bild,https://www.bild.de/politik/ausland-und-internationales/israels-legendaerer-geheimdienst-so-jagt-der-mossad-weltweit-seine-feinde-66ea8bfa63176b30b587a71f,Israels legendärer Geheimdienst: So jagt der Mossad weltweit seine Feinde,2024-09-18,in_manifest_not_candidate,central,live,,https://www.bild.de/politik/ausland-und-internationales/israels-legendaerer-geheimdienst-so-jagt-der-mossad-weltweit-seine-feinde-66ea8bfa63176b30b587a71f,,,manifest tag: bild|untagged|bild-archive; accessible via live
bild,https://www.bild.de/politik/ausland-und-internationales/israel-israelischer-staatsbuerger-plante-mord-an-netanjahu-66ebf02ae44bfa220d688977,Israel: Israelischer Staatsbürger plante Mord an Netanjahu,2024-09-19,in_manifest_not_candidate,mention,live,,https://www.bild.de/politik/ausland-und-internationales/israel-israelischer-staatsbuerger-plante-mord-an-netanjahu-66ebf02ae44bfa220d688977,,,manifest tag: bild|untagged|bild-archive; accessible via live
bild,https://www.bild.de/politik/ausland-und-internationales/israel-und-hisbollah-waren-noch-nie-so-nah-an-einem-krieg-im-libanon-66ebd61f72203d7f73054345,"Israel und Hisbollah: „Waren noch nie so nah"" an einem Krieg im Libanon | Politik",2024-09-19,in_manifest_not_candidate,mention,live,,https://www.bild.de/politik/ausland-und-internationales/israel-und-hisbollah-waren-noch-nie-so-nah-an-einem-krieg-im-libanon-66ebd61f72203d7f73054345,,,manifest tag: bild|untagged|bild-archive; accessible via live
bild,https://www.bild.de/politik/ausland-und-internationales/nervoeser-auftritt-im-live-tv-hisbollah-chef-von-mossad-operation-verunsichert-66ec42e8d6581c44efa2c114,Nervöser Auftritt im Live-TV: Hisbollah-Chef von Mossad-Operation verunsichert,2024-09-19,in_manifest_not_candidate,mention,live,,https://www.bild.de/politik/ausland-und-internationales/nervoeser-auftritt-im-live-tv-hisbollah-chef-von-mossad-operation-verunsichert-66ec42e8d6581c44efa2c114,,,manifest tag: bild|untagged|bild-archive; accessible via live
bild,https://www.bild.de/politik/ausland-und-internationales/ploetzlich-eine-mossad-waffe-was-sind-noch-mal-diese-pager-66ea89346afad031304b7b64,"Was sind diese Pager, mit deren Hilfe die Hisbollah attackiert wurde?",2024-09-19,not_in_manifest,central,live,,https://www.bild.de/politik/ausland-und-internationales/ploetzlich-eine-mossad-waffe-was-sind-noch-mal-diese-pager-66ea89346afad031304b7b64,,,accessible via live
bild,https://www.bild.de/politik/ausland-und-internationales/schlag-gegen-terrororganisation-israel-greift-hunderte-hisbollah-ziele-an-66ed0046a19e903256fc5b15,Israel greift Hunderte Hisbollah-Ziele an: Schlag gegen Terrororganisation | Politik,2024-09-20,in_manifest_not_candidate,mention,live,,https://www.bild.de/politik/ausland-und-internationales/schlag-gegen-terrororganisation-israel-greift-hunderte-hisbollah-ziele-an-66ed0046a19e903256fc5b15,,,manifest tag: bild|untagged|bild-archive; accessible via live
bild,https://www.bild.de/politik/ausland-und-internationales/marschiert-israel-jetzt-in-den-libanon-ein-brenzlige-situation-im-norden-66ed8fec8b0a074c475ce7e9,Marschiert Israel jetzt in den Libanon ein? Brenzlige Situation im Norden,2024-09-21,in_manifest_not_candidate,central,live,,https://www.bild.de/politik/ausland-und-internationales/marschiert-israel-jetzt-in-den-libanon-ein-brenzlige-situation-im-norden-66ed8fec8b0a074c475ce7e9,,,manifest tag: bild|untagged|bild-archive; accessible via live
bild,https://www.bild.de/politik/ausland-und-internationales/aus-angst-vor-israel-aufstand-gegen-den-hisbollah-boss-66efeb1ec3ccdc3a464c92d7,Aus Angst vor Israel: Aufstand gegen den Hisbollah-Boss!,2024-09-22,in_manifest_not_candidate,mention,live,,https://www.bild.de/politik/ausland-und-internationales/aus-angst-vor-israel-aufstand-gegen-den-hisbollah-boss-66efeb1ec3ccdc3a464c92d7,,,manifest tag: bild|untagged|bild-archive; accessible via live
bild,https://www.bild.de/politik/ausland-und-internationales/hisbollah-unter-druck-israel-hat-terroristen-laecherlich-gemacht-66ef1ca3e1d06e35845ef11d,Hisbollah unter Druck: Israel hat Terroristen „lächerlich“ gemacht,2024-09-22,in_manifest_not_candidate,mention,live,,https://www.bild.de/politik/ausland-und-internationales/hisbollah-unter-druck-israel-hat-terroristen-laecherlich-gemacht-66ef1ca3e1d06e35845ef11d,,,manifest tag: bild|untagged|bild-archive; accessible via live
bild,https://www.bild.de/politik/ausland-und-internationales/nach-israels-angriff-auf-verbuendeten-mullahs-lassen-muskeln-spielen-66ee84271df99b61f6ec7743,Neue Drohnen und Raketen : Mullah-Armee lässt Muskeln spielen Das Mullah-Regime demonstriert bei einer Militärparade seine militärische Stärke.,2024-09-23,in_manifest_not_candidate,mention,live,,https://www.bild.de/politik/ausland-und-internationales/nach-israels-angriff-auf-verbuendeten-mullahs-lassen-muskeln-spielen-66ee84271df99b61f6ec7743,,,manifest tag: bild|untagged|bild-archive; accessible via live
bild,https://www.bild.de/politik/ausland-und-internationales/us-bericht-enthuellt-strategie-israel-hat-ein-geheimes-kriegsziel-66f02136a6fc5611b0aaec90,US-Bericht enthüllt Strategie: Israel hat ein geheimes Kriegsziel,2024-09-23,in_manifest_not_candidate,central,live,,https://www.bild.de/politik/ausland-und-internationales/us-bericht-enthuellt-strategie-israel-hat-ein-geheimes-kriegsziel-66f02136a6fc5611b0aaec90,yes,,manifest tag: bild|untagged|bild-archive; paywalled (teaser/lead only on the fetched copy); accessible via live
bild,https://www.bild.de/politik/ausland-und-internationales/israel-schlaegt-in-beirut-zu-raketen-kommandeur-der-hisbollah-getoetet-66f2ad4cb647001a28944956,Israel schlägt in Beirut zu: Raketen-Kommandeur der Hisbollah getötet!,2024-09-24,in_manifest_not_candidate,mention,live,,https://www.bild.de/politik/ausland-und-internationales/israel-schlaegt-in-beirut-zu-raketen-kommandeur-der-hisbollah-getoetet-66f2ad4cb647001a28944956,,,manifest tag: bild|untagged|bild-archive; accessible via live
ntv,https://www.n-tv.de/der_tag/Hunderte-Hisbollah-Pager-explodieren-gleichzeitig-Wie-geht-das-article25234817.html,Der Tag: Hunderte Hisbollah-Pager explodieren gleichzeitig: Wie geht das?,2024-09-17,not_in_manifest,central,live,,https://www.n-tv.de/der_tag/Hunderte-Hisbollah-Pager-explodieren-gleichzeitig-Wie-geht-das-article25234817.html,,,accessible via live
ntv,https://www.n-tv.de/politik/So-koennten-die-Hisbollah-Pager-manipuliert-worden-sein-article25234840.html,So könnten die Hisbollah-Pager manipuliert worden sein,2024-09-17,not_in_manifest,central,live,,https://www.n-tv.de/politik/So-koennten-die-Hisbollah-Pager-manipuliert-worden-sein-article25234840.html,,,accessible via live
ntv,https://www.n-tv.de/politik/Tote-und-Tausende-Verletzte-durch-Pager-Explosionen-im-Libanon-article25234339.html,Tote und Tausende Verletzte durch Pager-Explosionen im Libanon,2024-09-17,not_in_manifest,central,live,,https://www.n-tv.de/politik/Tote-und-Tausende-Verletzte-durch-Pager-Explosionen-im-Libanon-article25234339.html,,,accessible via live
ntv,https://www.n-tv.de/der_tag/Jetzt-explodieren-Hisbollah-Walkie-Talkies-im-Libanon-article25237150.html,Der Tag: Jetzt explodieren Hisbollah-Walkie-Talkies im Libanon,2024-09-18,not_in_manifest,central,live,,https://www.n-tv.de/der_tag/Jetzt-explodieren-Hisbollah-Walkie-Talkies-im-Libanon-article25237150.html,,,accessible via live
ntv,https://www.n-tv.de/der_tag/Nach-zweiter-Explosionswelle-im-Libanon-9-Tote-und-300-Verletzte-article25237357.html,Der Tag: Nach zweiter Explosionswelle im Libanon: 9 Tote und 300 Verletzte,2024-09-18,not_in_manifest,central,live,,https://www.n-tv.de/der_tag/Nach-zweiter-Explosionswelle-im-Libanon-9-Tote-und-300-Verletzte-article25237357.html,,,accessible via live
ntv,https://www.n-tv.de/mediathek/videos/politik/Explosionen-haben-Terror-Wirkung-auf-Zivilbevoelkerung-article25237403.html,"Tausende Verletzte im Libanon Explosionen haben ""Terror-Wirkung auf Zivilbevölkerung""",2024-09-18,in_manifest_not_candidate,central,live,,https://www.n-tv.de/mediathek/videos/politik/Explosionen-haben-Terror-Wirkung-auf-Zivilbevoelkerung-article25237403.html,,,video page; manifest tag: ntv|untagged|cdx; accessible via live
ntv,https://www.n-tv.de/politik/14-05-Munz-Wegen-F-16-macht-sich-Kreml-keine-Sorgen--article23143824.html,Ukraine-Krieg im Liveticker: +++ 14:05 Munz: Wegen F-16 macht sich Kreml keine Sorgen +++,2024-09-18,live_blog,mention,wayback,20240918153859,https://web.archive.org/web/20240918153859id_/https://www.n-tv.de/politik/14-05-Munz-Wegen-F-16-macht-sich-Kreml-keine-Sorgen--article23143824.html,,,not in manifest; accessible via wayback capture 20240918153859
ntv,https://www.n-tv.de/politik/Entlassung-von-Israels-Verteidigungsminister-gefordert-article25235683.html,Verhältnis zu Premier zerrüttet: Entlassung von Israels Verteidigungsminister gefordert,2024-09-18,not_in_manifest,mention,live,,https://www.n-tv.de/politik/Entlassung-von-Israels-Verteidigungsminister-gefordert-article25235683.html,,,accessible via live
ntv,https://www.n-tv.de/politik/Hisbollah-schwoert-Israel-Rache-article25235207.html,Hisbollah schwört Israel Rache,2024-09-18,not_in_manifest,central,live,,https://www.n-tv.de/politik/Hisbollah-schwoert-Israel-Rache-article25235207.html,,,accessible via live
ntv,https://www.n-tv.de/politik/Insider-Mossad-schmuggelte-Sprengstoff-in-Hisbollah-Pager-article25235067.html,Insider: Mossad schmuggelte Sprengstoff in Hisbollah-Pager,2024-09-18,not_in_manifest,central,live,,https://www.n-tv.de/politik/Insider-Mossad-schmuggelte-Sprengstoff-in-Hisbollah-Pager-article25235067.html,,,accessible via live
ntv,https://www.n-tv.de/politik/Israels-Verteidigungsminister-kuendigt-neue-Phase-des-Krieges-an-article25237460.html,Israels Verteidigungsminister kündigt neue Phase des Krieges an,2024-09-18,not_in_manifest,mention,live,,https://www.n-tv.de/politik/Israels-Verteidigungsminister-kuendigt-neue-Phase-des-Krieges-an-article25237460.html,,,accessible via live
ntv,https://www.n-tv.de/politik/Massenhaft-Augen-OPs-und-Amputationen-im-Libanon-article25236393.html,Massenhaft Augen-OPs und Amputationen im Libanon,2024-09-18,not_in_manifest,central,live,,https://www.n-tv.de/politik/Massenhaft-Augen-OPs-und-Amputationen-im-Libanon-article25236393.html,,,accessible via live
ntv,https://www.n-tv.de/politik/Pager-Angriff-trifft-die-Basis-der-Hisbollah-article25237149.html,"Pager-Angriff ""trifft die Basis der Hisbollah""",2024-09-18,not_in_manifest,central,live,,https://www.n-tv.de/politik/Pager-Angriff-trifft-die-Basis-der-Hisbollah-article25237149.html,,,accessible via live
ntv,https://www.n-tv.de/politik/Spur-der-explosiven-Pager-Wer-steckt-hinter-BAC-Consulting-article25237205.html,Spur der explosiven Pager,2024-09-18,not_in_manifest,central,live,,https://www.n-tv.de/politik/Spur-der-explosiven-Pager-Wer-steckt-hinter-BAC-Consulting-article25237205.html,,,accessible via live
ntv,https://www.n-tv.de/politik/Taiwanisches-Unternehmen-Explodierte-Pager-sind-aus-Ungarn-nicht-von-uns-article25235545.html,Taiwanisches Unternehmen: Explodierte Pager sind aus Ungarn,2024-09-18,not_in_manifest,central,live,,https://www.n-tv.de/politik/Taiwanisches-Unternehmen-Explodierte-Pager-sind-aus-Ungarn-nicht-von-uns-article25235545.html,,,accessible via live
ntv,https://www.n-tv.de/politik/Weitere-Hisbollah-Geraete-explodieren-im-Libanon-300-Verletzte-article25237160.html,Weitere Hisbollah-Geräte explodieren im Libanon,2024-09-18,not_in_manifest,central,live,,https://www.n-tv.de/politik/Weitere-Hisbollah-Geraete-explodieren-im-Libanon-300-Verletzte-article25237160.html,,,accessible via live
ntv,https://www.n-tv.de/der_tag/Hisbollah-Chef-Israel-hat-alle-roten-Linien-ueberschritten-article25239788.html,"Der Tag: Hisbollah-Chef: Israel hat ""alle roten Linien überschritten""",2024-09-19,not_in_manifest,central,live,,https://www.n-tv.de/der_tag/Hisbollah-Chef-Israel-hat-alle-roten-Linien-ueberschritten-article25239788.html,,,accessible via live
ntv,https://www.n-tv.de/der_tag/Israels-Verteidigungsminister-Neue-Phase-des-Krieges-article25237870.html,"Der Tag: Israels Verteidigungsminister: ""Neue Phase des Krieges""",2024-09-19,not_in_manifest,mention,live,,https://www.n-tv.de/der_tag/Israels-Verteidigungsminister-Neue-Phase-des-Krieges-article25237870.html,,,accessible via live
ntv,https://www.n-tv.de/der_tag/Japan-Die-Pager-sind-nicht-von-uns-article25238787.html,"Der Tag: Japan: ""Die Pager sind nicht von uns!""",2024-09-19,not_in_manifest,central,live,,https://www.n-tv.de/der_tag/Japan-Die-Pager-sind-nicht-von-uns-article25238787.html,,,accessible via live
ntv,https://www.n-tv.de/der_tag/Libanon-Explodierten-Geraeten-wurde-Sprengsatz-eingepflanzt-article25240257.html,Der Tag: Libanon: Explodierten Geräten wurde Sprengsatz eingepflanzt,2024-09-19,not_in_manifest,central,live,,https://www.n-tv.de/der_tag/Libanon-Explodierten-Geraeten-wurde-Sprengsatz-eingepflanzt-article25240257.html,,,accessible via live
ntv,https://www.n-tv.de/mediathek/videos/politik/Blufarb-Kommunikationsabbruch-schwaecht-Hisbollah-article25237965.html,02:48 min,2024-09-19,in_manifest_not_candidate,central,live,,https://www.n-tv.de/mediathek/videos/politik/Blufarb-Kommunikationsabbruch-schwaecht-Hisbollah-article25237965.html,,,video page; manifest tag: ntv|untagged|cdx; accessible via live
ntv,https://www.n-tv.de/politik/Experte-Pager-Attacke-war-Voelkerrechtsbruch-aus-zwei-Gruenden-article25239928.html,Experte: Pager-Attacke war Völkerrechtsbruch,2024-09-19,not_in_manifest,central,live,,https://www.n-tv.de/politik/Experte-Pager-Attacke-war-Voelkerrechtsbruch-aus-zwei-Gruenden-article25239928.html,,,accessible via live
ntv,https://www.n-tv.de/politik/Explosionen-im-Libanon-Wie-der-Sprengstoff-in-die-Hisbollah-Pager-kam-article25239052.html,Wie der Sprengstoff in die Hisbollah-Pager kam,2024-09-19,not_in_manifest,central,live,,https://www.n-tv.de/politik/Explosionen-im-Libanon-Wie-der-Sprengstoff-in-die-Hisbollah-Pager-kam-article25239052.html,,,accessible via live
ntv,https://www.n-tv.de/politik/Hisbollah-Chef-Israel-hat-alle-roten-Linien-ueberschritten-article25239807.html,"Hisbollah-Chef: Israel hat ""alle roten Linien überschritten""",2024-09-19,not_in_manifest,central,live,,https://www.n-tv.de/politik/Hisbollah-Chef-Israel-hat-alle-roten-Linien-ueberschritten-article25239807.html,,,accessible via live
ntv,https://www.n-tv.de/politik/Hisbollah-meldet-nach-Walkie-Talkie-Explosionen-Tod-von-20-Mitgliedern-article25238242.html,Hisbollah meldet nach Walkie-Talkie-Explosionen Tod von 20 Mitgliedern,2024-09-19,not_in_manifest,central,live,,https://www.n-tv.de/politik/Hisbollah-meldet-nach-Walkie-Talkie-Explosionen-Tod-von-20-Mitgliedern-article25238242.html,,,accessible via live
ntv,https://www.n-tv.de/politik/Iran-laesst-verletzte-Hisbollah-Mitglieder-ausfliegen-article25237805.html,Iran lässt verletzte Hisbollah-Mitglieder ausfliegen,2024-09-19,not_in_manifest,central,live,,https://www.n-tv.de/politik/Iran-laesst-verletzte-Hisbollah-Mitglieder-ausfliegen-article25237805.html,,,accessible via live
ntv,https://www.n-tv.de/politik/Iran-soll-Mord-an-Netanjahu-beauftragt-haben-Festnahme-article25238557.html,Weitere Tötungen geplant: Iran soll Mord an Netanjahu beauftragt haben - Festnahme,2024-09-19,not_in_manifest,mention,live,,https://www.n-tv.de/politik/Iran-soll-Mord-an-Netanjahu-beauftragt-haben-Festnahme-article25238557.html,,,accessible via live
ntv,https://www.n-tv.de/politik/Nahost-Experte-Die-Menschen-sind-in-Panik-article25239031.html,"Nahost-Experte: ""Die Menschen sind in Panik""",2024-09-19,not_in_manifest,central,live,,https://www.n-tv.de/politik/Nahost-Experte-Die-Menschen-sind-in-Panik-article25239031.html,,,accessible via live
ntv,https://www.n-tv.de/politik/Produktion-explodierter-Walkie-Talkies-schon-2014-eingestellt-article25238071.html,Produktion explodierter Walkie-Talkies schon 2014 eingestellt,2024-09-19,not_in_manifest,central,live,,https://www.n-tv.de/politik/Produktion-explodierter-Walkie-Talkies-schon-2014-eingestellt-article25238071.html,,,accessible via live
ntv,https://www.n-tv.de/ticker/Israels-Verteidigungsminister-plant-Fortsetzung-militaerischer-Aktionen-gegen-die-Hisbollah-im-Libanon-article25240140.html,"""Steigenden Preis bezahlen"": Israels Verteidigungsminister plant Fortsetzung militärischer Aktionen gegen die Hisbollah im Libanon",2024-09-19,not_in_manifest,central,live,,https://www.n-tv.de/ticker/Israels-Verteidigungsminister-plant-Fortsetzung-militaerischer-Aktionen-gegen-die-Hisbollah-im-Libanon-article25240140.html,,,"automated wire-feed page (WELT dpa newsticker / RTL teletext), not an editorial article; accessible via live"
ntv,https://www.n-tv.de/mediathek/videos/politik/Im-Libanon-werden-Beerdigungen-zu-Kundgebungen-article25240582.html,01:52 min,2024-09-20,in_manifest_not_candidate,central,live,,https://www.n-tv.de/mediathek/videos/politik/Im-Libanon-werden-Beerdigungen-zu-Kundgebungen-article25240582.html,,,video page; manifest tag: ntv|untagged|cdx; accessible via live
ntv,https://www.n-tv.de/mediathek/videos/politik/Russe-sieht-Buechse-der-Pandora-koennte-jeden-treffen-article25240714.html,"Munz zu Pager-Bomben im Libanon Russe sieht ""Büchse der Pandora - könnte jeden treffen""",2024-09-20,in_manifest_not_candidate,central,live,,https://www.n-tv.de/mediathek/videos/politik/Russe-sieht-Buechse-der-Pandora-koennte-jeden-treffen-article25240714.html,,,video page; manifest tag: ntv|untagged|cdx; accessible via live
ntv,https://www.n-tv.de/mediathek/videos/politik/Thiele-Neuer-Krieg-guckt-ueber-den-Tellerrand-article25240611.html,"Pager-Angriffe auf die Hisbollah Thiele: ""Neuer Krieg guckt über den Tellerrand""",2024-09-20,in_manifest_not_candidate,central,live,,https://www.n-tv.de/mediathek/videos/politik/Thiele-Neuer-Krieg-guckt-ueber-den-Tellerrand-article25240611.html,,,video page; manifest tag: ntv|untagged|cdx; accessible via live
ntv,https://www.n-tv.de/politik/Israel-greift-Ziel-im-Sueden-Beiruts-an-article25242005.html,Rauch über der Stadt: Israel greift Ziel im Süden Beiruts an,2024-09-20,not_in_manifest,mention,live,,https://www.n-tv.de/politik/Israel-greift-Ziel-im-Sueden-Beiruts-an-article25242005.html,,,accessible via live
ntv,https://www.n-tv.de/politik/Israel-ueberzieht-Hisbollah-mit-Luftangriffen-article25240370.html,Israel überzieht Hisbollah mit Luftangriffen,2024-09-20,not_in_manifest,central,live,,https://www.n-tv.de/politik/Israel-ueberzieht-Hisbollah-mit-Luftangriffen-article25240370.html,,,accessible via live
ntv,https://www.n-tv.de/politik/Israel-wird-massiv-aus-dem-Libanon-beschossen-article25241646.html,Hisbollah: Salven abgefeuert: Israel wird massiv aus dem Libanon beschossen,2024-09-20,not_in_manifest,mention,live,,https://www.n-tv.de/politik/Israel-wird-massiv-aus-dem-Libanon-beschossen-article25241646.html,,,accessible via live
ntv,https://www.n-tv.de/mediathek/videos/politik/Huthi-koennten-mit-russischen-Flugkoerpern-agieren-article25242885.html,"Thiele zu Kämpfen in Nahost ""Huthi könnten mit russischen Flugkörpern agieren""",2024-09-21,in_manifest_not_candidate,central,live,,https://www.n-tv.de/mediathek/videos/politik/Huthi-koennten-mit-russischen-Flugkoerpern-agieren-article25242885.html,,,video page; manifest tag: ntv|untagged|cdx; accessible via live
ntv,https://www.n-tv.de/politik/Hisbollah-bestaetigt-Tod-von-Kommandeur-Akil-article25242548.html,Hisbollah bestätigt Tod von Kommandeur Akil,2024-09-21,not_in_manifest,central,live,,https://www.n-tv.de/politik/Hisbollah-bestaetigt-Tod-von-Kommandeur-Akil-article25242548.html,,,accessible via live
ntv,https://www.n-tv.de/politik/Israel-fliegt-umfassenden-Angriff-im-Suedlibanon-article25243380.html,"""Dutzende"" Kampfjets beteiligt: Israel fliegt ""umfassenden"" Angriff im Südlibanon",2024-09-21,not_in_manifest,mention,live,,https://www.n-tv.de/politik/Israel-fliegt-umfassenden-Angriff-im-Suedlibanon-article25243380.html,,,accessible via live
ntv,https://www.n-tv.de/politik/Streit-zu-Pager-Explosionen-vor-UN-Sicherheitsrat-article25242591.html,Streit zu Pager-Explosionen vor UN-Sicherheitsrat,2024-09-21,not_in_manifest,central,live,,https://www.n-tv.de/politik/Streit-zu-Pager-Explosionen-vor-UN-Sicherheitsrat-article25242591.html,,,accessible via live
ntv,https://www.n-tv.de/politik/Netanjahu-Hisbollah-wird-die-Botschaft-verstehen-article25244141.html,"Gefechte in Israel und Libanon: Netanjahu: ""Hisbollah wird die Botschaft verstehen""",2024-09-22,not_in_manifest,mention,live,,https://www.n-tv.de/politik/Netanjahu-Hisbollah-wird-die-Botschaft-verstehen-article25244141.html,,,accessible via live
ntv,https://www.n-tv.de/politik/Raketen-aus-dem-Libanon-schlagen-in-Israel-ein-article25243508.html,Raketen aus dem Libanon schlagen in Israel ein,2024-09-22,not_in_manifest,mention,live,,https://www.n-tv.de/politik/Raketen-aus-dem-Libanon-schlagen-in-Israel-ein-article25243508.html,,,accessible via live
ntv,https://www.n-tv.de/mediathek/videos/politik/Zwischen-Israel-und-dem-Libanon-verhaerten-die-Fronten-article25244958.html,Video Zwischen Israel und dem Libanon verhärten die Fronten,2024-09-23,in_manifest_not_candidate,central,live,,https://www.n-tv.de/mediathek/videos/politik/Zwischen-Israel-und-dem-Libanon-verhaerten-die-Fronten-article25244958.html,,,video page; manifest tag: ntv|untagged|cdx; accessible via live
ntv,https://www.n-tv.de/politik/Augenarzt-im-Libanon-ist-noch-immer-entsetzt-article25245269.html,Augenarzt im Libanon ist noch immer entsetzt,2024-09-23,not_in_manifest,central,live,,https://www.n-tv.de/politik/Augenarzt-im-Libanon-ist-noch-immer-entsetzt-article25245269.html,,,accessible via live
ntv,https://www.n-tv.de/politik/Beirut-meldet-100-Tote-nach-israelischem-Beschuss-article25246116.html,Israel weitet Angriffe aus: Beirut meldet 100 Tote nach israelischem Beschuss,2024-09-23,not_in_manifest,mention,live,,https://www.n-tv.de/politik/Beirut-meldet-100-Tote-nach-israelischem-Beschuss-article25246116.html,,,accessible via live
ntv,https://www.n-tv.de/politik/Israel-bereitet-naechste-Phasen-des-Kampfes-vor-article25247330.html,"Israel bereitet ""nächste Phasen"" des Kampfes vor",2024-09-23,not_in_manifest,mention,live,,https://www.n-tv.de/politik/Israel-bereitet-naechste-Phasen-des-Kampfes-vor-article25247330.html,,,accessible via live
ntv,https://www.n-tv.de/politik/Israel-kuendigt-weitere-Angriffe-auf-die-Hisbollah-an-article25246780.html,Israel kündigt weitere Angriffe auf die Hisbollah an,2024-09-23,not_in_manifest,mention,live,,https://www.n-tv.de/politik/Israel-kuendigt-weitere-Angriffe-auf-die-Hisbollah-an-article25246780.html,,,accessible via live
ntv,https://www.n-tv.de/politik/Israel-bombardiert-erneut-Vorort-von-Beirut-article25249538.html,Israel bombardiert erneut Vorort von Beirut,2024-09-24,not_in_manifest,mention,live,,https://www.n-tv.de/politik/Israel-bombardiert-erneut-Vorort-von-Beirut-article25249538.html,,,accessible via live
rnd,https://www.rnd.de/politik/sorge-vor-eskalation-zwischen-israel-und-hisbollah-wachst-7734c101-db2e-4b91-b025-cea3294e1f63.html,0:42 Min. Video Krieg im Nahen Osten Sorge vor Eskalation zwischen Israel und Hisbollah wächst,2024-09-17,not_in_manifest,mention,wayback,20240917174942,https://web.archive.org/web/20240917174942id_/https://www.rnd.de/politik/sorge-vor-eskalation-zwischen-israel-und-hisbollah-wachst-7734c101-db2e-4b91-b025-cea3294e1f63.html,,,accessible via wayback capture 20240917174942
rnd,https://www.rnd.de/politik/explosive-lage-im-nahen-osten-24ZUHU4Z2JBK7IF533MNEC43W4.html,Explosive Lage im Nahen Osten,2024-09-18,in_manifest_not_candidate,central,wayback,20240919012912,https://web.archive.org/web/20240919012912id_/https://www.rnd.de/politik/explosive-lage-im-nahen-osten-24ZUHU4Z2JBK7IF533MNEC43W4.html,,,manifest tag: rnd|untagged|cdx; accessible via wayback capture 20240919012912
rnd,https://www.rnd.de/politik/liveticker-israel-und-nahost-krieg-aktuelle-news-und-informationen-18-9-2024-TENB5YC2Y5C45LMULAZY62C2DA.html,Live Der Krieg in Nahost im Liveblog Borrell dringt auf Waffenruhe: „Morgen ist schon zu spät“,2024-09-18,live_blog,central,wayback,20240919012705,https://web.archive.org/web/20240919012705id_/https://www.rnd.de/politik/liveticker-israel-und-nahost-krieg-aktuelle-news-und-informationen-18-9-2024-TENB5YC2Y5C45LMULAZY62C2DA.html,,20240918053051 20240918085119 20240918090045 20240918192727 20240919012705,in manifest (rnd|untagged|cdx) but not a candidate; accessible via wayback capture 20240919012705
rnd,https://www.rnd.de/politik/taiwanische-firma-gold-apollo-detonierte-pager-im-libanon-sollen-in-europa-produziert-worden-sein-27f5c342-3690-4428-a150-1dffeae30faf.html,2:58 Min. Video Eskalation im Nahen Osten Taiwanische Firma Gold Apollo: Detonierte Pager im Libanon sollen in Europa produziert worden sein,2024-09-18,not_in_manifest,central,wayback,20241119144148,https://web.archive.org/web/20241119144148id_/https://www.rnd.de/politik/taiwanische-firma-gold-apollo-detonierte-pager-im-libanon-sollen-in-europa-produziert-worden-sein-27f5c342-3690-4428-a150-1dffeae30faf.html,,,accessible via wayback capture 20241119144148
rnd,https://www.rnd.de/politik/wagenknechts-frieden-heisst-unterwerfung-unter-putin-LCVQTJEUFRBPXGUNSXK77DHV5I.html,Wagenknechts Frieden heißt Unterwerfung unter Putin,2024-09-18,in_manifest_not_candidate,mention,wayback,20240919131052,https://web.archive.org/web/20240919131052id_/https://www.rnd.de/politik/wagenknechts-frieden-heisst-unterwerfung-unter-putin-LCVQTJEUFRBPXGUNSXK77DHV5I.html,,,manifest tag: rnd|untagged|cdx; accessible via wayback capture 20240919131052
rnd,https://www.rnd.de/politik/auftakt-fuer-einen-neuen-krieg-DNX3PKJGDBHSXJWGNGNSMK642M.html,Auftakt für einen neuen Krieg?,2024-09-19,in_manifest_not_candidate,central,wayback,20240920014109,https://web.archive.org/web/20240920014109id_/https://www.rnd.de/politik/auftakt-fuer-einen-neuen-krieg-DNX3PKJGDBHSXJWGNGNSMK642M.html,,,manifest tag: rnd|untagged|cdx; accessible via wayback capture 20240920014109
rnd,https://www.rnd.de/politik/israel-kundigt-nach-explosionen-im-libanon-neue-kriegsphase-an-43530460-a2c1-4847-9af8-c8a76f86f3a3.html,1:09 Min. Video Hisbollah schwört Vergeltung Israel kündigt nach Explosionen im Libanon neue Kriegsphase an,2024-09-19,not_in_manifest,central,wayback,20240919102940,https://web.archive.org/web/20240919102940id_/https://www.rnd.de/politik/israel-kundigt-nach-explosionen-im-libanon-neue-kriegsphase-an-43530460-a2c1-4847-9af8-c8a76f86f3a3.html,,,accessible via wayback capture 20240919102940
rnd,https://www.rnd.de/politik/israels-geheimdienst-mossad-alles-begann-mit-der-jagd-auf-nazi-moerder-BU5FOAO3C5BB3OE6N627BGY4EY.html,Das Mossad-Prinzip: „Steh auf und töte ihn zuerst“,2024-09-19,in_manifest_not_candidate,mention,wayback,20240920015350,https://web.archive.org/web/20240920015350id_/https://www.rnd.de/politik/israels-geheimdienst-mossad-alles-begann-mit-der-jagd-auf-nazi-moerder-BU5FOAO3C5BB3OE6N627BGY4EY.html,,,manifest tag: rnd|untagged|cdx; accessible via wayback capture 20240920015350
rnd,https://www.rnd.de/sport/del-2024-start-teams-tabelle-uebertragung-alle-infos-zur-neuen-saison-NQ53I25RBFES7OOLIAHJVQMBJY.html,"Neuheiten, Highlights, TV: Fragen und Antworten zum Start der DEL-Saison",2024-09-19,not_in_manifest,mention,wayback,20240920022251,https://web.archive.org/web/20240920022251id_/https://www.rnd.de/sport/del-2024-start-teams-tabelle-uebertragung-alle-infos-zur-neuen-saison-NQ53I25RBFES7OOLIAHJVQMBJY.html,,,accessible via wayback capture 20240920022251
rnd,https://www.rnd.de/politik/libanon-israel-greift-ziel-in-beirut-an-hisbollah-kommandeur-ibrahim-akil-offenbar-getoetet-Z62XO5D7JFGYXJUOFUXM47DNEE.html,Israel meldet Tod von Hamas-Kommandeur Ibrahim Akil nach Luftangriff auf Beirut,2024-09-20,in_manifest_not_candidate,mention,wayback,20240920195513,https://web.archive.org/web/20240920195513id_/https://www.rnd.de/politik/libanon-israel-greift-ziel-in-beirut-an-hisbollah-kommandeur-ibrahim-akil-offenbar-getoetet-Z62XO5D7JFGYXJUOFUXM47DNEE.html,,,manifest tag: rnd|untagged|cdx; accessible via wayback capture 20240920195513
rnd,https://www.rnd.de/politik/nahost-und-ukraine-netanjahu-und-putin-als-wahlhelfer-fuer-trump-KI7MIEEYKZDZHLIFMD4FH6N6EQ.html,Netanjahu und Putin als Wahlhelfer? Sechs gefährliche Wochen für die Welt,2024-09-20,in_manifest_not_candidate,mention,wayback,20240920160353,https://web.archive.org/web/20240920160353id_/https://www.rnd.de/politik/nahost-und-ukraine-netanjahu-und-putin-als-wahlhelfer-fuer-trump-KI7MIEEYKZDZHLIFMD4FH6N6EQ.html,,,manifest tag: rnd|untagged|cdx; accessible via wayback capture 20240920160353
rnd,https://www.rnd.de/politik/viele-krisen-auf-die-wiesn-VMMPBIOZHFB7DHWI3UDWFSECNU.html,Viele Krisen? Auf die Wiesn!,2024-09-20,in_manifest_not_candidate,mention,wayback,20240921015208,https://web.archive.org/web/20240921015208id_/https://www.rnd.de/politik/viele-krisen-auf-die-wiesn-VMMPBIOZHFB7DHWI3UDWFSECNU.html,,,manifest tag: rnd|untagged|cdx; accessible via wayback capture 20240921015208
rnd,https://www.rnd.de/politik/armeesprecher-hagari-getoeteter-hisbollah-kommandeur-plante-ueberfall-auf-israel-H47ZUZS3L5JFTA2KWGJL6NUJLI.html,Armeesprecher Hagari: Getöteter Hisbollah-Kommandeur plante Überfall auf Israel,2024-09-21,in_manifest_not_candidate,mention,wayback,20240921053957,https://web.archive.org/web/20240921053957id_/https://www.rnd.de/politik/armeesprecher-hagari-getoeteter-hisbollah-kommandeur-plante-ueberfall-auf-israel-H47ZUZS3L5JFTA2KWGJL6NUJLI.html,,,manifest tag: rnd|untagged|cdx; accessible via wayback capture 20240921053957
rnd,https://www.rnd.de/politik/bisher-500-tote-im-libanon-israel-plant-schon-naechste-phasen-im-kampf-gegen-hisbollah-EWQMP2BGRZKWFIHOTB5VYWNFFQ.html,Israel plant schon „nächste Phasen“ im Kampf gegen die Hisbollah im Libanon,2024-09-24,in_manifest_not_candidate,mention,wayback,20240924040200,https://web.archive.org/web/20240924040200id_/https://www.rnd.de/politik/bisher-500-tote-im-libanon-israel-plant-schon-naechste-phasen-im-kampf-gegen-hisbollah-EWQMP2BGRZKWFIHOTB5VYWNFFQ.html,,,manifest tag: rnd|untagged|cdx; accessible via wayback capture 20240924040200
rtl,https://www.rtl.de/HBBTV/Teletext/Newsde/libanon-un-ueber-situation-besorgt-id1833820.html,Libanon: UN über Situation besorgt,2024-09-17,not_in_manifest,central,wayback,20240918011009,https://web.archive.org/web/20240918011009id_/https://www.rtl.de/HBBTV/Teletext/Newsde/libanon-un-ueber-situation-besorgt-id1833820.html,,,"automated wire-feed page (WELT dpa newsticker / RTL teletext), not an editorial article; accessible via wayback capture 20240918011009"
rtl,https://www.rtl.de/HBBTV/Teletext/Newsde/erneut-explosionen-im-libanon-id1835625.html,Erneut Explosionen im Libanon,2024-09-18,not_in_manifest,central,wayback,20240919011746,https://web.archive.org/web/20240919011746id_/https://www.rtl.de/HBBTV/Teletext/Newsde/erneut-explosionen-im-libanon-id1835625.html,,,"automated wire-feed page (WELT dpa newsticker / RTL teletext), not an editorial article; accessible via wayback capture 20240919011746"
rtl,https://www.rtl.de/HBBTV/Teletext/Newsde/zweite-explosionswelle-im-libanon-id1835924.html,Zweite Explosionswelle im Libanon,2024-09-18,not_in_manifest,central,wayback,20240919011604,https://web.archive.org/web/20240919011604id_/https://www.rtl.de/HBBTV/Teletext/Newsde/zweite-explosionswelle-im-libanon-id1835924.html,,,"automated wire-feed page (WELT dpa newsticker / RTL teletext), not an editorial article; accessible via wayback capture 20240919011604"
rtl,https://www.rtl.de/HBBTV/Teletext/Newsde/hisbollah-meldet-32-tote-id1836750.html,Hisbollah meldet 32 Tote,2024-09-19,not_in_manifest,central,wayback,20240920012458,https://web.archive.org/web/20240920012458id_/https://www.rtl.de/HBBTV/Teletext/Newsde/hisbollah-meldet-32-tote-id1836750.html,,,"automated wire-feed page (WELT dpa newsticker / RTL teletext), not an editorial article; accessible via wayback capture 20240920012458"
rtl,https://www.rtl.de/HBBTV/Teletext/Newsde/opferzahl-im-libanon-steigt-id1837314.html,Opferzahl im Libanon steigt,2024-09-19,not_in_manifest,central,wayback,20240920012928,https://web.archive.org/web/20240920012928id_/https://www.rtl.de/HBBTV/Teletext/Newsde/opferzahl-im-libanon-steigt-id1837314.html,,,"automated wire-feed page (WELT dpa newsticker / RTL teletext), not an editorial article; accessible via wayback capture 20240920012928"
rtl,https://www.rtl.de/HBBTV/Teletext/Newsde/tuerk-verurteilt-pager-angriff-id1840366.html,Türk verurteilt Pager-Angriff,2024-09-21,not_in_manifest,central,wayback,20240922014544,https://web.archive.org/web/20240922014544id_/https://www.rtl.de/HBBTV/Teletext/Newsde/tuerk-verurteilt-pager-angriff-id1840366.html,,,"automated wire-feed page (WELT dpa newsticker / RTL teletext), not an editorial article; accessible via wayback capture 20240922014544"
spiegel,https://www.spiegel.de/politik/deutschland/news-des-tages-friedrich-merz-us-chiphersteller-intel-reinhold-messner-a-7991f67d-8168-4d7e-bf62-503346308076#ref=rss,"News des Tages: Kanzlerkandidat Friedrich Merz, US-Chiphersteller Intel, Reinhold Messner",2024-09-17,not_in_manifest,mention,live,,https://www.spiegel.de/politik/deutschland/news-des-tages-friedrich-merz-us-chiphersteller-intel-reinhold-messner-a-7991f67d-8168-4d7e-bf62-503346308076#ref=rss,,,accessible via live
spiegel,https://www.spiegel.de/ausland/hisbollah-droht-israel-mit-vergeltung-angst-vor-flaechenbrand-in-region-a-0e05d383-2abc-4858-a0dc-673383d0913c#ref=rss,Hisbollah droht Israel mit Vergeltung – Angst vor Flächenbrand in Region,2024-09-18,in_manifest_not_candidate,central,live,,https://www.spiegel.de/ausland/hisbollah-droht-israel-mit-vergeltung-angst-vor-flaechenbrand-in-region-a-0e05d383-2abc-4858-a0dc-673383d0913c#ref=rss,,,manifest tag: spiegel|untagged|cdx; accessible via live
spiegel,https://www.spiegel.de/ausland/iran-schickt-rettungsteams-in-den-libanon-a-be7d6f51-e8c2-435f-81b7-fe5f462dd0d5#ref=rss,Iran schickt Rettungsteams in den Libanon,2024-09-18,in_manifest_not_candidate,central,live,,https://www.spiegel.de/ausland/iran-schickt-rettungsteams-in-den-libanon-a-be7d6f51-e8c2-435f-81b7-fe5f462dd0d5#ref=rss,,,manifest tag: spiegel|untagged|cdx; accessible via live
spiegel,https://www.spiegel.de/ausland/israel-mossad-aktionen-von-der-eichmann-entfuehrung-bis-zum-zorn-gottes-a-9663cd95-2d00-49e5-a848-8633a94d3491,Spektakuläre Aktionen israelischer Geheimdienste: Von der Eichmann-Entführung bis zum »Zorn Gottes«,2024-09-18,in_manifest_not_candidate,central,live,,https://www.spiegel.de/ausland/israel-mossad-aktionen-von-der-eichmann-entfuehrung-bis-zum-zorn-gottes-a-9663cd95-2d00-49e5-a848-8633a94d3491,yes,,manifest tag: spiegel|untagged|cdx; paywalled (teaser/lead only on the fetched copy); accessible via live
spiegel,https://www.spiegel.de/ausland/lufthansa-und-air-france-streichen-fluege-nach-israel-a-40ebb9bf-d1d7-49f2-bf1f-e680172c6b84#ref=rss,Lufthansa und Air France streichen Flüge nach Israel,2024-09-18,in_manifest_not_candidate,central,live,,https://www.spiegel.de/ausland/lufthansa-und-air-france-streichen-fluege-nach-israel-a-40ebb9bf-d1d7-49f2-bf1f-e680172c6b84#ref=rss,,,manifest tag: spiegel|untagged|cdx; accessible via live
spiegel,https://www.spiegel.de/netzwelt/netzpolitik/explodierende-pager-der-hisbollah-der-hybride-cyberwar-ist-eroeffnet-kolumne-a-adee7233-2956-4511-90f6-617c391c5e36,Explodierende Pager der Hisbollah: Der Hybride Cyberwar ist eröffnet - Kolumne,2024-09-18,not_in_manifest,central,live,,https://www.spiegel.de/netzwelt/netzpolitik/explodierende-pager-der-hisbollah-der-hybride-cyberwar-ist-eroeffnet-kolumne-a-adee7233-2956-4511-90f6-617c391c5e36,yes,,paywalled (teaser/lead only on the fetched copy); accessible via live
spiegel,https://www.spiegel.de/netzwelt/pager-attacke-im-libanon-wie-man-tausende-geraete-zur-explosion-bringt-a-aefe1089-d8f5-440a-b581-d4f8914ad30c#ref=rss,(S+) Attacke im Libanon: Wie man Tausende Pager zur Explosion bringt,2024-09-18,not_in_manifest,central,live,,https://www.spiegel.de/netzwelt/pager-attacke-im-libanon-wie-man-tausende-geraete-zur-explosion-bringt-a-aefe1089-d8f5-440a-b581-d4f8914ad30c#ref=rss,yes,,paywalled (teaser/lead only on the fetched copy); accessible via live
spiegel,https://www.spiegel.de/politik/deutschland/die-lage-am-morgen-pagerattacke-in-libanon-soeders-sonderbare-demut-afd-und-demokratische-rechte-im-bundestag-a-555ccafa-e787-48d7-996b-7aea14c84b6f#ref=rss,Söders sonderbare Demut,2024-09-18,not_in_manifest,central,live,,https://www.spiegel.de/politik/deutschland/die-lage-am-morgen-pagerattacke-in-libanon-soeders-sonderbare-demut-afd-und-demokratische-rechte-im-bundestag-a-555ccafa-e787-48d7-996b-7aea14c84b6f#ref=rss,,,accessible via live
spiegel,https://www.spiegel.de/politik/deutschland/news-des-tages-explodierende-pager-verfassungsgericht-zur-afd-hochwasser-im-osten-a-e3217499-2dc1-4413-ab6f-d6eea5317aa8#ref=rss,"News des Tages: Explodierende Pager, Verfassungsgericht zur AfD, Hochwasser im Osten",2024-09-18,not_in_manifest,central,live,,https://www.spiegel.de/politik/deutschland/news-des-tages-explodierende-pager-verfassungsgericht-zur-afd-hochwasser-im-osten-a-e3217499-2dc1-4413-ab6f-d6eea5317aa8#ref=rss,,,accessible via live
spiegel,https://www.spiegel.de/ausland/pager-und-walkie-talkie-attacken-im-libanon-eskalation-auf-knopfdruck-a-de4c4f85-acac-4a08-aeca-afeff2348f4a,Pager- und Walkie-Talkie-Attacken im Libanon: Eskalation auf Knopfdruck,2024-09-19,in_candidates_dropped,central,our-raw (re-extract),,https://www.spiegel.de/ausland/pager-und-walkie-talkie-attacken-im-libanon-eskalation-auf-knopfdruck-a-de4c4f85-acac-4a08-aeca-afeff2348f4a,yes,,no event term in extracted body (353 words; likely paywall teaser) -> relevance none; paywalled (teaser/lead only on the fetched copy); accessible via our-raw:raw/spiegel/23c58dde444c6a65.html
spiegel,https://www.spiegel.de/politik/deutschland/news-des-tages-israel-hisbollah-springer-matthias-doepfner-sean-combs-puff-daddy-a-dc134325-ce71-43e7-858d-cde754b9cf01#ref=rss,"News des Tages: Israel, Hisbollah, Springer, Matthias Döpfner, Sean Combs, Puff Daddy",2024-09-19,not_in_manifest,central,live,,https://www.spiegel.de/politik/deutschland/news-des-tages-israel-hisbollah-springer-matthias-doepfner-sean-combs-puff-daddy-a-dc134325-ce71-43e7-858d-cde754b9cf01#ref=rss,,,accessible via live
spiegel,https://www.spiegel.de/politik/deutschland/news-uno-reaktion-auf-pager-explosion-zaesur-bei-brandenburg-wahl-markus-soeder-nach-kanzlerverzicht-a-f376be78-c252-4822-a853-18a11c3e047c#ref=rss,Die Lage am Morgen – Der unheimliche E-Krieg,2024-09-19,not_in_manifest,central,live,,https://www.spiegel.de/politik/deutschland/news-uno-reaktion-auf-pager-explosion-zaesur-bei-brandenburg-wahl-markus-soeder-nach-kanzlerverzicht-a-f376be78-c252-4822-a853-18a11c3e047c#ref=rss,,,accessible via live
spiegel,https://www.spiegel.de/ausland/israel-krieg-gegen-die-hisbollah-was-folgt-auf-die-bombenwellen-im-libanon-a-36851c1f-3ec8-4ef7-a5bd-5fc0a18c85ad,Israels Krieg gegen die Hisbollah: »Weg mit den Funkgeräten! Weg mit den Funkgeräten!«,2024-09-20,in_manifest_not_candidate,central,live,,https://www.spiegel.de/ausland/israel-krieg-gegen-die-hisbollah-was-folgt-auf-die-bombenwellen-im-libanon-a-36851c1f-3ec8-4ef7-a5bd-5fc0a18c85ad,yes,,manifest tag: spiegel|untagged|cdx; paywalled (teaser/lead only on the fetched copy); accessible via live
spiegel,https://www.spiegel.de/ausland/israel-meldet-massiven-raketenbeschuss-der-hisbollah-aus-dem-libanon-a-b170e6f2-1bb6-4505-ade2-3e3ecc3b71af#ref=rss,Nach Pager-Attacke: Israel meldet massiven Beschuss aus dem Libanon,2024-09-20,in_manifest_not_candidate,central,live,,https://www.spiegel.de/ausland/israel-meldet-massiven-raketenbeschuss-der-hisbollah-aus-dem-libanon-a-b170e6f2-1bb6-4505-ade2-3e3ecc3b71af#ref=rss,,,manifest tag: spiegel|untagged|cdx; accessible via live
spiegel,https://www.spiegel.de/ausland/israel-meldet-zerstoerung-von-mehr-als-1000-raketenwerferrohren-der-hisbollah-a-0fe799b9-58dd-4fff-9eb7-d2a4b60827cc#ref=rss,Israel greift in mehreren Wellen Hisbollah-Ziele an,2024-09-20,in_manifest_not_candidate,central,live,,https://www.spiegel.de/ausland/israel-meldet-zerstoerung-von-mehr-als-1000-raketenwerferrohren-der-hisbollah-a-0fe799b9-58dd-4fff-9eb7-d2a4b60827cc#ref=rss,,,manifest tag: spiegel|untagged|cdx; accessible via live
spiegel,https://www.spiegel.de/ausland/krieg-in-nahost-israels-armee-greift-ziel-in-beirut-an-a-04e1a5ea-fdea-44d0-88fb-13082748a39e#ref=rss,Krieg in Nahost: Israels Armee greift Ziel in Beirut an,2024-09-20,in_manifest_not_candidate,mention,live,,https://www.spiegel.de/ausland/krieg-in-nahost-israels-armee-greift-ziel-in-beirut-an-a-04e1a5ea-fdea-44d0-88fb-13082748a39e#ref=rss,,,manifest tag: spiegel|untagged|cdx; accessible via live
spiegel,https://www.spiegel.de/kultur/kino/libanon-pager-attacke-gegen-hisbollah-mitglieder-liebesgruesse-aus-tel-aviv-a-7314ff9d-5957-499b-ad8c-ac6bc67a8073#ref=rss,S+) Libanon: Pager–Attacke gegen Hisbollah-Mitglieder,2024-09-20,not_in_manifest,central,live,,https://www.spiegel.de/kultur/kino/libanon-pager-attacke-gegen-hisbollah-mitglieder-liebesgruesse-aus-tel-aviv-a-7314ff9d-5957-499b-ad8c-ac6bc67a8073#ref=rss,yes,,paywalled (teaser/lead only on the fetched copy); accessible via live
spiegel,https://www.spiegel.de/ausland/israel-gaza-konflikt-mindestens-13-tote-bei-israelischem-angriff-auf-ehemaliges-schulgebaeude-in-gaza-a-c90547ae-680b-4003-80d4-dbe0818bc242#ref=rss,Israel-Gaza-Konflikt: Mindestens 13 Tote bei israelischem Angriff auf ehemaliges Schulgebäude in Gaza,2024-09-21,in_manifest_not_candidate,mention,live,,https://www.spiegel.de/ausland/israel-gaza-konflikt-mindestens-13-tote-bei-israelischem-angriff-auf-ehemaliges-schulgebaeude-in-gaza-a-c90547ae-680b-4003-80d4-dbe0818bc242#ref=rss,,,manifest tag: spiegel|untagged|cdx; accessible via live
spiegel,https://www.spiegel.de/ausland/israel-hisbollah-soll-ueberfall-auf-israel-geplant-haben-a-815c57e1-3780-4774-8758-9f6ad020a078#ref=rss,Erklärung des israelischen Armeesprechers: Hisbollah soll Überfall auf Israel geplant haben,2024-09-21,in_manifest_not_candidate,mention,live,,https://www.spiegel.de/ausland/israel-hisbollah-soll-ueberfall-auf-israel-geplant-haben-a-815c57e1-3780-4774-8758-9f6ad020a078#ref=rss,,,manifest tag: spiegel|untagged|cdx; accessible via live
spiegel,https://www.spiegel.de/ausland/nahostkonflikt-israel-greift-ziele-im-suedlibanon-mit-dutzenden-kampfflugzeugen-an-a-7a4dbd22-9c42-412b-bb6b-2310375a6f05,Nahostkonflikt: Israel greift Ziele im Südlibanon mit Dutzenden Kampfflugzeugen an,2024-09-21,in_manifest_not_candidate,mention,live,,https://www.spiegel.de/ausland/nahostkonflikt-israel-greift-ziele-im-suedlibanon-mit-dutzenden-kampfflugzeugen-an-a-7a4dbd22-9c42-412b-bb6b-2310375a6f05,,,manifest tag: spiegel|untagged|cdx; accessible via live
spiegel,https://www.spiegel.de/panorama/detonationen-in-libanon-israel-haette-die-pager-nicht-sprengen-duerfen-a-04207456-bf8f-4501-9539-b564529e4a99#ref=rss,Detonationen in Libanon: »Israel hätte die Pager nicht sprengen dürfen«,2024-09-21,not_in_manifest,central,live,,https://www.spiegel.de/panorama/detonationen-in-libanon-israel-haette-die-pager-nicht-sprengen-duerfen-a-04207456-bf8f-4501-9539-b564529e4a99#ref=rss,yes,,paywalled (teaser/lead only on the fetched copy); accessible via live
spiegel,https://www.spiegel.de/politik/deutschland/news-scholz-in-new-york-schicksalswahl-in-brandenburg-bomben-auf-beirut-a-44c95757-4fe2-4b67-a80a-376af1d1089a#ref=rss,"Scholz in New York, Schicksalswahl in Brandenburg, Bomben auf Beirut",2024-09-21,not_in_manifest,mention,live,,https://www.spiegel.de/politik/deutschland/news-scholz-in-new-york-schicksalswahl-in-brandenburg-bomben-auf-beirut-a-44c95757-4fe2-4b67-a80a-376af1d1089a#ref=rss,,,accessible via live
spiegel,https://www.spiegel.de/ausland/eskalation-im-libanon-israels-armee-und-hisbollah-miliz-liefern-sich-schwere-gefechte-a-f857c3e8-5100-4eab-b93c-21cbd563672b#ref=rss,Libanon: Israels Armee und Hisbollah-Miliz liefern sich schwere Gefechte,2024-09-22,in_manifest_not_candidate,mention,live,,https://www.spiegel.de/ausland/eskalation-im-libanon-israels-armee-und-hisbollah-miliz-liefern-sich-schwere-gefechte-a-f857c3e8-5100-4eab-b93c-21cbd563672b#ref=rss,,,manifest tag: spiegel|untagged|cdx; accessible via live
spiegel,https://www.spiegel.de/deinspiegel/jugendfeuerwehr-eine-zwoelfjaehrige-erzaehlt-ich-kann-feuer-loeschen-a-5da5fc6c-a823-49fb-8bd4-56c09a98b860#ref=rss,Als Zwölfjährige bei der Jugendfeuerwehr: »Ich kann Feuer löschen«,2024-09-22,in_manifest_not_candidate,mention,live,,https://www.spiegel.de/deinspiegel/jugendfeuerwehr-eine-zwoelfjaehrige-erzaehlt-ich-kann-feuer-loeschen-a-5da5fc6c-a823-49fb-8bd4-56c09a98b860#ref=rss,,,manifest tag: spiegel|untagged|cdx; accessible via live
spiegel,https://www.spiegel.de/wissenschaft/mensch/pager-attentate-im-libanon-der-kalte-cyberkrieg-hat-laengst-begonnen-kolumne-a-59329438-3fad-4a31-9866-37ca381267db,"MEINUNG • Nach den Pager-Attentaten im Libanon: Eine Welt, in der man keinem elektronischen Gerät mehr trauen kann",2024-09-22,not_in_manifest,central,live,,https://www.spiegel.de/wissenschaft/mensch/pager-attentate-im-libanon-der-kalte-cyberkrieg-hat-laengst-begonnen-kolumne-a-59329438-3fad-4a31-9866-37ca381267db,,,accessible via live
spiegel,https://www.spiegel.de/ausland/israel-greift-neue-hisbollah-ziele-im-libanon-an-a-c77c650a-cb33-4f93-bf39-26eee691b6c4#ref=rss,Israel greift neue Hisbollah-Ziele im Libanon an,2024-09-23,in_manifest_not_candidate,mention,live,,https://www.spiegel.de/ausland/israel-greift-neue-hisbollah-ziele-im-libanon-an-a-c77c650a-cb33-4f93-bf39-26eee691b6c4#ref=rss,,,manifest tag: spiegel|untagged|cdx; accessible via live
spiegel,https://www.spiegel.de/ausland/libanon-meldet-100-tote-und-400-verletzte-nach-luftschlaegen-aus-israel-a-e5b096dc-9037-4217-9c83-93858b33a34f,Raketen auf die Hisbollah: Libanon meldet mindestens 274 Tote – Israel warnt vor Luftschlägen auch im Osten,2024-09-23,in_manifest_not_candidate,mention,live,,https://www.spiegel.de/ausland/libanon-meldet-100-tote-und-400-verletzte-nach-luftschlaegen-aus-israel-a-e5b096dc-9037-4217-9c83-93858b33a34f,,,manifest tag: spiegel|untagged|cdx; accessible via live
spiegel,https://www.spiegel.de/ausland/israel-greift-libanon-an-hunderte-tote-bei-militaeraktion-pfeile-des-nordens-der-ueberblick-a-d87ece15-ed81-40be-9261-e720cb341a5d,Israel greift Libanon an: Hunderte Tote bei Militäraktion »Pfeile des Nordens« – der Überblick,2024-09-24,in_manifest_not_candidate,central,live,,https://www.spiegel.de/ausland/israel-greift-libanon-an-hunderte-tote-bei-militaeraktion-pfeile-des-nordens-der-ueberblick-a-d87ece15-ed81-40be-9261-e720cb341a5d,,,manifest tag: spiegel|untagged|cdx; accessible via live
spiegel,https://www.spiegel.de/ausland/israel-libanon-israels-militaer-greift-im-libanon-an-menschen-fliehen-in-ihren-autos-a-c5bb4533-06ce-4b81-81d7-527c36aae681#ref=rss,Israel/Libanon: Israels Militär greift im Libanon an,2024-09-24,in_manifest_not_candidate,mention,live,,https://www.spiegel.de/ausland/israel-libanon-israels-militaer-greift-im-libanon-an-menschen-fliehen-in-ihren-autos-a-c5bb4533-06ce-4b81-81d7-527c36aae681#ref=rss,,,manifest tag: spiegel|untagged|cdx; accessible via live
spiegel,https://www.spiegel.de/ausland/news-hisbollah-libanon-uno-generalversammlung-olaf-scholz-nebraska-donald-trump-a-1350acd0-b1a7-44a5-921d-c2a542a98f2d#ref=rss,Die Lage am Morgen – Israel steuert auf einen Libanonkrieg zu,2024-09-24,in_manifest_not_candidate,mention,live,,https://www.spiegel.de/ausland/news-hisbollah-libanon-uno-generalversammlung-olaf-scholz-nebraska-donald-trump-a-1350acd0-b1a7-44a5-921d-c2a542a98f2d#ref=rss,,,manifest tag: spiegel|untagged|cdx; accessible via live
tagesschau,https://www.tagesschau.de/newsticker/liveblog-nahost-dienstag-180.html,Nahost-Liveblog: ++ Blinken reist zu Verhandlungen nach Ägypten ++,2024-09-17,live_blog,central,wayback,20240918074739,https://web.archive.org/web/20240918074739id_/https://www.tagesschau.de/newsticker/liveblog-nahost-dienstag-180.html,,20240917025227 20240917060124 20240917145157 20240917145208 20240917160201 20240917181645 20240918010047 20240918074739,not in manifest; accessible via wayback capture 20240918074739
tagesschau,https://www.tagesschau.de/wirtschaft/verbraucher/lufthansa-tel-aviv-teheran-100.html,Lufthansa und Air France setzen Flüge nach Tel Aviv aus,2024-09-17,not_in_manifest,central,live,,https://www.tagesschau.de/wirtschaft/verbraucher/lufthansa-tel-aviv-teheran-100.html,,,accessible via live
tagesschau,https://www.tagesschau.de/inland/innenpolitik/geheimdienste-100.html,Geheimdienste: Wenn Staaten heimlich töten,2024-09-18,in_manifest_not_candidate,central,live,,https://www.tagesschau.de/inland/innenpolitik/geheimdienste-100.html,,,manifest tag: tagesschau|untagged|cdx; accessible via live
tagesschau,https://www.tagesschau.de/newsticker/liveblog-nahost-mittwoch-178.html,Nahost-Liveblog: ++ Zahl der Toten nach Pager-Explosionen steigt auf zwölf ++,2024-09-18,live_blog,central,wayback,20240919011105,https://web.archive.org/web/20240919011105id_/https://www.tagesschau.de/newsticker/liveblog-nahost-mittwoch-178.html,,20240918122955 20240918125530 20240918145243 20240918145252 20240918150143 20240918163949 20240918165433 20240919011105,not in manifest; accessible via wayback capture 20240919011105
tagesschau,https://www.tagesschau.de/ausland/asien/israel-hisbollah-kriegsfront-verschiebt-sich-100.html,"Israels Verteidigungsminister kündigt ""neue Phase"" des Krieges an",2024-09-19,in_manifest_not_candidate,mention,live,,https://www.tagesschau.de/ausland/asien/israel-hisbollah-kriegsfront-verschiebt-sich-100.html,,,manifest tag: tagesschau|untagged|cdx; accessible via live
tagesschau,https://www.tagesschau.de/ausland/asien/libanon-israel-nahostkrieg-rede-nasrallah-100.html,"Hisbollah-Chef Nasrallah sieht ""alle roten Linien überschritten""",2024-09-19,in_manifest_not_candidate,central,live,,https://www.tagesschau.de/ausland/asien/libanon-israel-nahostkrieg-rede-nasrallah-100.html,,,manifest tag: tagesschau|untagged|cdx; accessible via live
tagesschau,https://www.tagesschau.de/inland/innenpolitik/waffen-israel-deutschland-100.html,Rüstungsexporte nach Israel: Welche Waffen liefert Deutschland?,2024-09-19,in_manifest_not_candidate,central,live,,https://www.tagesschau.de/inland/innenpolitik/waffen-israel-deutschland-100.html,,,manifest tag: tagesschau|untagged|cdx; accessible via live
tagesschau,https://www.tagesschau.de/newsticker/liveblog-nahost-donnerstag-188.html,Nahost-Liveblog: ++ Israel meldet neue Luftangriffe im Libanon ++,2024-09-19,live_blog,central,wayback,20240920012919,https://web.archive.org/web/20240920012919id_/https://www.tagesschau.de/newsticker/liveblog-nahost-donnerstag-188.html,,20240919152527 20240919152707 20240919162447 20240920012919 20240920095215 20240920095219 20240920194400 20240921103742,not in manifest; accessible via wayback capture 20240920012919
tagesschau,https://www.tagesschau.de/ausland/asien/libanon-israel-krieg-100.html,Israelischer Luftangriff auf libanesische Hauptstadt Beirut,2024-09-20,in_manifest_not_candidate,mention,wayback,20240920152748,https://web.archive.org/web/20240920152748id_/https://www.tagesschau.de/ausland/asien/libanon-israel-krieg-100.html,,,manifest tag: tagesschau|untagged|cdx; accessible via wayback capture 20240920152748
tagesschau,https://www.tagesschau.de/newsticker/liveblog-nahost-freitag-184.html,Nahost-Liveblog: ++ Großbritannien fordert Waffenstillstand ++,2024-09-20,live_blog,mention,wayback,20240920055311,https://web.archive.org/web/20240920055311id_/https://www.tagesschau.de/newsticker/liveblog-nahost-freitag-184.html,,20240920055311 20240920055442 20240920075639 20240921013724,not in manifest; accessible via wayback capture 20240920055311
tagesschau,https://www.tagesschau.de/ausland/libanon-lage-100.html,Welche Folgen haben die Angriffe für die Hisbollah?,2024-09-21,in_manifest_not_candidate,central,live,,https://www.tagesschau.de/ausland/libanon-lage-100.html,,,manifest tag: tagesschau|untagged|cdx; accessible via live
tagesschau,https://www.tagesschau.de/newsticker/liveblog-nahost-samstag-184.html,Nahost-Liveblog: ++ Hisbollah meldet Tod von weiterem Befehlshaber ++,2024-09-21,live_blog,mention,wayback,20240921061515,https://web.archive.org/web/20240921061515id_/https://www.tagesschau.de/newsticker/liveblog-nahost-samstag-184.html,,20240921061515 20240921063553 20240921072139 20240921080539 20240921120812 20240922014525 20240922062123,not in manifest; accessible via wayback capture 20240921061515
tagesschau,https://www.tagesschau.de/newsticker/liveblog-nahost-sonntag-188.html,Nahost-Liveblog: ++ Israel stürmt Al-Dschasira-Büro im Westjordanland ++,2024-09-21,live_blog,mention,wayback,20240923194334,https://web.archive.org/web/20240923194334id_/https://www.tagesschau.de/newsticker/liveblog-nahost-sonntag-188.html,,20240921235845 20240922001523 20240922014029 20240922022031 20240923005112 20240923125102 20240923194334,not in manifest; accessible via wayback capture 20240923194334
tagesschau,https://www.tagesschau.de/ausland/asien/israel-libanon-konflikt-100.html,Israel und Hisbollah weiten gegenseitige Angriffe aus,2024-09-22,in_manifest_not_candidate,mention,live,,https://www.tagesschau.de/ausland/asien/israel-libanon-konflikt-100.html,,,manifest tag: tagesschau|untagged|cdx; accessible via live
tagesschau,https://www.tagesschau.de/ausland/asien/libanon-israel-hisbollah-100.html,"Israels Angriffe im Libanon: ""Die Hisbollah ist sehr geschwächt""",2024-09-24,in_manifest_not_candidate,mention,live,,https://www.tagesschau.de/ausland/asien/libanon-israel-hisbollah-100.html,,,manifest tag: tagesschau|untagged|cdx; accessible via live
tonline,https://www.t-online.de/nachrichten/ausland/internationale-politik/id_100491694/lufthansa-setzt-fluege-nach-tel-aviv-und-teheran-aus-nahostkonflikt.html,Lufthansa setzt Flüge nach Tel Aviv und Teheran aus,2024-09-17,in_manifest_not_candidate,mention,live,,https://www.t-online.de/nachrichten/ausland/internationale-politik/id_100491694/lufthansa-setzt-fluege-nach-tel-aviv-und-teheran-aus-nahostkonflikt.html,,,manifest tag: tonline|untagged|cdx; accessible via live
tonline,https://www.t-online.de/tv/nachrichten/politik/id_100491564/libanon-zahlreiche-hisbollah-mitglieder-bei-pager-explosion-verletzt.html,Zahlreiche Hisbollah-Mitglieder bei Pager-Explosion verletzt,2024-09-17,not_in_manifest,central,live,,https://www.t-online.de/tv/nachrichten/politik/id_100491564/libanon-zahlreiche-hisbollah-mitglieder-bei-pager-explosion-verletzt.html,,,accessible via live
tonline,https://www.t-online.de/nachrichten/ausland/id_100491776/lufthansa-und-air-france-setzen-fluege-nach-israel-aus.html,Lufthansa und Air France setzen Flüge nach Israel aus,2024-09-18,in_manifest_not_candidate,mention,live,,https://www.t-online.de/nachrichten/ausland/id_100491776/lufthansa-und-air-france-setzen-fluege-nach-israel-aus.html,,,manifest tag: tonline|untagged|cdx; accessible via live
tonline,https://www.t-online.de/nachrichten/ausland/internationale-politik/id_100492502/israel-verlegt-truppen-nach-norden-eskalation-in-nahost-befuerchtet.html,"Israel: ""Neue Phase des Kriegs"" – Verlegung von Truppen in den Norden angekündigt",2024-09-18,in_manifest_not_candidate,central,live,,https://www.t-online.de/nachrichten/ausland/internationale-politik/id_100492502/israel-verlegt-truppen-nach-norden-eskalation-in-nahost-befuerchtet.html,,,manifest tag: tonline|untagged|cdx; accessible via live
tonline,https://www.t-online.de/tv/nachrichten/politik/id_100492512/hisbollah-im-libanon-ueberwachungskamera-filmt-explosion.html,Überwachungskamera filmt Explosion,2024-09-18,not_in_manifest,central,live,,https://www.t-online.de/tv/nachrichten/politik/id_100492512/hisbollah-im-libanon-ueberwachungskamera-filmt-explosion.html,,,accessible via live
tonline,https://www.t-online.de/nachrichten/ausland/id_100492808/vom-iran-fuer-morde-rekrutiert-israeli-festgenommen.html,Vom Iran für Morde rekrutiert? - Israeli festgenommen,2024-09-19,in_manifest_not_candidate,mention,live,,https://www.t-online.de/nachrichten/ausland/id_100492808/vom-iran-fuer-morde-rekrutiert-israeli-festgenommen.html,,,manifest tag: tonline|untagged|cdx; accessible via live
tonline,https://www.t-online.de/nachrichten/ausland/id_100493586/tote-vom-dach-gestossen-israels-armee-untersucht-vorfall.html,Tote vom Dach gestoßen? - Israels Armee untersucht Vorfall,2024-09-20,in_manifest_not_candidate,mention,live,,https://www.t-online.de/nachrichten/ausland/id_100493586/tote-vom-dach-gestossen-israels-armee-untersucht-vorfall.html,,,manifest tag: tonline|untagged|cdx; accessible via live
tonline,https://www.t-online.de/nachrichten/ausland/id_100493774/eskalation-in-nahost-nur-dann-wird-der-iran-eingreifen.html,Eskalation in Nahost: Nur dann wird der Iran eingreifen,2024-09-20,in_manifest_not_candidate,central,live,,https://www.t-online.de/nachrichten/ausland/id_100493774/eskalation-in-nahost-nur-dann-wird-der-iran-eingreifen.html,,,manifest tag: tonline|untagged|cdx; accessible via live
tonline,https://www.t-online.de/nachrichten/ausland/id_100494228/armeesprecher-hisbollah-plante-ueberfall-auf-israel.html,Armeesprecher: Hisbollah plante Überfall auf Israel,2024-09-21,not_in_manifest,mention,live,,https://www.t-online.de/nachrichten/ausland/id_100494228/armeesprecher-hisbollah-plante-ueberfall-auf-israel.html,,,accessible via live
tonline,https://www.t-online.de/nachrichten/ausland/id_100494568/israels-armee-400-stellungen-der-hisbollah-angegriffen.html,Israels Armee: 400 Stellungen der Hisbollah angegriffen,2024-09-21,in_manifest_not_candidate,mention,live,,https://www.t-online.de/nachrichten/ausland/id_100494568/israels-armee-400-stellungen-der-hisbollah-angegriffen.html,,,manifest tag: tonline|untagged|cdx; accessible via live
tonline,https://www.t-online.de/nachrichten/kolumne-gerhard-spoerl/id_100495356/israel-gegen-die-hisbollah-auf-dem-schnellsten-weg-ins-chaos.html,Israel gegen die Hisbollah: Wird Iran direkt in den Konflikt eingreifen?,2024-09-23,in_manifest_not_candidate,mention,live,,https://www.t-online.de/nachrichten/kolumne-gerhard-spoerl/id_100495356/israel-gegen-die-hisbollah-auf-dem-schnellsten-weg-ins-chaos.html,,,manifest tag: tonline|untagged|cdx; accessible via live
tonline,https://www.t-online.de/nachrichten/ausland/id_100495852/israel-plant-schon-naechste-phasen-im-kampf-gegen-hisbollah.html,Israel plant schon «nächste Phasen» im Kampf gegen Hisbollah,2024-09-24,in_manifest_not_candidate,mention,live,,https://www.t-online.de/nachrichten/ausland/id_100495852/israel-plant-schon-naechste-phasen-im-kampf-gegen-hisbollah.html,,,manifest tag: tonline|untagged|cdx; accessible via live
tonline,https://www.t-online.de/nachrichten/ausland/internationale-politik/id_100496120/nahostkonflikt-israel-bombardiert-hisbollah-im-libanon-washington-besorgt.html,Nahostkonflikt: Israel bombardiert Hisbollah im Libanon – Washington besorgt,2024-09-24,in_manifest_not_candidate,mention,live,,https://www.t-online.de/nachrichten/ausland/internationale-politik/id_100496120/nahostkonflikt-israel-bombardiert-hisbollah-im-libanon-washington-besorgt.html,,,manifest tag: tonline|untagged|cdx; accessible via live
welt,https://www.welt.de/newsticker/dpa_nt/afxline/topthemen/article253558698/Hunderte-Verletzte-nach-Explosionen-im-Libanon.html,Hunderte Verletzte nach Explosionen im Libanon,2024-09-17,not_in_manifest,central,live,,https://www.welt.de/newsticker/dpa_nt/afxline/topthemen/article253558698/Hunderte-Verletzte-nach-Explosionen-im-Libanon.html,,,"automated wire-feed page (WELT dpa newsticker / RTL teletext), not an editorial article; accessible via live"
welt,https://www.welt.de/newsticker/dpa_nt/infoline_nt/politik_ausland_nt/article253560818/Pager-Der-nicht-ortbare-Handy-Vorlaeufer.html,Pager: Der nicht ortbare Handy-Vorläufer,2024-09-17,not_in_manifest,central,live,,https://www.welt.de/newsticker/dpa_nt/infoline_nt/politik_ausland_nt/article253560818/Pager-Der-nicht-ortbare-Handy-Vorlaeufer.html,,,"automated wire-feed page (WELT dpa newsticker / RTL teletext), not an editorial article; accessible via live"
welt,https://www.welt.de/politik/ausland/plus253561588/Libanon-Es-befand-sich-Plastiksprengstoff-RDX-in-den-Batterien.html,Libanon: „Es befand sich Plastiksprengstoff RDX in den Batterien“,2024-09-17,not_in_manifest,central,live,,https://www.welt.de/politik/ausland/plus253561588/Libanon-Es-befand-sich-Plastiksprengstoff-RDX-in-den-Batterien.html,yes,,paywalled (teaser/lead only on the fetched copy); accessible via live
welt,https://www.welt.de/newsticker/dpa_nt/afxline/topthemen/article253562338/Berichte-Funkgeraete-waren-wohl-mit-Sprengstoff-bestueckt.html,Berichte: Funkgeräte waren wohl mit Sprengstoff bestückt,2024-09-18,not_in_manifest,central,live,,https://www.welt.de/newsticker/dpa_nt/afxline/topthemen/article253562338/Berichte-Funkgeraete-waren-wohl-mit-Sprengstoff-bestueckt.html,,,"automated wire-feed page (WELT dpa newsticker / RTL teletext), not an editorial article; accessible via live"
welt,https://www.welt.de/newsticker/dpa_nt/afxline/topthemen/article253563900/Iran-schickt-Rettungsteams-in-den-Libanon.html,Iran schickt Rettungsteams in den Libanon,2024-09-18,not_in_manifest,central,live,,https://www.welt.de/newsticker/dpa_nt/afxline/topthemen/article253563900/Iran-schickt-Rettungsteams-in-den-Libanon.html,,,"automated wire-feed page (WELT dpa newsticker / RTL teletext), not an editorial article; accessible via live"
welt,https://www.welt.de/newsticker/dpa_nt/afxline/topthemen/article253563996/Pager-Explosionen-im-Libanon-Was-wir-wissen-und-was-nicht.html,Pager-Explosionen im Libanon: Was wir wissen und was nicht,2024-09-18,not_in_manifest,central,live,,https://www.welt.de/newsticker/dpa_nt/afxline/topthemen/article253563996/Pager-Explosionen-im-Libanon-Was-wir-wissen-und-was-nicht.html,,,"automated wire-feed page (WELT dpa newsticker / RTL teletext), not an editorial article; accessible via live"
welt,https://www.welt.de/newsticker/dpa_nt/infoline_nt/politik_ausland_nt/article253562356/Lufthansa-und-Air-France-setzen-Fluege-nach-Israel-aus.html,Lufthansa und Air France setzen Flüge nach Israel aus,2024-09-18,not_in_manifest,central,live,,https://www.welt.de/newsticker/dpa_nt/infoline_nt/politik_ausland_nt/article253562356/Lufthansa-und-Air-France-setzen-Fluege-nach-Israel-aus.html,,,"automated wire-feed page (WELT dpa newsticker / RTL teletext), not an editorial article; accessible via live"
welt,https://www.welt.de/newsticker/dpa_nt/infoline_nt/politik_ausland_nt/article253575922/Kreise-Erneut-Explosionen-im-Libanon.html,Kreise: Erneut Explosionen im Libanon,2024-09-18,not_in_manifest,central,live,,https://www.welt.de/newsticker/dpa_nt/infoline_nt/politik_ausland_nt/article253575922/Kreise-Erneut-Explosionen-im-Libanon.html,,,"automated wire-feed page (WELT dpa newsticker / RTL teletext), not an editorial article; accessible via live"
welt,https://www.welt.de/newsticker/dpa_nt/infoline_nt/politik_ausland_nt/article253579308/Galant-Fokus-verschiebt-sich-auf-Nord-Front.html,Galant: Fokus verschiebt sich auf Nord-Front,2024-09-18,not_in_manifest,mention,live,,https://www.welt.de/newsticker/dpa_nt/infoline_nt/politik_ausland_nt/article253579308/Galant-Fokus-verschiebt-sich-auf-Nord-Front.html,,,"automated wire-feed page (WELT dpa newsticker / RTL teletext), not an editorial article; accessible via live"
welt,https://www.welt.de/politik/ausland/video253562668/Bericht-der-New-York-Times-Israelischer-Geheimdienst-soll-Pager-Lieferung-abgefangen-und-mit-Sprengstoff-praepariert-haben.html,Bericht der „New York Times“: Israelischer Geheimdienst soll Pager-Lieferung abgefangen und mit Sprengstoff präpariert haben,2024-09-18,not_in_manifest,central,live,,https://www.welt.de/politik/ausland/video253562668/Bericht-der-New-York-Times-Israelischer-Geheimdienst-soll-Pager-Lieferung-abgefangen-und-mit-Sprengstoff-praepariert-haben.html,,,video page; accessible via live
welt,https://www.welt.de/politik/ausland/video253563392/Pager-im-Libanon-explodiert-Begrenzter-Krieg-seit-neun-Monaten-Seit-dem-7-Oktober-beschiesst-die-Hisbollah-Israel.html,Pager im Libanon explodiert: „Begrenzter Krieg seit neun Monaten – Seit dem 7. Oktober beschießt die Hisbollah Israel“,2024-09-18,not_in_manifest,central,live,,https://www.welt.de/politik/ausland/video253563392/Pager-im-Libanon-explodiert-Begrenzter-Krieg-seit-neun-Monaten-Seit-dem-7-Oktober-beschiesst-die-Hisbollah-Israel.html,,,video page; accessible via live
welt,https://www.welt.de/politik/ausland/video253574524/Krise-in-Nahost-Pager-Explosionen-im-Libanon-und-Syrien-USA-bestreiten-Beteiligung.html,Krise in Nahost: Pager-Explosionen im Libanon und Syrien – USA bestreiten Beteiligung,2024-09-18,not_in_manifest,central,live,,https://www.welt.de/politik/ausland/video253574524/Krise-in-Nahost-Pager-Explosionen-im-Libanon-und-Syrien-USA-bestreiten-Beteiligung.html,,,video page; accessible via live
welt,https://www.welt.de/politik/ausland/video253575702/Pager-Explosionen-im-Libanon-Wir-werden-weiter-diese-Art-von-Operationen-erleben.html,Pager-Explosionen im Libanon: „Wir werden weiter diese Art von Operationen erleben“,2024-09-18,not_in_manifest,central,live,,https://www.welt.de/politik/ausland/video253575702/Pager-Explosionen-im-Libanon-Wir-werden-weiter-diese-Art-von-Operationen-erleben.html,,,video page; accessible via live
welt,https://www.welt.de/politik/ausland/video253576366/Walkie-Talkie-Explosionen-Es-ist-auch-ein-grosser-psychologischer-Schlag-gegen-die-Terroristen.html,„Es ist auch ein großer psychologischer Schlag gegen die Terroristen“,2024-09-18,not_in_manifest,central,live,,https://www.welt.de/politik/ausland/video253576366/Walkie-Talkie-Explosionen-Es-ist-auch-ein-grosser-psychologischer-Schlag-gegen-die-Terroristen.html,,,video page; accessible via live
welt,https://www.welt.de/politik/ausland/video253579012/Walkie-Talkie-Explosion-Wenn-ein-Geheimdienst-Operationen-unternimmt-wird-es-weder-bestaetigt-noch-abgestritten.html,"„Wenn ein Geheimdienst Operationen unternimmt, wird es weder bestätigt noch abgestritten“",2024-09-18,not_in_manifest,central,live,,https://www.welt.de/politik/ausland/video253579012/Walkie-Talkie-Explosion-Wenn-ein-Geheimdienst-Operationen-unternimmt-wird-es-weder-bestaetigt-noch-abgestritten.html,,,video page; accessible via live
welt,https://www.welt.de/politik/deutschland/video253562748/Nach-Pager-Attacke-im-Libanon-Lufthansa-setzt-Fluege-nach-Israel-und-Iran-aus.html,Nach Pager-Attacke im Libanon: Lufthansa setzt Flüge nach Israel und Iran aus,2024-09-18,not_in_manifest,central,live,,https://www.welt.de/politik/deutschland/video253562748/Nach-Pager-Attacke-im-Libanon-Lufthansa-setzt-Fluege-nach-Israel-und-Iran-aus.html,,,video page; accessible via live
welt,https://www.welt.de/satire/article253564698/Um-immer-in-Kontakt-zu-bleiben-Soeder-schenkt-Merz-Pager.html,Um immer in Kontakt zu bleiben: Söder schenkt Merz Pager,2024-09-18,not_in_manifest,central,live,,https://www.welt.de/satire/article253564698/Um-immer-in-Kontakt-zu-bleiben-Soeder-schenkt-Merz-Pager.html,,,accessible via live
welt,https://www.welt.de/sport/eishockey/article253563958/Vor-Saisonstart-DEL-Klubs-fordern-Aenderung-der-kuriosen-Abstiegsregelung.html,Vor Saisonstart: DEL-Klubs fordern Änderung der kuriosen Abstiegsregelung,2024-09-18,not_in_manifest,mention,live,,https://www.welt.de/sport/eishockey/article253563958/Vor-Saisonstart-DEL-Klubs-fordern-Aenderung-der-kuriosen-Abstiegsregelung.html,,,accessible via live
welt,https://www.welt.de/debatte/kommentare/article253591616/Neue-Geraete-Attacke-Israels-triumphaler-Angriff-ist-kein-Ersatz-fuer-eine-Strategie.html,Neue Geräte-Attacke: Israels triumphaler Angriff ist kein Ersatz für eine Strategie,2024-09-19,not_in_manifest,central,live,,https://www.welt.de/debatte/kommentare/article253591616/Neue-Geraete-Attacke-Israels-triumphaler-Angriff-ist-kein-Ersatz-fuer-eine-Strategie.html,,,accessible via live
welt,https://www.welt.de/newsticker/dpa_nt/infoline_nt/politik_ausland_nt/article253582014/Vom-Iran-fuer-Morde-rekrutiert-Israeli-festgenommen.html,Vom Iran für Morde rekrutiert? - Israeli festgenommen,2024-09-19,not_in_manifest,mention,live,,https://www.welt.de/newsticker/dpa_nt/infoline_nt/politik_ausland_nt/article253582014/Vom-Iran-fuer-Morde-rekrutiert-Israeli-festgenommen.html,,,"automated wire-feed page (WELT dpa newsticker / RTL teletext), not an editorial article; accessible via live"
welt,https://www.welt.de/newsticker/dpa_nt/infoline_nt/politik_ausland_nt/article253583560/Berichte-Verletzte-in-Israel-nach-Beschuss-aus-dem-Libanon.html,Berichte: Verletzte in Israel nach Beschuss aus dem Libanon,2024-09-19,not_in_manifest,central,live,,https://www.welt.de/newsticker/dpa_nt/infoline_nt/politik_ausland_nt/article253583560/Berichte-Verletzte-in-Israel-nach-Beschuss-aus-dem-Libanon.html,,,"automated wire-feed page (WELT dpa newsticker / RTL teletext), not an editorial article; accessible via live"
welt,https://www.welt.de/podcasts/article253575422/Pager-und-Walkie-Talkie-Attacke-So-koennte-die-Hisbollah-reagieren-Podcast.html,Pager- und Walkie-Talkie-Attacke – So könnte die Hisbollah reagieren – Podcast,2024-09-19,not_in_manifest,central,live,,https://www.welt.de/podcasts/article253575422/Pager-und-Walkie-Talkie-Attacke-So-koennte-die-Hisbollah-reagieren-Podcast.html,,,accessible via live
welt,https://www.welt.de/politik/ausland/video253580434/Libanon-Nach-Pager-und-Walkie-Talkie-Explosionen-UN-Sicherheitsrat-beruft-Dringlichkeitssitzung-ein.html,Libanon: Nach Pager- und Walkie-Talkie-Explosionen – UN-Sicherheitsrat beruft Dringlichkeitssitzung ein,2024-09-19,not_in_manifest,central,live,,https://www.welt.de/politik/ausland/video253580434/Libanon-Nach-Pager-und-Walkie-Talkie-Explosionen-UN-Sicherheitsrat-beruft-Dringlichkeitssitzung-ein.html,,,video page; accessible via live
welt,https://www.welt.de/politik/ausland/video253581622/Explosionen-im-Libanon-Niemand-in-der-Hisbollah-hat-mit-einem-derartigen-Angriff-gerechnet.html,Explosionen im Libanon: „Niemand in der Hisbollah hat mit einem derartigen Angriff gerechnet“,2024-09-19,not_in_manifest,central,live,,https://www.welt.de/politik/ausland/video253581622/Explosionen-im-Libanon-Niemand-in-der-Hisbollah-hat-mit-einem-derartigen-Angriff-gerechnet.html,,,video page; accessible via live
welt,https://www.welt.de/politik/ausland/video253582138/Israelischer-Geheimdienst-Adolf-Eichmann-Gift-explodierende-Telefone-Die-spektakulaersten-Mossad-Operationen.html,"Israelischer Geheimdienst: Adolf Eichmann, Gift, explodierende Telefone – Die spektakulärsten Mossad-Operationen",2024-09-19,not_in_manifest,central,live,,https://www.welt.de/politik/ausland/video253582138/Israelischer-Geheimdienst-Adolf-Eichmann-Gift-explodierende-Telefone-Die-spektakulaersten-Mossad-Operationen.html,,,video page; accessible via live
welt,https://www.welt.de/politik/ausland/video253582354/Libanon-Das-ist-bislang-ueber-die-explodierten-Pager-und-Walkie-Talkies-im-Libanon-bekannt.html,Libanon: Das ist bislang über die explodierten Pager und Walkie-Talkies im Libanon bekannt,2024-09-19,not_in_manifest,central,live,,https://www.welt.de/politik/ausland/video253582354/Libanon-Das-ist-bislang-ueber-die-explodierten-Pager-und-Walkie-Talkies-im-Libanon-bekannt.html,,,video page; accessible via live
welt,https://www.welt.de/politik/ausland/video253585622/Hisbollah-Geraete-explodiert-Auch-ein-hochrangiger-Iraner-der-den-gleichen-Pager-hat-wurde-getroffen.html,"Hisbollah-Geräte explodiert: „Auch ein hochrangiger Iraner, der den gleichen Pager hat, wurde getroffen“",2024-09-19,not_in_manifest,central,live,,https://www.welt.de/politik/ausland/video253585622/Hisbollah-Geraete-explodiert-Auch-ein-hochrangiger-Iraner-der-den-gleichen-Pager-hat-wurde-getroffen.html,,,video page; accessible via live
welt,https://www.welt.de/politik/ausland/video253587160/Anschlag-mit-Walkie-Talkies-Es-liegt-vor-allem-an-der-Hisbollah-wie-sich-dieser-Konflikt-weiter-entwickelt.html,"Anschlag mit Walkie-Talkies: „Es liegt vor allem an der Hisbollah, wie sich dieser Konflikt weiter entwickelt“",2024-09-19,not_in_manifest,central,live,,https://www.welt.de/politik/ausland/video253587160/Anschlag-mit-Walkie-Talkies-Es-liegt-vor-allem-an-der-Hisbollah-wie-sich-dieser-Konflikt-weiter-entwickelt.html,,,video page; accessible via live
welt,https://www.welt.de/politik/ausland/video253590082/Schlag-gegen-Terrormiliz-Ich-kann-keine-grosse-strategische-Schwaechung-der-Hisbollah-entdecken.html,Schlag gegen Terrormiliz: „Ich kann keine große strategische Schwächung der Hisbollah entdecken“,2024-09-19,not_in_manifest,central,live,,https://www.welt.de/politik/ausland/video253590082/Schlag-gegen-Terrormiliz-Ich-kann-keine-grosse-strategische-Schwaechung-der-Hisbollah-entdecken.html,,,video page; accessible via live
welt,https://www.welt.de/politik/ausland/video253593776/Livestream-Nach-Explosion-von-Pagern-im-Libanon-Hisbollah-Chef-Nasrallah-haelt-Rede.html,Livestream +++Nach Explosion von Pagern im Libanon – Hisbollah-Chef Nasrallah hält Rede,2024-09-19,live_blog,central,wayback,20240919140615,https://web.archive.org/web/20240919140615id_/https://www.welt.de/politik/ausland/video253593776/Livestream-Nach-Explosion-von-Pagern-im-Libanon-Hisbollah-Chef-Nasrallah-haelt-Rede.html,,,video page; not in manifest; accessible via wayback capture 20240919140615
welt,https://www.welt.de/politik/ausland/video253599038/Nach-Explosion-von-Pagern-Von-Seiten-der-Hisbollah-wird-ein-Gegenschlag-nicht-moeglich-sein.html,Nach Explosion von Pagern: „Von Seiten der Hisbollah wird ein Gegenschlag nicht möglich sein“,2024-09-19,not_in_manifest,central,live,,https://www.welt.de/politik/ausland/video253599038/Nach-Explosion-von-Pagern-Von-Seiten-der-Hisbollah-wird-ein-Gegenschlag-nicht-moeglich-sein.html,,,video page; accessible via live
welt,https://www.welt.de/newsticker/dpa_nt/afxline/topthemen/article253601904/Israel-fliegt-nach-Beschuss-massive-Angriffe-im-Libanon.html,Israel fliegt nach Beschuss massive Angriffe im Libanon,2024-09-20,not_in_manifest,mention,live,,https://www.welt.de/newsticker/dpa_nt/afxline/topthemen/article253601904/Israel-fliegt-nach-Beschuss-massive-Angriffe-im-Libanon.html,,,"automated wire-feed page (WELT dpa newsticker / RTL teletext), not an editorial article; accessible via live"
welt,https://www.welt.de/newsticker/dpa_nt/infoline_nt/politik_ausland_nt/article253603988/Tote-vom-Dach-gestossen-Israels-Armee-untersucht-Vorfall.html,Tote vom Dach gestoßen? - Israels Armee untersucht Vorfall,2024-09-20,not_in_manifest,mention,live,,https://www.welt.de/newsticker/dpa_nt/infoline_nt/politik_ausland_nt/article253603988/Tote-vom-Dach-gestossen-Israels-Armee-untersucht-Vorfall.html,,,"automated wire-feed page (WELT dpa newsticker / RTL teletext), not an editorial article; accessible via live"
welt,https://www.welt.de/politik/ausland/article253602010/Libanon-Israel-greift-hunderte-Hisbollah-Ziele-an-Macron-richtet-Videobotschaft-an-Libanesen.html,Libanon: Israel greift hunderte Hisbollah-Ziele an – Macron richtet Videobotschaft an Libanesen,2024-09-20,not_in_manifest,mention,live,,https://www.welt.de/politik/ausland/article253602010/Libanon-Israel-greift-hunderte-Hisbollah-Ziele-an-Macron-richtet-Videobotschaft-an-Libanesen.html,,,accessible via live
welt,https://www.welt.de/politik/ausland/article253616868/Beirut-Israelische-Armee-greift-Ziel-an-Hisbollah-Kommandeur-soll-getoetet-worden-sein.html,Beirut: Israelische Armee greift Ziel an – Hisbollah-Kommandeur soll getötet worden sein,2024-09-20,not_in_manifest,mention,live,,https://www.welt.de/politik/ausland/article253616868/Beirut-Israelische-Armee-greift-Ziel-an-Hisbollah-Kommandeur-soll-getoetet-worden-sein.html,,,accessible via live
welt,https://www.welt.de/politik/ausland/article253628760/Israel-Libanons-Aussenminister-droht-mit-grosser-Explosion-und-dunklem-Zeitalter.html,Israel: Libanons Außenminister droht mit „großer Explosion“ und „dunklem Zeitalter“,2024-09-20,not_in_manifest,mention,live,,https://www.welt.de/politik/ausland/article253628760/Israel-Libanons-Aussenminister-droht-mit-grosser-Explosion-und-dunklem-Zeitalter.html,,,accessible via live
welt,https://www.welt.de/politik/ausland/video253579438/Walkie-Talkie-Explosionen-Man-will-einen-Krieg-vermeiden-indem-man-signalisiert-Wir-haben-euch.html,"Walkie-Talkie-Explosionen: „Man will einen Krieg vermeiden, indem man signalisiert – Wir haben euch“",2024-09-20,not_in_manifest,central,live,,https://www.welt.de/politik/ausland/video253579438/Walkie-Talkie-Explosionen-Man-will-einen-Krieg-vermeiden-indem-man-signalisiert-Wir-haben-euch.html,,,video page; accessible via live
welt,https://www.welt.de/politik/ausland/video253599618/Explosion-von-Pagern-Israel-hat-nach-einem-Jahr-Beschuss-aus-dem-Libanon-die-Schnauze-voll.html,Explosion von Pagern: „Israel hat nach einem Jahr Beschuss aus dem Libanon die Schnauze voll“,2024-09-20,not_in_manifest,central,live,,https://www.welt.de/politik/ausland/video253599618/Explosion-von-Pagern-Israel-hat-nach-einem-Jahr-Beschuss-aus-dem-Libanon-die-Schnauze-voll.html,,,video page; accessible via live
welt,https://www.welt.de/politik/ausland/video253604246/Hisbollah-Chef-Nasrallah-kann-nichts-anderes-ausser-drohen-und-Terror.html,"Hisbollah-Chef: „Nasrallah kann nichts anderes, außer drohen und Terror“",2024-09-20,not_in_manifest,central,live,,https://www.welt.de/politik/ausland/video253604246/Hisbollah-Chef-Nasrallah-kann-nichts-anderes-ausser-drohen-und-Terror.html,,,video page; accessible via live
welt,https://www.welt.de/newsticker/dpa_nt/afxline/topthemen/article253628972/Armeesprecher-Hisbollah-plante-Ueberfall-auf-Israel.html,Armeesprecher: Hisbollah plante Überfall auf Israel,2024-09-21,not_in_manifest,mention,live,,https://www.welt.de/newsticker/dpa_nt/afxline/topthemen/article253628972/Armeesprecher-Hisbollah-plante-Ueberfall-auf-Israel.html,,,"automated wire-feed page (WELT dpa newsticker / RTL teletext), not an editorial article; accessible via live"
welt,https://www.welt.de/newsticker/dpa_nt/afxline/topthemen/article253635438/Israels-Armee-400-Stellungen-der-Hisbollah-angegriffen.html,Israels Armee: 400 Stellungen der Hisbollah angegriffen,2024-09-21,not_in_manifest,mention,live,,https://www.welt.de/newsticker/dpa_nt/afxline/topthemen/article253635438/Israels-Armee-400-Stellungen-der-Hisbollah-angegriffen.html,,,"automated wire-feed page (WELT dpa newsticker / RTL teletext), not an editorial article; accessible via live"
welt,https://www.welt.de/politik/ausland/article253633946/Hochmoderne-Waffen-Iran-praesentiert-Drohnen-und-Rakete-vom-Typ-Dschihad-bei-Militaerparade.html,Hochmoderne Waffen: Iran präsentiert Drohnen und Rakete vom Typ „Dschihad“ bei Militärparade,2024-09-21,not_in_manifest,mention,live,,https://www.welt.de/politik/ausland/article253633946/Hochmoderne-Waffen-Iran-praesentiert-Drohnen-und-Rakete-vom-Typ-Dschihad-bei-Militaerparade.html,,,accessible via live
welt,https://www.welt.de/newsticker/dpa_nt/afxline/topthemen/article253640112/Israels-Angriffe-im-Libanon-Wie-reagiert-die-Hisbollah.html,Israels Angriffe im Libanon - Wie reagiert die Hisbollah?,2024-09-22,not_in_manifest,central,live,,https://www.welt.de/newsticker/dpa_nt/afxline/topthemen/article253640112/Israels-Angriffe-im-Libanon-Wie-reagiert-die-Hisbollah.html,,,"automated wire-feed page (WELT dpa newsticker / RTL teletext), not an editorial article; accessible via live"
welt,https://www.welt.de/politik/ausland/article253635056/Nahost-Konflikt-Israel-greift-Ziele-im-Suedlibanon-mit-dutzenden-Kampfflugzeugen-an.html,"Nahost-Konflikt: Israel greift Ziele im Südlibanon mit „dutzenden"" Kampfflugzeugen an",2024-09-22,not_in_manifest,mention,live,,https://www.welt.de/politik/ausland/article253635056/Nahost-Konflikt-Israel-greift-Ziele-im-Suedlibanon-mit-dutzenden-Kampfflugzeugen-an.html,,,accessible via live
welt,https://www.welt.de/politik/deutschland/video253579118/Meine-WELT-Meine-Meinung-Man-sollte-bei-der-Gaestewahl-sorgfaeltiger-sein-als-es-die-ARD-gewesen-ist.html,"Meine WELT – Meine Meinung: „Man sollte bei der Gästewahl sorgfältiger sein, als es die ARD gewesen ist“",2024-09-22,not_in_manifest,central,live,,https://www.welt.de/politik/deutschland/video253579118/Meine-WELT-Meine-Meinung-Man-sollte-bei-der-Gaestewahl-sorgfaeltiger-sein-als-es-die-ARD-gewesen-ist.html,,,video page; accessible via live
welt,https://www.welt.de/newsticker/dpa_nt/infoline_nt/politik_ausland_nt/article253647584/Israels-Armee-warnt-Einwohner-im-Sueden-des-Libanons.html,Israels Armee warnt Einwohner im Süden des Libanons,2024-09-23,not_in_manifest,mention,live,,https://www.welt.de/newsticker/dpa_nt/infoline_nt/politik_ausland_nt/article253647584/Israels-Armee-warnt-Einwohner-im-Sueden-des-Libanons.html,,,"automated wire-feed page (WELT dpa newsticker / RTL teletext), not an editorial article; accessible via live"
welt,https://www.welt.de/newsticker/dpa_nt/afxline/topthemen/article253667614/Israel-plant-schon-naechste-Phasen-im-Kampf-gegen-Hisbollah.html,Israel plant schon «nächste Phasen» im Kampf gegen Hisbollah,2024-09-24,not_in_manifest,mention,live,,https://www.welt.de/newsticker/dpa_nt/afxline/topthemen/article253667614/Israel-plant-schon-naechste-Phasen-im-Kampf-gegen-Hisbollah.html,,,"automated wire-feed page (WELT dpa newsticker / RTL teletext), not an editorial article; accessible via live"
welt,https://www.welt.de/politik/article253687090/Rede-des-US-Praesidenten-bei-UN-Generaldebatte-Joe-Bidens-Amerika-verabschiedet-sich.html,Rede des US-Präsidenten bei UN-Generaldebatte: Joe Bidens Amerika verabschiedet sich,2024-09-24,not_in_manifest,mention,live,,https://www.welt.de/politik/article253687090/Rede-des-US-Praesidenten-bei-UN-Generaldebatte-Joe-Bidens-Amerika-verabschiedet-sich.html,,,accessible via live
welt,https://www.welt.de/politik/ausland/article253647272/Naher-Osten-Hisbollah-erlebte-schlimmste-Woche-ihrer-Geschichte-Jetzt-erhoeht-Israel-den-Druck-auf-die-Hamas.html,"Naher Osten: Hisbollah erlebte „schlimmste Woche ihrer Geschichte"" – Jetzt erhöht Israel den Druck auf die Hamas",2024-09-24,not_in_manifest,mention,live,,https://www.welt.de/politik/ausland/article253647272/Naher-Osten-Hisbollah-erlebte-schlimmste-Woche-ihrer-Geschichte-Jetzt-erhoeht-Israel-den-Druck-auf-die-Hamas.html,,,accessible via live
zdfheute,https://www.zdf.de/nachrichten/politik/ausland/liveblog-eskalation-nahost-israel-100.html,Blog,2024-07-31,live_blog,mention,wayback,20240922161114,https://web.archive.org/web/20240922161114id_/https://www.zdf.de/nachrichten/politik/ausland/liveblog-eskalation-nahost-israel-100.html,,20240917114707 20240917125203 20240918230705 20240919113529 20240919114847 20240922161112 20240922161114 20240924024058 20240924153946 20240924194243 20240924230506 20240925053353 20240925075220 20240925154050 20240925180808 20240925220407 20240925230708,in manifest (zdfheute|untagged|cdx) but not a candidate; accessible via wayback capture 20240922161114
rnd,https://www.rnd.de/politik/liveticker-israel-und-nahost-krieg-aktuelle-news-und-informationen-22-9-2024-TENB5YC2Y5C45LMULAZY62C2DA.html,Liveticker: Israel und Nahost-Krieg – Aktuelle News und Informationen (22.9.2024),2024-09-22,live_blog_unverified,,wayback,,,,20240922043002 20240922043230 20240922043258 20240922103411 20240923005829,unverifiable live blog: captured HTML holds only 313 words (entries load client-side); not in reference set (mention unverifiable)
rnd,https://www.rnd.de/politik/liveticker-israel-und-nahost-krieg-aktuelle-news-und-informationen-24-9-2024-TENB5YC2Y5C45LMULAZY62C2DA.html,Liveticker: Israel und Nahost-Krieg – Aktuelle News und Informationen (24.9.2024),2024-09-24,live_blog_unverified,,wayback,,,,20240924043059 20240924043310 20240924043347 20240924182549 20240925012834 20240925025655,unverifiable live blog: captured HTML holds only 279 words (entries load client-side); not in reference set (mention unverifiable)
rnd,https://www.rnd.de/politik/liveticker-israel-und-nahost-krieg-aktuelle-news-und-informationen-17-9-2024-TENB5YC2Y5C45LMULAZY62C2DA.html,Live Der Krieg in Nahost im Liveblog Israels Inlandsgeheimdienst: Hisbollah-Anschlag auf Sicherheitsvertreter vereitelt,2024-09-17,live_blog_unverified,,wayback,,,,20240917073432 20240917094417 20240917105232 20240917201637 20240917201923 20240918011509,unverifiable live blog: captured HTML holds only 280 words (entries load client-side); not in reference set (mention unverifiable)
rnd,https://www.rnd.de/politik/liveticker-israel-und-nahost-krieg-aktuelle-news-und-informationen-19-9-2024-TENB5YC2Y5C45LMULAZY62C2DA.html,20 Tote und über 450 Verletzte nach erneuten Explosionen im Libanon – Sprengsätze wohl in Funkgeräten,2024-09-19,live_blog_unverified,,wayback,,,,20240919073022 20240919102811 20240919191720 20240920014437,unverifiable live blog: captured HTML holds only 277 words (entries load client-side); not in reference set (mention unverifiable)
rnd,https://www.rnd.de/politik/liveticker-israel-und-nahost-krieg-aktuelle-news-und-informationen-20-9-2024-TENB5YC2Y5C45LMULAZY62C2DA.html,Live Der Krieg in Nahost im Liveblog Israels Luftwaffe fliegt massive Angriffe im Libanon – Sorge vor Bodenoffensive,2024-09-20,live_blog_unverified,,wayback,,,,20240920043939 20240920225950 20240920225952 20240921015540,unverifiable live blog: captured HTML holds only 291 words (entries load client-side); not in reference set (mention unverifiable)
rnd,https://www.rnd.de/politik/liveticker-israel-und-nahost-krieg-aktuelle-news-und-informationen-21-9-2024-TENB5YC2Y5C45LMULAZY62C2DA.html,Live Der Krieg in Nahost im Liveblog Israels Luftwaffe fliegt massive Angriffe im Libanon – Sorge vor Bodenoffensive,2024-09-21,live_blog_unverified,,wayback,,,,20240921042210 20240921043416 20240922022124,unverifiable live blog: captured HTML holds only 328 words (entries load client-side); not in reference set (mention unverifiable)
rnd,https://www.rnd.de/politik/liveticker-israel-und-nahost-krieg-aktuelle-news-und-informationen-23-9-2024-TENB5YC2Y5C45LMULAZY62C2DA.html,Live Krieg in Nahost im Liveblog Libanon meldet 100 Tote nach israelischen Angriffen Im Nahen Osten gibt es weiter kaum eine Atempause – im Gegenteil. Die Lage zwischen Israel und dem Libanon droht zu eskalieren. Bei israelischen Angriffen auf das Nachbarland kommen etliche Menschen ums Leben. Alle,2024-09-23,live_blog_unverified,,wayback,,,,20240923064113 20240923064158 20240923074822 20240923083345 20240923094904 20240923110110 20240923111620 20240923123416 20240924011953,unverifiable live blog: captured HTML holds only 294 words (entries load client-side); not in reference set (mention unverifiable)
