outlet,tier,primary_route,fallback_route,test_url,test_result,event_window_coverage,robots_tdm_status,paywall,blocker,notes
Fox News,mass,direct,wayback,https://www.foxnews.com/world/lebanon-explosions-dozens-wounded-after-pagers-detonate-state-media-report,"ok 2026-09-06 (1549 p-words, JSON-LD date)",wayback 1048 URLs / 33 days,no AI-bot blocks at all; generic path disallows only,none,no,slug-only URLs - CDX + slug keyword tagging; no transcript archive
CNN,mass,direct,wayback,https://www.cnn.com/2024/09/17/middleeast/lebanon-hezbollah-pagers-explosions-intl/index.html,"ok 2026-09-06 (full body, JSON-LD date)",cnn.com/2024/09 prefix 3000+ / 30 days,broad AI blocks incl Archive.org_bot (unenforced - captures exist),none,no,date-path URLs + monthly section sitemaps; transcripts.cnn.com/date/2024-09-17 verified (8515-word segments) - collect as broadcast surface
ABC News,mass,wayback,none needed for window,https://web.archive.org/web/20240918012821/https://abcnews.go.com/International/wireStory/dozens-injured-lebanon-after-handheld-pagers-reportedly-explode-113754462,ok 2026-09-06 via capture (222 p-words); live URL 404s,wayback 5000+ / 32 days,AI bots blocked; Googlebot-News opt-out,none,no,2024 abcnews.go.com wireStory URLs dead after abcnews.com migration - wayback only; heavy AP-reprint share (flag for wire split)
CBS News,mass,direct,wayback,https://www.cbsnews.com/news/hezbollah-lebanon-explosions-pagers-israel-hamas-war/,"ok 2026-09-06 (1475 p-words, JSON-LD date)",wayback 1172 URLs / 29 days,minimal blocks (GPTBot only among majors),none,no,dated monthly sitemaps xml-sitemap/article-2024-09[-2].xml verified - enumeration gold
NBC News,mass,direct,wayback,https://www.nbcnews.com/news/world/hezbollah-pagers-expolsion-lebanon-handheld-devices-rcna171457,"ok 2026-09-06 (1320 p-words, JSON-LD date)",wayback 5000+ / 32 days,20+ bots blocked incl Archive.org_bot (unenforced),none,no,monthly sitemaps sitemap/nbcnews/sitemap-2024-09-article.xml verified; rcna IDs
New York Times,mass,wayback (live-blogs) + Article Search API (metadata),licensed (API full access / ProQuest TDM) - named plan if bodies needed,https://web.archive.org/web/20240917/https://www.nytimes.com/live/2024/09/17/world/israel-hamas-war-news,partial 2026-09-07: live-blog capture ok (6018 p-words); standard-article captures EXIST per-URL but lead-depth only (flagship capture 20240919000841: 368 p-words of a long investigation); live 403,per-URL captures verified: flagship 2024-09-19 + war-impact 2024-09-18 (2 of 3 tested URLs); CDX enumeration 403-blocked - enumerate via Article Search API,most extensive AI blocks; EU TDM Art.4 cited; archive exclusion ENFORCED for standard articles,metered; live-blogs isAccessibleForFree:true,no - partial documented with plan,three sub-routes: (a) live-blog captures = rich day-of text; (b) standard-article captures = headline+lead records (Ynet flash_or_lead pattern); (c) API metadata for enumeration/completeness; licensed route named if full bodies needed
Washington Post,mass,wayback,headless-browser direct,https://web.archive.org/web/20240917153000/https://www.washingtonpost.com/national-security/2024/09/17/lebanon-pagers-exploding-hezbollah/,"ok 2026-09-06 via capture (902 p-words = full metered text, 47 min post-publish); live fetch times out",wayback 905 URLs / 29 days; CDX prefix queries work,broad AI + IA-bot blocks (unenforced - captures exist),metered; day-of captures carry full text,no,date-path URLs /section/2024/09/17/slug/ via CDX prefix
Yahoo News,mass,direct (browser-UA required),syndication-source mirrors - verified pair: usatoday.com/story/news/world/2024/09/17/hezbollah-pagers-lebanon-attack-israel/75261807007/ = news.yahoo.com/hundreds-hezbollah-pagers-explode-apparent-151059022.html (word-for-word),https://news.yahoo.com/hundreds-hezbollah-pagers-explode-apparent-151059022.html,ok 2026-09-06 with curl browser-UA (1054 p-words); python-UA gets consent/JS shell (EU IP),~zero wayback captures of article pages,AI bots blocked; article paths open to generic crawl,none,no,"now redirects to yahoo.com/news; syndication mirror - enumerate via syndication tracking not sitemaps; reach is the point, not original text"
USA Today,mass,direct,Gannett/Yahoo syndication mirrors,https://www.usatoday.com/story/news/world/2024/09/17/hezbollah-pagers-lebanon-attack-israel/75261807007/,"ok 2026-09-06 (1730 p-words, JSON-LD date)",~zero contemporaneous captures (archive crawlers blocked),~60 bots blocked incl archive crawlers,metered/soft; breaking free,no,date-in-path URLs - live enumeration; no archive backup (collect early)
Associated Press,context (required-baseline),direct (browser-UA required),wayback,https://apnews.com/article/lebanon-hezbollah-israel-exploding-pagers-8893a09816410959b6fe94aec124461b,ok 2026-09-06 with curl browser-UA (8658 p-words); python-UA 403 (CDN),wayback 3000+ / 32 days,article crawl allowed for *; AI bots blocked; open sitemaps,none - free then and now,no,monthly sitemaps back to 2006: ap-sitemap-202409.xml verified; topic hubs
Reuters,context (required-baseline),wayback,licensed (Reuters Connect) if needed,https://web.archive.org/web/20240918155339/https://www.reuters.com/world/middle-east/dozens-hezbollah-members-wounded-lebanon-when-pagers-exploded-sources-witnesses-2024-09-17/,"ok 2026-09-06 via capture (1847 p-words, ungated); live 401 (allowlist robots)",reuters.com/world prefix 3000+ / 33 days,robots verbatim verified 2026-09-07: named allowlist then 'User-agent: * / Allow: /plus/ / Disallow: /'; separately observed HTTP 401 for non-allowlisted UAs,2024: free registration wall; captures ungated,no,date-suffixed slugs ...-2024-09-17/ - CDX enumeration natural
